Clus run hierarchical_dataset
*****************************

Date: 02/01/2026 12:54
File: config_fold1.out
Attributes: 301 (input: 300, output: 1)
Missing values: No

[General]
Verbose = 1
Compatibility = Latest
RandomSeed = 0
ResourceInfoLoaded = No

[Data]
File = T:\ProjetoPython\Grafo\folds\train_fold1.arff
TestSet = T:\ProjetoPython\Grafo\folds\test_fold1.arff
PruneSet = T:\ProjetoPython\Grafo\folds\test_fold1.arff
PruneSetMax = Infinity
XVal = 10
RemoveMissingTarget = No
NormalizeData = None

[Attributes]
Target = 301
Clustering = 301
Descriptive = 1-300
Key = None
Disable = None
Weights = Normalize
ClusteringWeights = 1.0
ReduceMemoryNominalAttrs = No

[Constraints]
Syntactic = None
MaxSize = Infinity
MaxError = 0.0
MaxDepth = Infinity

[Output]
ShowModels = {Default, Pruned, Others}
TrainErrors = Yes
ValidErrors = Yes
TestErrors = Yes
AllFoldModels = Yes
AllFoldErrors = No
AllFoldDatasets = No
UnknownFrequency = No
BranchFrequency = No
ShowInfo = {Count}
PrintModelAndExamples = No
WriteErrorFile = No
WritePredictions = {None}
ModelIDFiles = No
WriteCurves = No
OutputPythonModel = No
OutputDatabaseQueries = No

[Nominal]
MEstimate = 1.0

[Model]
MinimalWeight = 5.0
MinimalNumberExamples = 0
MinimalKnownWeight = 0.0
ParamTuneNumberFolds = 10
ClassWeights = 0.0
NominalSubsetTests = Yes

[Tree]
Heuristic = VarianceReduction
PruningMethod = Default
FTest = 0.001
BinarySplit = Yes
ConvertToRules = No
AlternativeSplits = No
Optimize = {}
MSENominal = No
SplitSampling = None
InductionOrder = DepthFirst

[Hierarchical]
Type = DAG
Distance = WeightedEuclidean
WType = ExpAvgParentWeight
WParam = 0.75
HSeparator = /
EmptySetIndicator = n
OptimizeErrorMeasure = PooledAUPRC
DefinitionFile = None
NoRootPredictions = No
PruneInSig = 0.0
Bonferroni = No
SingleLabel = No
CalculateErrors = Yes
ClassificationThreshold = [0.0,2.0,4.0,6.0,8.0,10.0,12.0,14.0,16.0,18.0,20.0,22.0,24.0,26.0,28.0,30.0,32.0,34.0,36.0,38.0,40.0,42.0,44.0,46.0,48.0,50.0,52.0,54.0,56.0,58.0,60.0,62.0,64.0,66.0,68.0,70.0,72.0,74.0,76.0,78.0,80.0,82.0,84.0,86.0,88.0,90.0,92.0,94.0,96.0,98.0,100.0]
RecallValues = None
EvalClasses = T:\\ProjetoPython\\Grafo\\folds\\evalclasses.txt
MEstimate = No

Run: 01
*******

Statistics
----------

FTValue (FTest): 0.001
Induction Time: 3.27 sec
Pruning Time: 0.011 sec
Model information
     Default: Nodes = 1 (Leaves: 1)
     Original: Nodes = 117 (Leaves: 59)
     T(0.0): Nodes = 117 (Leaves: 59)
     T(2.0): Nodes = 117 (Leaves: 59)
     T(4.0): Nodes = 117 (Leaves: 59)
     T(6.0): Nodes = 117 (Leaves: 59)
     T(8.0): Nodes = 117 (Leaves: 59)
     T(10.0): Nodes = 117 (Leaves: 59)
     T(12.0): Nodes = 117 (Leaves: 59)
     T(14.0): Nodes = 117 (Leaves: 59)
     T(16.0): Nodes = 117 (Leaves: 59)
     T(18.0): Nodes = 117 (Leaves: 59)
     T(20.0): Nodes = 117 (Leaves: 59)
     T(22.0): Nodes = 117 (Leaves: 59)
     T(24.0): Nodes = 117 (Leaves: 59)
     T(26.0): Nodes = 117 (Leaves: 59)
     T(28.0): Nodes = 117 (Leaves: 59)
     T(30.0): Nodes = 117 (Leaves: 59)
     T(32.0): Nodes = 117 (Leaves: 59)
     T(34.0): Nodes = 117 (Leaves: 59)
     T(36.0): Nodes = 117 (Leaves: 59)
     T(38.0): Nodes = 117 (Leaves: 59)
     T(40.0): Nodes = 117 (Leaves: 59)
     T(42.0): Nodes = 117 (Leaves: 59)
     T(44.0): Nodes = 117 (Leaves: 59)
     T(46.0): Nodes = 117 (Leaves: 59)
     T(48.0): Nodes = 117 (Leaves: 59)
     T(50.0): Nodes = 117 (Leaves: 59)
     T(52.0): Nodes = 117 (Leaves: 59)
     T(54.0): Nodes = 117 (Leaves: 59)
     T(56.0): Nodes = 117 (Leaves: 59)
     T(58.0): Nodes = 117 (Leaves: 59)
     T(60.0): Nodes = 117 (Leaves: 59)
     T(62.0): Nodes = 117 (Leaves: 59)
     T(64.0): Nodes = 117 (Leaves: 59)
     T(66.0): Nodes = 117 (Leaves: 59)
     T(68.0): Nodes = 117 (Leaves: 59)
     T(70.0): Nodes = 117 (Leaves: 59)
     T(72.0): Nodes = 117 (Leaves: 59)
     T(74.0): Nodes = 117 (Leaves: 59)
     T(76.0): Nodes = 117 (Leaves: 59)
     T(78.0): Nodes = 117 (Leaves: 59)
     T(80.0): Nodes = 117 (Leaves: 59)
     T(82.0): Nodes = 117 (Leaves: 59)
     T(84.0): Nodes = 117 (Leaves: 59)
     T(86.0): Nodes = 117 (Leaves: 59)
     T(88.0): Nodes = 117 (Leaves: 59)
     T(90.0): Nodes = 117 (Leaves: 59)
     T(92.0): Nodes = 117 (Leaves: 59)
     T(94.0): Nodes = 117 (Leaves: 59)
     T(96.0): Nodes = 117 (Leaves: 59)
     T(98.0): Nodes = 117 (Leaves: 59)
     T(100.0): Nodes = 117 (Leaves: 59)

Training error
--------------

Number of examples: 5668
Hierarchical accuracy by class
   T(0.0)         : precision: 0.025412, recall: 1, coverage: 1, TP: 4033, FP: 154671, nbPos: 4033
      Hatespeech[0], def: 0.2167, prec: 0.2167, rec: 1, TP: 1228, FP: 4440, nbPos: 1228
      Body[1], def: 0.0286, prec: 0.0286, rec: 1, TP: 162, FP: 5506, nbPos: 162
      Fatpeople[2], def: 0.0282, prec: 0.0282, rec: 1, TP: 160, FP: 5508, nbPos: 160
      Fatwomen[3], def: 0, prec: 0, rec: 0, TP: 0, FP: 5668, nbPos: 0
      Uglypeople[2], def: 0.0004, prec: 0.0004, rec: 1, TP: 2, FP: 5666, nbPos: 2
      Uglywomen[3], def: 0, prec: 0, rec: 0, TP: 0, FP: 5668, nbPos: 0
      Homophobia[1], def: 0.0565, prec: 0.0565, rec: 1, TP: 320, FP: 5348, nbPos: 320
      Homossexuals[2], def: 0.0508, prec: 0.0508, rec: 1, TP: 288, FP: 5380, nbPos: 288
      Gays[3], def: 0.0099, prec: 0.0099, rec: 1, TP: 56, FP: 5612, nbPos: 56
      Lesbians[3], def: 0.0409, prec: 0.0409, rec: 1, TP: 232, FP: 5436, nbPos: 232
      Ideology[1], def: 0.0143, prec: 0.0143, rec: 1, TP: 81, FP: 5587, nbPos: 81
      Feminists[2], def: 0.0095, prec: 0.0095, rec: 1, TP: 54, FP: 5614, nbPos: 54
      Leftwingideology[2], def: 0.0046, prec: 0.0046, rec: 1, TP: 26, FP: 5642, nbPos: 26
      Migrants[1], def: 0.0145, prec: 0.0145, rec: 1, TP: 82, FP: 5586, nbPos: 82
      Immigrants[2], def: 0.0026, prec: 0.0026, rec: 1, TP: 15, FP: 5653, nbPos: 15
      Refugees[2], def: 0.0118, prec: 0.0118, rec: 1, TP: 67, FP: 5601, nbPos: 67
      Origin[1], def: 0.0168, prec: 0.0168, rec: 1, TP: 95, FP: 5573, nbPos: 95
      OtherLifestyle[1], def: 0.0032, prec: 0.0032, rec: 1, TP: 18, FP: 5650, nbPos: 18
      Racism[1], def: 0.0152, prec: 0.0152, rec: 1, TP: 86, FP: 5582, nbPos: 86
      Blackpeople[2], def: 0.0081, prec: 0.0081, rec: 1, TP: 46, FP: 5622, nbPos: 46
      Religion[1], def: 0.0042, prec: 0.0042, rec: 1, TP: 24, FP: 5644, nbPos: 24
      Islamists[2], def: 0.0021, prec: 0.0021, rec: 1, TP: 12, FP: 5656, nbPos: 12
      Muslims[2], def: 0.0018, prec: 0.0018, rec: 1, TP: 10, FP: 5658, nbPos: 10
      Sexism[1], def: 0.0861, prec: 0.0861, rec: 1, TP: 488, FP: 5180, nbPos: 488
      Men[2], def: 0.0106, prec: 0.0106, rec: 1, TP: 60, FP: 5608, nbPos: 60
      Transexuals[2], def: 0.0067, prec: 0.0067, rec: 1, TP: 38, FP: 5630, nbPos: 38
      Transwomen[3], def: 0.0044, prec: 0.0044, rec: 1, TP: 25, FP: 5643, nbPos: 25
      Women[2], def: 0.0632, prec: 0.0632, rec: 1, TP: 358, FP: 5310, nbPos: 358
   T(2.0)         : precision: 0.086911, recall: 0.83883, coverage: 1, TP: 3383, FP: 35542, nbPos: 4033
      Hatespeech[0], def: 0.2167, prec: 0.2409, rec: 0.9976, TP: 1225, FP: 3861, nbPos: 1228
      Body[1], def: 0.0286, prec: 0.0436, rec: 0.821, TP: 133, FP: 2914, nbPos: 162
      Fatpeople[2], def: 0.0282, prec: 0.043, rec: 0.8187, TP: 131, FP: 2916, nbPos: 160
      Homophobia[1], def: 0.0565, prec: 0.0652, rec: 1, TP: 320, FP: 4589, nbPos: 320
      Homossexuals[2], def: 0.0508, prec: 0.0598, rec: 1, TP: 288, FP: 4530, nbPos: 288
      Gays[3], def: 0.0099, prec: 0.044, rec: 0.2143, TP: 12, FP: 261, nbPos: 56
      Lesbians[3], def: 0.0409, prec: 0.0651, rec: 0.8793, TP: 204, FP: 2929, nbPos: 232
      Ideology[1], def: 0.0143, prec: 0.0367, rec: 0.3951, TP: 32, FP: 841, nbPos: 81
      Feminists[2], def: 0.0095, prec: 0.0417, rec: 0.3519, TP: 19, FP: 437, nbPos: 54
      Leftwingideology[2], def: 0.0046, prec: 0.0427, rec: 0.1923, TP: 5, FP: 112, nbPos: 26
      Migrants[1], def: 0.0145, prec: 0.0609, rec: 0.3171, TP: 26, FP: 401, nbPos: 82
      Immigrants[2], def: 0.0026, prec: 0.1304, rec: 0.2, TP: 3, FP: 20, nbPos: 15
      Refugees[2], def: 0.0118, prec: 0.0557, rec: 0.2985, TP: 20, FP: 339, nbPos: 67
      Origin[1], def: 0.0168, prec: 0.0638, rec: 0.3263, TP: 31, FP: 455, nbPos: 95
      OtherLifestyle[1], def: 0.0032, prec: 0.0702, rec: 0.2222, TP: 4, FP: 53, nbPos: 18
      Racism[1], def: 0.0152, prec: 0.0492, rec: 0.3372, TP: 29, FP: 560, nbPos: 86
      Blackpeople[2], def: 0.0081, prec: 0.1038, rec: 0.2391, TP: 11, FP: 95, nbPos: 46
      Religion[1], def: 0.0042, prec: 0.0755, rec: 0.1667, TP: 4, FP: 49, nbPos: 24
      Islamists[2], def: 0.0021, prec: 0.12, rec: 0.25, TP: 3, FP: 22, nbPos: 12
      Muslims[2], def: 0.0018, prec: 0.0357, rec: 0.1, TP: 1, FP: 27, nbPos: 10
      Sexism[1], def: 0.0861, prec: 0.0976, rec: 0.9959, TP: 486, FP: 4496, nbPos: 488
      Men[2], def: 0.0106, prec: 0.0448, rec: 0.3833, TP: 23, FP: 490, nbPos: 60
      Transexuals[2], def: 0.0067, prec: 0.0285, rec: 0.2368, TP: 9, FP: 307, nbPos: 38
      Transwomen[3], def: 0.0044, prec: 0.0276, rec: 0.28, TP: 7, FP: 247, nbPos: 25
      Women[2], def: 0.0632, prec: 0.0722, rec: 0.9972, TP: 357, FP: 4591, nbPos: 358
   T(4.0)         : precision: 0.12083, recall: 0.741879, coverage: 1, TP: 2992, FP: 21770, nbPos: 4033
      Hatespeech[0], def: 0.2167, prec: 0.2421, rec: 0.9967, TP: 1224, FP: 3832, nbPos: 1228
      Body[1], def: 0.0286, prec: 0.0752, rec: 0.4691, TP: 76, FP: 934, nbPos: 162
      Fatpeople[2], def: 0.0282, prec: 0.0743, rec: 0.4688, TP: 75, FP: 935, nbPos: 160
      Homophobia[1], def: 0.0565, prec: 0.0858, rec: 0.8594, TP: 275, FP: 2931, nbPos: 320
      Homossexuals[2], def: 0.0508, prec: 0.0791, rec: 0.8646, TP: 249, FP: 2899, nbPos: 288
      Gays[3], def: 0.0099, prec: 0.0909, rec: 0.125, TP: 7, FP: 70, nbPos: 56
      Lesbians[3], def: 0.0409, prec: 0.0944, rec: 0.6466, TP: 150, FP: 1439, nbPos: 232
      Ideology[1], def: 0.0143, prec: 0.0988, rec: 0.1975, TP: 16, FP: 146, nbPos: 81
      Feminists[2], def: 0.0095, prec: 0.1731, rec: 0.1667, TP: 9, FP: 43, nbPos: 54
      Leftwingideology[2], def: 0.0046, prec: 0.1429, rec: 0.1154, TP: 3, FP: 18, nbPos: 26
      Migrants[1], def: 0.0145, prec: 0.0894, rec: 0.2561, TP: 21, FP: 214, nbPos: 82
      Immigrants[2], def: 0.0026, prec: 0.1304, rec: 0.2, TP: 3, FP: 20, nbPos: 15
      Refugees[2], def: 0.0118, prec: 0.1053, rec: 0.209, TP: 14, FP: 119, nbPos: 67
      Origin[1], def: 0.0168, prec: 0.085, rec: 0.2632, TP: 25, FP: 269, nbPos: 95
      OtherLifestyle[1], def: 0.0032, prec: 0.1875, rec: 0.1667, TP: 3, FP: 13, nbPos: 18
      Racism[1], def: 0.0152, prec: 0.0735, rec: 0.2674, TP: 23, FP: 290, nbPos: 86
      Blackpeople[2], def: 0.0081, prec: 0.1038, rec: 0.2391, TP: 11, FP: 95, nbPos: 46
      Religion[1], def: 0.0042, prec: 0.12, rec: 0.125, TP: 3, FP: 22, nbPos: 24
      Islamists[2], def: 0.0021, prec: 0.12, rec: 0.25, TP: 3, FP: 22, nbPos: 12
      Sexism[1], def: 0.0861, prec: 0.0981, rec: 0.9939, TP: 485, FP: 4461, nbPos: 488
      Men[2], def: 0.0106, prec: 0.0982, rec: 0.1833, TP: 11, FP: 101, nbPos: 60
      Transexuals[2], def: 0.0067, prec: 0.0909, rec: 0.0263, TP: 1, FP: 10, nbPos: 38
      Transwomen[3], def: 0.0044, prec: 0.0909, rec: 0.04, TP: 1, FP: 10, nbPos: 25
      Women[2], def: 0.0632, prec: 0.0956, rec: 0.8492, TP: 304, FP: 2877, nbPos: 358
   T(6.0)         : precision: 0.1666, recall: 0.620382, coverage: 1, TP: 2502, FP: 12516, nbPos: 4033
      Hatespeech[0], def: 0.2167, prec: 0.2442, rec: 0.9943, TP: 1221, FP: 3780, nbPos: 1228
      Body[1], def: 0.0286, prec: 0.1014, rec: 0.3025, TP: 49, FP: 434, nbPos: 162
      Fatpeople[2], def: 0.0282, prec: 0.0994, rec: 0.3, TP: 48, FP: 435, nbPos: 160
      Homophobia[1], def: 0.0565, prec: 0.1294, rec: 0.5656, TP: 181, FP: 1218, nbPos: 320
      Homossexuals[2], def: 0.0508, prec: 0.1285, rec: 0.5556, TP: 160, FP: 1085, nbPos: 288
      Gays[3], def: 0.0099, prec: 0.1316, rec: 0.0893, TP: 5, FP: 33, nbPos: 56
      Lesbians[3], def: 0.0409, prec: 0.1669, rec: 0.4353, TP: 101, FP: 504, nbPos: 232
      Ideology[1], def: 0.0143, prec: 0.1644, rec: 0.1481, TP: 12, FP: 61, nbPos: 81
      Feminists[2], def: 0.0095, prec: 0.1731, rec: 0.1667, TP: 9, FP: 43, nbPos: 54
      Leftwingideology[2], def: 0.0046, prec: 0.1429, rec: 0.1154, TP: 3, FP: 18, nbPos: 26
      Migrants[1], def: 0.0145, prec: 0.1485, rec: 0.1829, TP: 15, FP: 86, nbPos: 82
      Immigrants[2], def: 0.0026, prec: 0.1304, rec: 0.2, TP: 3, FP: 20, nbPos: 15
      Refugees[2], def: 0.0118, prec: 0.1263, rec: 0.1791, TP: 12, FP: 83, nbPos: 67
      Origin[1], def: 0.0168, prec: 0.1405, rec: 0.1789, TP: 17, FP: 104, nbPos: 95
      OtherLifestyle[1], def: 0.0032, prec: 0.1875, rec: 0.1667, TP: 3, FP: 13, nbPos: 18
      Racism[1], def: 0.0152, prec: 0.1094, rec: 0.1628, TP: 14, FP: 114, nbPos: 86
      Blackpeople[2], def: 0.0081, prec: 0.1149, rec: 0.2174, TP: 10, FP: 77, nbPos: 46
      Religion[1], def: 0.0042, prec: 0.12, rec: 0.125, TP: 3, FP: 22, nbPos: 24
      Islamists[2], def: 0.0021, prec: 0.12, rec: 0.25, TP: 3, FP: 22, nbPos: 12
      Sexism[1], def: 0.0861, prec: 0.1247, rec: 0.834, TP: 407, FP: 2858, nbPos: 488
      Men[2], def: 0.0106, prec: 0.0982, rec: 0.1833, TP: 11, FP: 101, nbPos: 60
      Transexuals[2], def: 0.0067, prec: 0.0909, rec: 0.0263, TP: 1, FP: 10, nbPos: 38
      Transwomen[3], def: 0.0044, prec: 0.0909, rec: 0.04, TP: 1, FP: 10, nbPos: 25
      Women[2], def: 0.0632, prec: 0.1333, rec: 0.595, TP: 213, FP: 1385, nbPos: 358
   T(8.0)         : precision: 0.20871, recall: 0.538309, coverage: 1, TP: 2171, FP: 8231, nbPos: 4033
      Hatespeech[0], def: 0.2167, prec: 0.2442, rec: 0.9943, TP: 1221, FP: 3780, nbPos: 1228
      Body[1], def: 0.0286, prec: 0.1195, rec: 0.2346, TP: 38, FP: 280, nbPos: 162
      Fatpeople[2], def: 0.0282, prec: 0.1164, rec: 0.2313, TP: 37, FP: 281, nbPos: 160
      Homophobia[1], def: 0.0565, prec: 0.1958, rec: 0.4094, TP: 131, FP: 538, nbPos: 320
      Homossexuals[2], def: 0.0508, prec: 0.1862, rec: 0.4132, TP: 119, FP: 520, nbPos: 288
      Gays[3], def: 0.0099, prec: 0.16, rec: 0.0714, TP: 4, FP: 21, nbPos: 56
      Lesbians[3], def: 0.0409, prec: 0.2868, rec: 0.3276, TP: 76, FP: 189, nbPos: 232
      Ideology[1], def: 0.0143, prec: 0.1644, rec: 0.1481, TP: 12, FP: 61, nbPos: 81
      Feminists[2], def: 0.0095, prec: 0.1731, rec: 0.1667, TP: 9, FP: 43, nbPos: 54
      Leftwingideology[2], def: 0.0046, prec: 0.1429, rec: 0.1154, TP: 3, FP: 18, nbPos: 26
      Migrants[1], def: 0.0145, prec: 0.1857, rec: 0.1585, TP: 13, FP: 57, nbPos: 82
      Immigrants[2], def: 0.0026, prec: 0.1304, rec: 0.2, TP: 3, FP: 20, nbPos: 15
      Refugees[2], def: 0.0118, prec: 0.1562, rec: 0.1493, TP: 10, FP: 54, nbPos: 67
      Origin[1], def: 0.0168, prec: 0.1667, rec: 0.1579, TP: 15, FP: 75, nbPos: 95
      OtherLifestyle[1], def: 0.0032, prec: 0.1875, rec: 0.1667, TP: 3, FP: 13, nbPos: 18
      Racism[1], def: 0.0152, prec: 0.1525, rec: 0.1047, TP: 9, FP: 50, nbPos: 86
      Blackpeople[2], def: 0.0081, prec: 0.1818, rec: 0.1304, TP: 6, FP: 27, nbPos: 46
      Religion[1], def: 0.0042, prec: 0.2, rec: 0.0833, TP: 2, FP: 8, nbPos: 24
      Islamists[2], def: 0.0021, prec: 0.2, rec: 0.1667, TP: 2, FP: 8, nbPos: 12
      Sexism[1], def: 0.0861, prec: 0.174, rec: 0.582, TP: 284, FP: 1348, nbPos: 488
      Men[2], def: 0.0106, prec: 0.1273, rec: 0.1167, TP: 7, FP: 48, nbPos: 60
      Transexuals[2], def: 0.0067, prec: 0.0909, rec: 0.0263, TP: 1, FP: 10, nbPos: 38
      Transwomen[3], def: 0.0044, prec: 0.0909, rec: 0.04, TP: 1, FP: 10, nbPos: 25
      Women[2], def: 0.0632, prec: 0.1761, rec: 0.4609, TP: 165, FP: 772, nbPos: 358
   T(10.0)        : precision: 0.217974, recall: 0.520208, coverage: 1, TP: 2098, FP: 7527, nbPos: 4033
      Hatespeech[0], def: 0.2167, prec: 0.2442, rec: 0.9943, TP: 1221, FP: 3780, nbPos: 1228
      Body[1], def: 0.0286, prec: 0.1216, rec: 0.2222, TP: 36, FP: 260, nbPos: 162
      Fatpeople[2], def: 0.0282, prec: 0.2075, rec: 0.0688, TP: 11, FP: 42, nbPos: 160
      Homophobia[1], def: 0.0565, prec: 0.1997, rec: 0.4031, TP: 129, FP: 517, nbPos: 320
      Homossexuals[2], def: 0.0508, prec: 0.252, rec: 0.3299, TP: 95, FP: 282, nbPos: 288
      Gays[3], def: 0.0099, prec: 0.16, rec: 0.0714, TP: 4, FP: 21, nbPos: 56
      Lesbians[3], def: 0.0409, prec: 0.2953, rec: 0.3233, TP: 75, FP: 179, nbPos: 232
      Ideology[1], def: 0.0143, prec: 0.1774, rec: 0.1358, TP: 11, FP: 51, nbPos: 81
      Feminists[2], def: 0.0095, prec: 0.1731, rec: 0.1667, TP: 9, FP: 43, nbPos: 54
      Leftwingideology[2], def: 0.0046, prec: 0.2, rec: 0.0769, TP: 2, FP: 8, nbPos: 26
      Migrants[1], def: 0.0145, prec: 0.1857, rec: 0.1585, TP: 13, FP: 57, nbPos: 82
      Immigrants[2], def: 0.0026, prec: 0.1304, rec: 0.2, TP: 3, FP: 20, nbPos: 15
      Refugees[2], def: 0.0118, prec: 0.1562, rec: 0.1493, TP: 10, FP: 54, nbPos: 67
      Origin[1], def: 0.0168, prec: 0.1795, rec: 0.1474, TP: 14, FP: 64, nbPos: 95
      OtherLifestyle[1], def: 0.0032, prec: 0.4, rec: 0.1111, TP: 2, FP: 3, nbPos: 18
      Racism[1], def: 0.0152, prec: 0.1525, rec: 0.1047, TP: 9, FP: 50, nbPos: 86
      Blackpeople[2], def: 0.0081, prec: 0.1818, rec: 0.1304, TP: 6, FP: 27, nbPos: 46
      Religion[1], def: 0.0042, prec: 0.2, rec: 0.0833, TP: 2, FP: 8, nbPos: 24
      Islamists[2], def: 0.0021, prec: 0.2, rec: 0.1667, TP: 2, FP: 8, nbPos: 12
      Sexism[1], def: 0.0861, prec: 0.1767, rec: 0.5717, TP: 279, FP: 1300, nbPos: 488
      Men[2], def: 0.0106, prec: 0.1667, rec: 0.0667, TP: 4, FP: 20, nbPos: 60
      Women[2], def: 0.0632, prec: 0.1801, rec: 0.4497, TP: 161, FP: 733, nbPos: 358
   T(12.0)        : precision: 0.241336, recall: 0.476568, coverage: 1, TP: 1922, FP: 6042, nbPos: 4033
      Hatespeech[0], def: 0.2167, prec: 0.2442, rec: 0.9943, TP: 1221, FP: 3780, nbPos: 1228
      Body[1], def: 0.0286, prec: 0.2075, rec: 0.0679, TP: 11, FP: 42, nbPos: 162
      Fatpeople[2], def: 0.0282, prec: 0.2075, rec: 0.0688, TP: 11, FP: 42, nbPos: 160
      Homophobia[1], def: 0.0565, prec: 0.3171, rec: 0.2844, TP: 91, FP: 196, nbPos: 320
      Homossexuals[2], def: 0.0508, prec: 0.3123, rec: 0.2917, TP: 84, FP: 185, nbPos: 288
      Gays[3], def: 0.0099, prec: 0.2, rec: 0.0536, TP: 3, FP: 12, nbPos: 56
      Lesbians[3], def: 0.0409, prec: 0.2953, rec: 0.3233, TP: 75, FP: 179, nbPos: 232
      Ideology[1], def: 0.0143, prec: 0.1774, rec: 0.1358, TP: 11, FP: 51, nbPos: 81
      Feminists[2], def: 0.0095, prec: 0.1731, rec: 0.1667, TP: 9, FP: 43, nbPos: 54
      Leftwingideology[2], def: 0.0046, prec: 0.2, rec: 0.0769, TP: 2, FP: 8, nbPos: 26
      Migrants[1], def: 0.0145, prec: 0.2381, rec: 0.122, TP: 10, FP: 32, nbPos: 82
      Immigrants[2], def: 0.0026, prec: 0.1538, rec: 0.1333, TP: 2, FP: 11, nbPos: 15
      Refugees[2], def: 0.0118, prec: 0.2308, rec: 0.0896, TP: 6, FP: 20, nbPos: 67
      Origin[1], def: 0.0168, prec: 0.22, rec: 0.1158, TP: 11, FP: 39, nbPos: 95
      OtherLifestyle[1], def: 0.0032, prec: 0.4, rec: 0.1111, TP: 2, FP: 3, nbPos: 18
      Racism[1], def: 0.0152, prec: 0.175, rec: 0.0814, TP: 7, FP: 33, nbPos: 86
      Blackpeople[2], def: 0.0081, prec: 0.1818, rec: 0.1304, TP: 6, FP: 27, nbPos: 46
      Religion[1], def: 0.0042, prec: 0.2, rec: 0.0833, TP: 2, FP: 8, nbPos: 24
      Islamists[2], def: 0.0021, prec: 0.2, rec: 0.1667, TP: 2, FP: 8, nbPos: 12
      Sexism[1], def: 0.0861, prec: 0.2273, rec: 0.4262, TP: 208, FP: 707, nbPos: 488
      Men[2], def: 0.0106, prec: 0.1667, rec: 0.0667, TP: 4, FP: 20, nbPos: 60
      Women[2], def: 0.0632, prec: 0.1946, rec: 0.4022, TP: 144, FP: 596, nbPos: 358
   T(14.0)        : precision: 0.281982, recall: 0.4121, coverage: 1, TP: 1662, FP: 4232, nbPos: 4033
      Hatespeech[0], def: 0.2167, prec: 0.3028, rec: 0.8282, TP: 1017, FP: 2342, nbPos: 1228
      Body[1], def: 0.0286, prec: 0.2075, rec: 0.0679, TP: 11, FP: 42, nbPos: 162
      Fatpeople[2], def: 0.0282, prec: 0.2075, rec: 0.0688, TP: 11, FP: 42, nbPos: 160
      Homophobia[1], def: 0.0565, prec: 0.3171, rec: 0.2844, TP: 91, FP: 196, nbPos: 320
      Homossexuals[2], def: 0.0508, prec: 0.3123, rec: 0.2917, TP: 84, FP: 185, nbPos: 288
      Gays[3], def: 0.0099, prec: 0.2, rec: 0.0536, TP: 3, FP: 12, nbPos: 56
      Lesbians[3], def: 0.0409, prec: 0.3241, rec: 0.3017, TP: 70, FP: 146, nbPos: 232
      Ideology[1], def: 0.0143, prec: 0.2051, rec: 0.0988, TP: 8, FP: 31, nbPos: 81
      Feminists[2], def: 0.0095, prec: 0.2069, rec: 0.1111, TP: 6, FP: 23, nbPos: 54
      Leftwingideology[2], def: 0.0046, prec: 0.2, rec: 0.0769, TP: 2, FP: 8, nbPos: 26
      Migrants[1], def: 0.0145, prec: 0.2647, rec: 0.1098, TP: 9, FP: 25, nbPos: 82
      Immigrants[2], def: 0.0026, prec: 0.1538, rec: 0.1333, TP: 2, FP: 11, nbPos: 15
      Refugees[2], def: 0.0118, prec: 0.2778, rec: 0.0746, TP: 5, FP: 13, nbPos: 67
      Origin[1], def: 0.0168, prec: 0.2647, rec: 0.0947, TP: 9, FP: 25, nbPos: 95
      OtherLifestyle[1], def: 0.0032, prec: 0.4, rec: 0.1111, TP: 2, FP: 3, nbPos: 18
      Racism[1], def: 0.0152, prec: 0.2, rec: 0.0581, TP: 5, FP: 20, nbPos: 86
      Blackpeople[2], def: 0.0081, prec: 0.2222, rec: 0.087, TP: 4, FP: 14, nbPos: 46
      Religion[1], def: 0.0042, prec: 0.2, rec: 0.0833, TP: 2, FP: 8, nbPos: 24
      Islamists[2], def: 0.0021, prec: 0.2, rec: 0.1667, TP: 2, FP: 8, nbPos: 12
      Sexism[1], def: 0.0861, prec: 0.2298, rec: 0.4201, TP: 205, FP: 687, nbPos: 488
      Men[2], def: 0.0106, prec: 0.1875, rec: 0.05, TP: 3, FP: 13, nbPos: 60
      Women[2], def: 0.0632, prec: 0.227, rec: 0.3101, TP: 111, FP: 378, nbPos: 358
   T(16.0)        : precision: 0.294545, recall: 0.392264, coverage: 1, TP: 1582, FP: 3789, nbPos: 4033
      Hatespeech[0], def: 0.2167, prec: 0.304, rec: 0.8249, TP: 1013, FP: 2319, nbPos: 1228
      Body[1], def: 0.0286, prec: 0.2075, rec: 0.0679, TP: 11, FP: 42, nbPos: 162
      Fatpeople[2], def: 0.0282, prec: 0.2075, rec: 0.0688, TP: 11, FP: 42, nbPos: 160
      Homophobia[1], def: 0.0565, prec: 0.3214, rec: 0.2812, TP: 90, FP: 190, nbPos: 320
      Homossexuals[2], def: 0.0508, prec: 0.3377, rec: 0.2708, TP: 78, FP: 153, nbPos: 288
      Gays[3], def: 0.0099, prec: 0.2, rec: 0.0536, TP: 3, FP: 12, nbPos: 56
      Lesbians[3], def: 0.0409, prec: 0.3961, rec: 0.2629, TP: 61, FP: 93, nbPos: 232
      Ideology[1], def: 0.0143, prec: 0.2051, rec: 0.0988, TP: 8, FP: 31, nbPos: 81
      Feminists[2], def: 0.0095, prec: 0.2069, rec: 0.1111, TP: 6, FP: 23, nbPos: 54
      Leftwingideology[2], def: 0.0046, prec: 0.2, rec: 0.0769, TP: 2, FP: 8, nbPos: 26
      Migrants[1], def: 0.0145, prec: 0.2647, rec: 0.1098, TP: 9, FP: 25, nbPos: 82
      Immigrants[2], def: 0.0026, prec: 0.1667, rec: 0.0667, TP: 1, FP: 5, nbPos: 15
      Refugees[2], def: 0.0118, prec: 0.2778, rec: 0.0746, TP: 5, FP: 13, nbPos: 67
      Origin[1], def: 0.0168, prec: 0.2647, rec: 0.0947, TP: 9, FP: 25, nbPos: 95
      OtherLifestyle[1], def: 0.0032, prec: 0.4, rec: 0.1111, TP: 2, FP: 3, nbPos: 18
      Racism[1], def: 0.0152, prec: 0.2727, rec: 0.0349, TP: 3, FP: 8, nbPos: 86
      Blackpeople[2], def: 0.0081, prec: 0.2727, rec: 0.0652, TP: 3, FP: 8, nbPos: 46
      Religion[1], def: 0.0042, prec: 0.2, rec: 0.0833, TP: 2, FP: 8, nbPos: 24
      Islamists[2], def: 0.0021, prec: 0.2, rec: 0.1667, TP: 2, FP: 8, nbPos: 12
      Sexism[1], def: 0.0861, prec: 0.2806, rec: 0.3053, TP: 149, FP: 382, nbPos: 488
      Men[2], def: 0.0106, prec: 0.1875, rec: 0.05, TP: 3, FP: 13, nbPos: 60
      Women[2], def: 0.0632, prec: 0.227, rec: 0.3101, TP: 111, FP: 378, nbPos: 358
   T(18.0)        : precision: 0.30227, recall: 0.379618, coverage: 1, TP: 1531, FP: 3534, nbPos: 4033
      Hatespeech[0], def: 0.2167, prec: 0.304, rec: 0.8249, TP: 1013, FP: 2319, nbPos: 1228
      Body[1], def: 0.0286, prec: 0.2195, rec: 0.0556, TP: 9, FP: 32, nbPos: 162
      Fatpeople[2], def: 0.0282, prec: 0.2195, rec: 0.0563, TP: 9, FP: 32, nbPos: 160
      Homophobia[1], def: 0.0565, prec: 0.3726, rec: 0.2469, TP: 79, FP: 133, nbPos: 320
      Homossexuals[2], def: 0.0508, prec: 0.411, rec: 0.2326, TP: 67, FP: 96, nbPos: 288
      Gays[3], def: 0.0099, prec: 0.2, rec: 0.0536, TP: 3, FP: 12, nbPos: 56
      Lesbians[3], def: 0.0409, prec: 0.4054, rec: 0.2586, TP: 60, FP: 88, nbPos: 232
      Ideology[1], def: 0.0143, prec: 0.2222, rec: 0.0741, TP: 6, FP: 21, nbPos: 81
      Feminists[2], def: 0.0095, prec: 0.2353, rec: 0.0741, TP: 4, FP: 13, nbPos: 54
      Leftwingideology[2], def: 0.0046, prec: 0.2, rec: 0.0769, TP: 2, FP: 8, nbPos: 26
      Migrants[1], def: 0.0145, prec: 0.3182, rec: 0.0854, TP: 7, FP: 15, nbPos: 82
      Refugees[2], def: 0.0118, prec: 0.3333, rec: 0.0597, TP: 4, FP: 8, nbPos: 67
      Origin[1], def: 0.0168, prec: 0.3182, rec: 0.0737, TP: 7, FP: 15, nbPos: 95
      OtherLifestyle[1], def: 0.0032, prec: 0.4, rec: 0.1111, TP: 2, FP: 3, nbPos: 18
      Racism[1], def: 0.0152, prec: 0.2727, rec: 0.0349, TP: 3, FP: 8, nbPos: 86
      Blackpeople[2], def: 0.0081, prec: 0.2727, rec: 0.0652, TP: 3, FP: 8, nbPos: 46
      Religion[1], def: 0.0042, prec: 0.2, rec: 0.0833, TP: 2, FP: 8, nbPos: 24
      Islamists[2], def: 0.0021, prec: 0.2, rec: 0.1667, TP: 2, FP: 8, nbPos: 12
      Sexism[1], def: 0.0861, prec: 0.2806, rec: 0.3053, TP: 149, FP: 382, nbPos: 488
      Men[2], def: 0.0106, prec: 0.2, rec: 0.0333, TP: 2, FP: 8, nbPos: 60
      Women[2], def: 0.0632, prec: 0.2361, rec: 0.2737, TP: 98, FP: 317, nbPos: 358
   T(20.0)        : precision: 0.305051, recall: 0.374411, coverage: 1, TP: 1510, FP: 3440, nbPos: 4033
      Hatespeech[0], def: 0.2167, prec: 0.304, rec: 0.8249, TP: 1013, FP: 2319, nbPos: 1228
      Body[1], def: 0.0286, prec: 0.2333, rec: 0.0432, TP: 7, FP: 23, nbPos: 162
      Fatpeople[2], def: 0.0282, prec: 0.2333, rec: 0.0437, TP: 7, FP: 23, nbPos: 160
      Homophobia[1], def: 0.0565, prec: 0.4138, rec: 0.225, TP: 72, FP: 102, nbPos: 320
      Homossexuals[2], def: 0.0508, prec: 0.411, rec: 0.2326, TP: 67, FP: 96, nbPos: 288
      Gays[3], def: 0.0099, prec: 0.2, rec: 0.0536, TP: 3, FP: 12, nbPos: 56
      Lesbians[3], def: 0.0409, prec: 0.4054, rec: 0.2586, TP: 60, FP: 88, nbPos: 232
      Ideology[1], def: 0.0143, prec: 0.25, rec: 0.0494, TP: 4, FP: 12, nbPos: 81
      Feminists[2], def: 0.0095, prec: 0.3333, rec: 0.037, TP: 2, FP: 4, nbPos: 54
      Leftwingideology[2], def: 0.0046, prec: 0.2, rec: 0.0769, TP: 2, FP: 8, nbPos: 26
      Migrants[1], def: 0.0145, prec: 0.3182, rec: 0.0854, TP: 7, FP: 15, nbPos: 82
      Refugees[2], def: 0.0118, prec: 0.3333, rec: 0.0597, TP: 4, FP: 8, nbPos: 67
      Origin[1], def: 0.0168, prec: 0.3182, rec: 0.0737, TP: 7, FP: 15, nbPos: 95
      OtherLifestyle[1], def: 0.0032, prec: 0.4, rec: 0.1111, TP: 2, FP: 3, nbPos: 18
      Racism[1], def: 0.0152, prec: 0.2727, rec: 0.0349, TP: 3, FP: 8, nbPos: 86
      Blackpeople[2], def: 0.0081, prec: 0.2727, rec: 0.0652, TP: 3, FP: 8, nbPos: 46
      Religion[1], def: 0.0042, prec: 0.2, rec: 0.0833, TP: 2, FP: 8, nbPos: 24
      Islamists[2], def: 0.0021, prec: 0.2, rec: 0.1667, TP: 2, FP: 8, nbPos: 12
      Sexism[1], def: 0.0861, prec: 0.2827, rec: 0.3012, TP: 147, FP: 373, nbPos: 488
      Men[2], def: 0.0106, prec: 0.2, rec: 0.0333, TP: 2, FP: 8, nbPos: 60
      Women[2], def: 0.0632, prec: 0.2392, rec: 0.2626, TP: 94, FP: 299, nbPos: 358
   T(22.0)        : precision: 0.379653, recall: 0.265559, coverage: 1, TP: 1071, FP: 1750, nbPos: 4033
      Hatespeech[0], def: 0.2167, prec: 0.3891, rec: 0.5603, TP: 688, FP: 1080, nbPos: 1228
      Body[1], def: 0.0286, prec: 0.4, rec: 0.0123, TP: 2, FP: 3, nbPos: 162
      Fatpeople[2], def: 0.0282, prec: 0.4, rec: 0.0125, TP: 2, FP: 3, nbPos: 160
      Homophobia[1], def: 0.0565, prec: 0.4643, rec: 0.2031, TP: 65, FP: 75, nbPos: 320
      Homossexuals[2], def: 0.0508, prec: 0.4874, rec: 0.2014, TP: 58, FP: 61, nbPos: 288
      Lesbians[3], def: 0.0409, prec: 0.4771, rec: 0.2241, TP: 52, FP: 57, nbPos: 232
      Ideology[1], def: 0.0143, prec: 0.3333, rec: 0.0247, TP: 2, FP: 4, nbPos: 81
      Feminists[2], def: 0.0095, prec: 0.3333, rec: 0.037, TP: 2, FP: 4, nbPos: 54
      Migrants[1], def: 0.0145, prec: 0.5714, rec: 0.0488, TP: 4, FP: 3, nbPos: 82
      Refugees[2], def: 0.0118, prec: 0.4286, rec: 0.0448, TP: 3, FP: 4, nbPos: 67
      Origin[1], def: 0.0168, prec: 0.5714, rec: 0.0421, TP: 4, FP: 3, nbPos: 95
      OtherLifestyle[1], def: 0.0032, prec: 0.4, rec: 0.1111, TP: 2, FP: 3, nbPos: 18
      Racism[1], def: 0.0152, prec: 0.3333, rec: 0.0233, TP: 2, FP: 4, nbPos: 86
      Blackpeople[2], def: 0.0081, prec: 0.3333, rec: 0.0435, TP: 2, FP: 4, nbPos: 46
      Sexism[1], def: 0.0861, prec: 0.2869, rec: 0.291, TP: 142, FP: 353, nbPos: 488
      Women[2], def: 0.0632, prec: 0.3154, rec: 0.1145, TP: 41, FP: 89, nbPos: 358
   T(24.0)        : precision: 0.381362, recall: 0.263823, coverage: 1, TP: 1064, FP: 1726, nbPos: 4033
      Hatespeech[0], def: 0.2167, prec: 0.3891, rec: 0.5603, TP: 688, FP: 1080, nbPos: 1228
      Body[1], def: 0.0286, prec: 0.4, rec: 0.0123, TP: 2, FP: 3, nbPos: 162
      Fatpeople[2], def: 0.0282, prec: 0.4, rec: 0.0125, TP: 2, FP: 3, nbPos: 160
      Homophobia[1], def: 0.0565, prec: 0.4643, rec: 0.2031, TP: 65, FP: 75, nbPos: 320
      Homossexuals[2], def: 0.0508, prec: 0.4874, rec: 0.2014, TP: 58, FP: 61, nbPos: 288
      Lesbians[3], def: 0.0409, prec: 0.4771, rec: 0.2241, TP: 52, FP: 57, nbPos: 232
      Ideology[1], def: 0.0143, prec: 0.3333, rec: 0.0247, TP: 2, FP: 4, nbPos: 81
      Feminists[2], def: 0.0095, prec: 0.3333, rec: 0.037, TP: 2, FP: 4, nbPos: 54
      Migrants[1], def: 0.0145, prec: 0.5714, rec: 0.0488, TP: 4, FP: 3, nbPos: 82
      Refugees[2], def: 0.0118, prec: 0.4286, rec: 0.0448, TP: 3, FP: 4, nbPos: 67
      Origin[1], def: 0.0168, prec: 0.5714, rec: 0.0421, TP: 4, FP: 3, nbPos: 95
      OtherLifestyle[1], def: 0.0032, prec: 0.4, rec: 0.1111, TP: 2, FP: 3, nbPos: 18
      Racism[1], def: 0.0152, prec: 0.3333, rec: 0.0233, TP: 2, FP: 4, nbPos: 86
      Blackpeople[2], def: 0.0081, prec: 0.3333, rec: 0.0435, TP: 2, FP: 4, nbPos: 46
      Sexism[1], def: 0.0861, prec: 0.2909, rec: 0.2766, TP: 135, FP: 329, nbPos: 488
      Women[2], def: 0.0632, prec: 0.3154, rec: 0.1145, TP: 41, FP: 89, nbPos: 358
   T(26.0)        : precision: 0.425562, recall: 0.220431, coverage: 1, TP: 889, FP: 1200, nbPos: 4033
      Hatespeech[0], def: 0.2167, prec: 0.429, rec: 0.4821, TP: 592, FP: 788, nbPos: 1228
      Body[1], def: 0.0286, prec: 0.4, rec: 0.0123, TP: 2, FP: 3, nbPos: 162
      Fatpeople[2], def: 0.0282, prec: 0.4, rec: 0.0125, TP: 2, FP: 3, nbPos: 160
      Homophobia[1], def: 0.0565, prec: 0.4643, rec: 0.2031, TP: 65, FP: 75, nbPos: 320
      Homossexuals[2], def: 0.0508, prec: 0.4874, rec: 0.2014, TP: 58, FP: 61, nbPos: 288
      Lesbians[3], def: 0.0409, prec: 0.4771, rec: 0.2241, TP: 52, FP: 57, nbPos: 232
      Ideology[1], def: 0.0143, prec: 0.3333, rec: 0.0247, TP: 2, FP: 4, nbPos: 81
      Feminists[2], def: 0.0095, prec: 0.3333, rec: 0.037, TP: 2, FP: 4, nbPos: 54
      Migrants[1], def: 0.0145, prec: 0.5714, rec: 0.0488, TP: 4, FP: 3, nbPos: 82
      Refugees[2], def: 0.0118, prec: 0.4286, rec: 0.0448, TP: 3, FP: 4, nbPos: 67
      Origin[1], def: 0.0168, prec: 0.5714, rec: 0.0421, TP: 4, FP: 3, nbPos: 95
      OtherLifestyle[1], def: 0.0032, prec: 0.4, rec: 0.1111, TP: 2, FP: 3, nbPos: 18
      Racism[1], def: 0.0152, prec: 0.3333, rec: 0.0233, TP: 2, FP: 4, nbPos: 86
      Blackpeople[2], def: 0.0081, prec: 0.3333, rec: 0.0435, TP: 2, FP: 4, nbPos: 46
      Sexism[1], def: 0.0861, prec: 0.3648, rec: 0.1189, TP: 58, FP: 101, nbPos: 488
      Women[2], def: 0.0632, prec: 0.3197, rec: 0.1089, TP: 39, FP: 83, nbPos: 358
   T(28.0)        : precision: 0.454855, recall: 0.198611, coverage: 1, TP: 801, FP: 960, nbPos: 4033
      Hatespeech[0], def: 0.2167, prec: 0.4642, rec: 0.4275, TP: 525, FP: 606, nbPos: 1228
      Body[1], def: 0.0286, prec: 0.4, rec: 0.0123, TP: 2, FP: 3, nbPos: 162
      Fatpeople[2], def: 0.0282, prec: 0.4, rec: 0.0125, TP: 2, FP: 3, nbPos: 160
      Homophobia[1], def: 0.0565, prec: 0.488, rec: 0.1906, TP: 61, FP: 64, nbPos: 320
      Homossexuals[2], def: 0.0508, prec: 0.4874, rec: 0.2014, TP: 58, FP: 61, nbPos: 288
      Lesbians[3], def: 0.0409, prec: 0.4771, rec: 0.2241, TP: 52, FP: 57, nbPos: 232
      Ideology[1], def: 0.0143, prec: 0.3333, rec: 0.0247, TP: 2, FP: 4, nbPos: 81
      Feminists[2], def: 0.0095, prec: 0.3333, rec: 0.037, TP: 2, FP: 4, nbPos: 54
      Migrants[1], def: 0.0145, prec: 0.5714, rec: 0.0488, TP: 4, FP: 3, nbPos: 82
      Refugees[2], def: 0.0118, prec: 0.4286, rec: 0.0448, TP: 3, FP: 4, nbPos: 67
      Origin[1], def: 0.0168, prec: 0.5714, rec: 0.0421, TP: 4, FP: 3, nbPos: 95
      OtherLifestyle[1], def: 0.0032, prec: 0.4, rec: 0.1111, TP: 2, FP: 3, nbPos: 18
      Racism[1], def: 0.0152, prec: 0.3333, rec: 0.0233, TP: 2, FP: 4, nbPos: 86
      Blackpeople[2], def: 0.0081, prec: 0.3333, rec: 0.0435, TP: 2, FP: 4, nbPos: 46
      Sexism[1], def: 0.0861, prec: 0.3876, rec: 0.1025, TP: 50, FP: 79, nbPos: 488
      Women[2], def: 0.0632, prec: 0.3409, rec: 0.0838, TP: 30, FP: 58, nbPos: 358
   T(30.0)        : precision: 0.474921, recall: 0.18547, coverage: 1, TP: 748, FP: 827, nbPos: 4033
      Hatespeech[0], def: 0.2167, prec: 0.4798, rec: 0.4072, TP: 500, FP: 542, nbPos: 1228
      Body[1], def: 0.0286, prec: 0.4, rec: 0.0123, TP: 2, FP: 3, nbPos: 162
      Fatpeople[2], def: 0.0282, prec: 0.4, rec: 0.0125, TP: 2, FP: 3, nbPos: 160
      Homophobia[1], def: 0.0565, prec: 0.488, rec: 0.1906, TP: 61, FP: 64, nbPos: 320
      Homossexuals[2], def: 0.0508, prec: 0.4874, rec: 0.2014, TP: 58, FP: 61, nbPos: 288
      Lesbians[3], def: 0.0409, prec: 0.5882, rec: 0.1724, TP: 40, FP: 28, nbPos: 232
      Ideology[1], def: 0.0143, prec: 0.3333, rec: 0.0247, TP: 2, FP: 4, nbPos: 81
      Feminists[2], def: 0.0095, prec: 0.3333, rec: 0.037, TP: 2, FP: 4, nbPos: 54
      Migrants[1], def: 0.0145, prec: 0.5714, rec: 0.0488, TP: 4, FP: 3, nbPos: 82
      Refugees[2], def: 0.0118, prec: 0.4286, rec: 0.0448, TP: 3, FP: 4, nbPos: 67
      Origin[1], def: 0.0168, prec: 0.5714, rec: 0.0421, TP: 4, FP: 3, nbPos: 95
      OtherLifestyle[1], def: 0.0032, prec: 0.4, rec: 0.1111, TP: 2, FP: 3, nbPos: 18
      Racism[1], def: 0.0152, prec: 0.3333, rec: 0.0233, TP: 2, FP: 4, nbPos: 86
      Blackpeople[2], def: 0.0081, prec: 0.3333, rec: 0.0435, TP: 2, FP: 4, nbPos: 46
      Sexism[1], def: 0.0861, prec: 0.4, rec: 0.0943, TP: 46, FP: 69, nbPos: 488
      Women[2], def: 0.0632, prec: 0.3913, rec: 0.0503, TP: 18, FP: 28, nbPos: 358
   T(32.0)        : precision: 0.490934, recall: 0.17456, coverage: 1, TP: 704, FP: 730, nbPos: 4033
      Hatespeech[0], def: 0.2167, prec: 0.4798, rec: 0.4072, TP: 500, FP: 542, nbPos: 1228
      Body[1], def: 0.0286, prec: 0.4, rec: 0.0123, TP: 2, FP: 3, nbPos: 162
      Fatpeople[2], def: 0.0282, prec: 0.4, rec: 0.0125, TP: 2, FP: 3, nbPos: 160
      Homophobia[1], def: 0.0565, prec: 0.6081, rec: 0.1406, TP: 45, FP: 29, nbPos: 320
      Homossexuals[2], def: 0.0508, prec: 0.6176, rec: 0.1458, TP: 42, FP: 26, nbPos: 288
      Lesbians[3], def: 0.0409, prec: 0.6545, rec: 0.1552, TP: 36, FP: 19, nbPos: 232
      Ideology[1], def: 0.0143, prec: 0.3333, rec: 0.0247, TP: 2, FP: 4, nbPos: 81
      Feminists[2], def: 0.0095, prec: 0.3333, rec: 0.037, TP: 2, FP: 4, nbPos: 54
      Migrants[1], def: 0.0145, prec: 0.5714, rec: 0.0488, TP: 4, FP: 3, nbPos: 82
      Refugees[2], def: 0.0118, prec: 0.4286, rec: 0.0448, TP: 3, FP: 4, nbPos: 67
      Origin[1], def: 0.0168, prec: 0.5714, rec: 0.0421, TP: 4, FP: 3, nbPos: 95
      OtherLifestyle[1], def: 0.0032, prec: 0.4, rec: 0.1111, TP: 2, FP: 3, nbPos: 18
      Racism[1], def: 0.0152, prec: 0.3333, rec: 0.0233, TP: 2, FP: 4, nbPos: 86
      Blackpeople[2], def: 0.0081, prec: 0.3333, rec: 0.0435, TP: 2, FP: 4, nbPos: 46
      Sexism[1], def: 0.0861, prec: 0.4118, rec: 0.0861, TP: 42, FP: 60, nbPos: 488
      Women[2], def: 0.0632, prec: 0.4242, rec: 0.0391, TP: 14, FP: 19, nbPos: 358
   T(34.0)        : precision: 0.504539, recall: 0.165386, coverage: 1, TP: 667, FP: 655, nbPos: 4033
      Hatespeech[0], def: 0.2167, prec: 0.4865, rec: 0.3958, TP: 486, FP: 513, nbPos: 1228
      Body[1], def: 0.0286, prec: 0.4, rec: 0.0123, TP: 2, FP: 3, nbPos: 162
      Fatpeople[2], def: 0.0282, prec: 0.4, rec: 0.0125, TP: 2, FP: 3, nbPos: 160
      Homophobia[1], def: 0.0565, prec: 0.6324, rec: 0.1344, TP: 43, FP: 25, nbPos: 320
      Homossexuals[2], def: 0.0508, prec: 0.6176, rec: 0.1458, TP: 42, FP: 26, nbPos: 288
      Lesbians[3], def: 0.0409, prec: 0.6545, rec: 0.1552, TP: 36, FP: 19, nbPos: 232
      Migrants[1], def: 0.0145, prec: 0.5714, rec: 0.0488, TP: 4, FP: 3, nbPos: 82
      Refugees[2], def: 0.0118, prec: 0.4286, rec: 0.0448, TP: 3, FP: 4, nbPos: 67
      Origin[1], def: 0.0168, prec: 0.5714, rec: 0.0421, TP: 4, FP: 3, nbPos: 95
      OtherLifestyle[1], def: 0.0032, prec: 0.4, rec: 0.1111, TP: 2, FP: 3, nbPos: 18
      Sexism[1], def: 0.0861, prec: 0.4493, rec: 0.0635, TP: 31, FP: 38, nbPos: 488
      Women[2], def: 0.0632, prec: 0.4444, rec: 0.0335, TP: 12, FP: 15, nbPos: 358
   T(36.0)        : precision: 0.509375, recall: 0.161666, coverage: 1, TP: 652, FP: 628, nbPos: 4033
      Hatespeech[0], def: 0.2167, prec: 0.4883, rec: 0.3917, TP: 481, FP: 504, nbPos: 1228
      Body[1], def: 0.0286, prec: 0.4, rec: 0.0123, TP: 2, FP: 3, nbPos: 162
      Fatpeople[2], def: 0.0282, prec: 0.4, rec: 0.0125, TP: 2, FP: 3, nbPos: 160
      Homophobia[1], def: 0.0565, prec: 0.6324, rec: 0.1344, TP: 43, FP: 25, nbPos: 320
      Homossexuals[2], def: 0.0508, prec: 0.6176, rec: 0.1458, TP: 42, FP: 26, nbPos: 288
      Lesbians[3], def: 0.0409, prec: 0.6545, rec: 0.1552, TP: 36, FP: 19, nbPos: 232
      Migrants[1], def: 0.0145, prec: 0.5714, rec: 0.0488, TP: 4, FP: 3, nbPos: 82
      Refugees[2], def: 0.0118, prec: 0.4286, rec: 0.0448, TP: 3, FP: 4, nbPos: 67
      Origin[1], def: 0.0168, prec: 0.5714, rec: 0.0421, TP: 4, FP: 3, nbPos: 95
      OtherLifestyle[1], def: 0.0032, prec: 0.4, rec: 0.1111, TP: 2, FP: 3, nbPos: 18
      Sexism[1], def: 0.0861, prec: 0.5122, rec: 0.043, TP: 21, FP: 20, nbPos: 488
      Women[2], def: 0.0632, prec: 0.4444, rec: 0.0335, TP: 12, FP: 15, nbPos: 358
   T(38.0)        : precision: 0.55383, recall: 0.132656, coverage: 1, TP: 535, FP: 431, nbPos: 4033
      Hatespeech[0], def: 0.2167, prec: 0.5272, rec: 0.3151, TP: 387, FP: 347, nbPos: 1228
      Body[1], def: 0.0286, prec: 0.4, rec: 0.0123, TP: 2, FP: 3, nbPos: 162
      Fatpeople[2], def: 0.0282, prec: 0.4, rec: 0.0125, TP: 2, FP: 3, nbPos: 160
      Homophobia[1], def: 0.0565, prec: 0.6842, rec: 0.1219, TP: 39, FP: 18, nbPos: 320
      Homossexuals[2], def: 0.0508, prec: 0.6667, rec: 0.1319, TP: 38, FP: 19, nbPos: 288
      Lesbians[3], def: 0.0409, prec: 0.7273, rec: 0.1379, TP: 32, FP: 12, nbPos: 232
      Migrants[1], def: 0.0145, prec: 0.5714, rec: 0.0488, TP: 4, FP: 3, nbPos: 82
      Refugees[2], def: 0.0118, prec: 0.4286, rec: 0.0448, TP: 3, FP: 4, nbPos: 67
      Origin[1], def: 0.0168, prec: 0.5714, rec: 0.0421, TP: 4, FP: 3, nbPos: 95
      OtherLifestyle[1], def: 0.0032, prec: 0.4, rec: 0.1111, TP: 2, FP: 3, nbPos: 18
      Sexism[1], def: 0.0861, prec: 0.6364, rec: 0.0287, TP: 14, FP: 8, nbPos: 488
      Women[2], def: 0.0632, prec: 0.5, rec: 0.0223, TP: 8, FP: 8, nbPos: 358
   T(40.0)        : precision: 0.574096, recall: 0.121994, coverage: 1, TP: 492, FP: 365, nbPos: 4033
      Hatespeech[0], def: 0.2167, prec: 0.547, rec: 0.2842, TP: 349, FP: 289, nbPos: 1228
      Body[1], def: 0.0286, prec: 0.4, rec: 0.0123, TP: 2, FP: 3, nbPos: 162
      Fatpeople[2], def: 0.0282, prec: 0.4, rec: 0.0125, TP: 2, FP: 3, nbPos: 160
      Homophobia[1], def: 0.0565, prec: 0.6842, rec: 0.1219, TP: 39, FP: 18, nbPos: 320
      Homossexuals[2], def: 0.0508, prec: 0.75, rec: 0.1146, TP: 33, FP: 11, nbPos: 288
      Lesbians[3], def: 0.0409, prec: 0.7273, rec: 0.1379, TP: 32, FP: 12, nbPos: 232
      Migrants[1], def: 0.0145, prec: 0.5714, rec: 0.0488, TP: 4, FP: 3, nbPos: 82
      Refugees[2], def: 0.0118, prec: 0.4286, rec: 0.0448, TP: 3, FP: 4, nbPos: 67
      Origin[1], def: 0.0168, prec: 0.5714, rec: 0.0421, TP: 4, FP: 3, nbPos: 95
      OtherLifestyle[1], def: 0.0032, prec: 0.4, rec: 0.1111, TP: 2, FP: 3, nbPos: 18
      Sexism[1], def: 0.0861, prec: 0.6364, rec: 0.0287, TP: 14, FP: 8, nbPos: 488
      Women[2], def: 0.0632, prec: 0.5, rec: 0.0223, TP: 8, FP: 8, nbPos: 358
   T(42.0)        : precision: 0.588384, recall: 0.115547, coverage: 1, TP: 466, FP: 326, nbPos: 4033
      Hatespeech[0], def: 0.2167, prec: 0.5506, rec: 0.2793, TP: 343, FP: 280, nbPos: 1228
      Homophobia[1], def: 0.0565, prec: 0.7447, rec: 0.1094, TP: 35, FP: 12, nbPos: 320
      Homossexuals[2], def: 0.0508, prec: 0.8529, rec: 0.1007, TP: 29, FP: 5, nbPos: 288
      Lesbians[3], def: 0.0409, prec: 0.8235, rec: 0.1207, TP: 28, FP: 6, nbPos: 232
      Migrants[1], def: 0.0145, prec: 0.5714, rec: 0.0488, TP: 4, FP: 3, nbPos: 82
      Refugees[2], def: 0.0118, prec: 0.4286, rec: 0.0448, TP: 3, FP: 4, nbPos: 67
      Origin[1], def: 0.0168, prec: 0.5714, rec: 0.0421, TP: 4, FP: 3, nbPos: 95
      Sexism[1], def: 0.0861, prec: 0.6364, rec: 0.0287, TP: 14, FP: 8, nbPos: 488
      Women[2], def: 0.0632, prec: 0.5455, rec: 0.0168, TP: 6, FP: 5, nbPos: 358
   T(44.0)        : precision: 0.683673, recall: 0.083065, coverage: 1, TP: 335, FP: 155, nbPos: 4033
      Hatespeech[0], def: 0.2167, prec: 0.6555, rec: 0.1751, TP: 215, FP: 113, nbPos: 1228
      Homophobia[1], def: 0.0565, prec: 0.7447, rec: 0.1094, TP: 35, FP: 12, nbPos: 320
      Homossexuals[2], def: 0.0508, prec: 0.8529, rec: 0.1007, TP: 29, FP: 5, nbPos: 288
      Lesbians[3], def: 0.0409, prec: 0.8235, rec: 0.1207, TP: 28, FP: 6, nbPos: 232
      Migrants[1], def: 0.0145, prec: 0.5714, rec: 0.0488, TP: 4, FP: 3, nbPos: 82
      Origin[1], def: 0.0168, prec: 0.5714, rec: 0.0421, TP: 4, FP: 3, nbPos: 95
      Sexism[1], def: 0.0861, prec: 0.6364, rec: 0.0287, TP: 14, FP: 8, nbPos: 488
      Women[2], def: 0.0632, prec: 0.5455, rec: 0.0168, TP: 6, FP: 5, nbPos: 358
   T(46.0)        : precision: 0.683673, recall: 0.083065, coverage: 1, TP: 335, FP: 155, nbPos: 4033
      Hatespeech[0], def: 0.2167, prec: 0.6555, rec: 0.1751, TP: 215, FP: 113, nbPos: 1228
      Homophobia[1], def: 0.0565, prec: 0.7447, rec: 0.1094, TP: 35, FP: 12, nbPos: 320
      Homossexuals[2], def: 0.0508, prec: 0.8529, rec: 0.1007, TP: 29, FP: 5, nbPos: 288
      Lesbians[3], def: 0.0409, prec: 0.8235, rec: 0.1207, TP: 28, FP: 6, nbPos: 232
      Migrants[1], def: 0.0145, prec: 0.5714, rec: 0.0488, TP: 4, FP: 3, nbPos: 82
      Origin[1], def: 0.0168, prec: 0.5714, rec: 0.0421, TP: 4, FP: 3, nbPos: 95
      Sexism[1], def: 0.0861, prec: 0.6364, rec: 0.0287, TP: 14, FP: 8, nbPos: 488
      Women[2], def: 0.0632, prec: 0.5455, rec: 0.0168, TP: 6, FP: 5, nbPos: 358
   T(48.0)        : precision: 0.69697, recall: 0.079841, coverage: 1, TP: 322, FP: 140, nbPos: 4033
      Hatespeech[0], def: 0.2167, prec: 0.6645, rec: 0.1694, TP: 208, FP: 105, nbPos: 1228
      Homophobia[1], def: 0.0565, prec: 0.8529, rec: 0.0906, TP: 29, FP: 5, nbPos: 320
      Homossexuals[2], def: 0.0508, prec: 0.8529, rec: 0.1007, TP: 29, FP: 5, nbPos: 288
      Lesbians[3], def: 0.0409, prec: 0.8235, rec: 0.1207, TP: 28, FP: 6, nbPos: 232
      Migrants[1], def: 0.0145, prec: 0.5714, rec: 0.0488, TP: 4, FP: 3, nbPos: 82
      Origin[1], def: 0.0168, prec: 0.5714, rec: 0.0421, TP: 4, FP: 3, nbPos: 95
      Sexism[1], def: 0.0861, prec: 0.6364, rec: 0.0287, TP: 14, FP: 8, nbPos: 488
      Women[2], def: 0.0632, prec: 0.5455, rec: 0.0168, TP: 6, FP: 5, nbPos: 358
   T(50.0)        : precision: 0.69697, recall: 0.079841, coverage: 1, TP: 322, FP: 140, nbPos: 4033
      Hatespeech[0], def: 0.2167, prec: 0.6645, rec: 0.1694, TP: 208, FP: 105, nbPos: 1228
      Homophobia[1], def: 0.0565, prec: 0.8529, rec: 0.0906, TP: 29, FP: 5, nbPos: 320
      Homossexuals[2], def: 0.0508, prec: 0.8529, rec: 0.1007, TP: 29, FP: 5, nbPos: 288
      Lesbians[3], def: 0.0409, prec: 0.8235, rec: 0.1207, TP: 28, FP: 6, nbPos: 232
      Migrants[1], def: 0.0145, prec: 0.5714, rec: 0.0488, TP: 4, FP: 3, nbPos: 82
      Origin[1], def: 0.0168, prec: 0.5714, rec: 0.0421, TP: 4, FP: 3, nbPos: 95
      Sexism[1], def: 0.0861, prec: 0.6364, rec: 0.0287, TP: 14, FP: 8, nbPos: 488
      Women[2], def: 0.0632, prec: 0.5455, rec: 0.0168, TP: 6, FP: 5, nbPos: 358
   T(52.0)        : precision: 0.742021, recall: 0.069179, coverage: 1, TP: 279, FP: 97, nbPos: 4033
      Hatespeech[0], def: 0.2167, prec: 0.721, rec: 0.1368, TP: 168, FP: 65, nbPos: 1228
      Homophobia[1], def: 0.0565, prec: 0.8529, rec: 0.0906, TP: 29, FP: 5, nbPos: 320
      Homossexuals[2], def: 0.0508, prec: 0.8529, rec: 0.1007, TP: 29, FP: 5, nbPos: 288
      Lesbians[3], def: 0.0409, prec: 0.8235, rec: 0.1207, TP: 28, FP: 6, nbPos: 232
      Migrants[1], def: 0.0145, prec: 0.5714, rec: 0.0488, TP: 4, FP: 3, nbPos: 82
      Origin[1], def: 0.0168, prec: 0.5714, rec: 0.0421, TP: 4, FP: 3, nbPos: 95
      Sexism[1], def: 0.0861, prec: 0.6875, rec: 0.0225, TP: 11, FP: 5, nbPos: 488
      Women[2], def: 0.0632, prec: 0.5455, rec: 0.0168, TP: 6, FP: 5, nbPos: 358
   T(54.0)        : precision: 0.763158, recall: 0.064716, coverage: 1, TP: 261, FP: 81, nbPos: 4033
      Hatespeech[0], def: 0.2167, prec: 0.7538, rec: 0.1221, TP: 150, FP: 49, nbPos: 1228
      Homophobia[1], def: 0.0565, prec: 0.8529, rec: 0.0906, TP: 29, FP: 5, nbPos: 320
      Homossexuals[2], def: 0.0508, prec: 0.8529, rec: 0.1007, TP: 29, FP: 5, nbPos: 288
      Lesbians[3], def: 0.0409, prec: 0.8235, rec: 0.1207, TP: 28, FP: 6, nbPos: 232
      Migrants[1], def: 0.0145, prec: 0.5714, rec: 0.0488, TP: 4, FP: 3, nbPos: 82
      Origin[1], def: 0.0168, prec: 0.5714, rec: 0.0421, TP: 4, FP: 3, nbPos: 95
      Sexism[1], def: 0.0861, prec: 0.6875, rec: 0.0225, TP: 11, FP: 5, nbPos: 488
      Women[2], def: 0.0632, prec: 0.5455, rec: 0.0168, TP: 6, FP: 5, nbPos: 358
   T(56.0)        : precision: 0.778125, recall: 0.061741, coverage: 1, TP: 249, FP: 71, nbPos: 4033
      Hatespeech[0], def: 0.2167, prec: 0.766, rec: 0.1173, TP: 144, FP: 44, nbPos: 1228
      Homophobia[1], def: 0.0565, prec: 0.8529, rec: 0.0906, TP: 29, FP: 5, nbPos: 320
      Homossexuals[2], def: 0.0508, prec: 0.8529, rec: 0.1007, TP: 29, FP: 5, nbPos: 288
      Lesbians[3], def: 0.0409, prec: 0.8235, rec: 0.1207, TP: 28, FP: 6, nbPos: 232
      Migrants[1], def: 0.0145, prec: 0.5714, rec: 0.0488, TP: 4, FP: 3, nbPos: 82
      Origin[1], def: 0.0168, prec: 0.5714, rec: 0.0421, TP: 4, FP: 3, nbPos: 95
      Sexism[1], def: 0.0861, prec: 0.6875, rec: 0.0225, TP: 11, FP: 5, nbPos: 488
   T(58.0)        : precision: 0.792642, recall: 0.058765, coverage: 1, TP: 237, FP: 62, nbPos: 4033
      Hatespeech[0], def: 0.2167, prec: 0.7735, rec: 0.114, TP: 140, FP: 41, nbPos: 1228
      Homophobia[1], def: 0.0565, prec: 0.8529, rec: 0.0906, TP: 29, FP: 5, nbPos: 320
      Homossexuals[2], def: 0.0508, prec: 0.8529, rec: 0.1007, TP: 29, FP: 5, nbPos: 288
      Lesbians[3], def: 0.0409, prec: 0.8235, rec: 0.1207, TP: 28, FP: 6, nbPos: 232
      Sexism[1], def: 0.0861, prec: 0.6875, rec: 0.0225, TP: 11, FP: 5, nbPos: 488
   T(60.0)        : precision: 0.792642, recall: 0.058765, coverage: 1, TP: 237, FP: 62, nbPos: 4033
      Hatespeech[0], def: 0.2167, prec: 0.7735, rec: 0.114, TP: 140, FP: 41, nbPos: 1228
      Homophobia[1], def: 0.0565, prec: 0.8529, rec: 0.0906, TP: 29, FP: 5, nbPos: 320
      Homossexuals[2], def: 0.0508, prec: 0.8529, rec: 0.1007, TP: 29, FP: 5, nbPos: 288
      Lesbians[3], def: 0.0409, prec: 0.8235, rec: 0.1207, TP: 28, FP: 6, nbPos: 232
      Sexism[1], def: 0.0861, prec: 0.6875, rec: 0.0225, TP: 11, FP: 5, nbPos: 488
   T(62.0)        : precision: 0.799308, recall: 0.057277, coverage: 1, TP: 231, FP: 58, nbPos: 4033
      Hatespeech[0], def: 0.2167, prec: 0.7784, rec: 0.1116, TP: 137, FP: 39, nbPos: 1228
      Homophobia[1], def: 0.0565, prec: 0.8529, rec: 0.0906, TP: 29, FP: 5, nbPos: 320
      Homossexuals[2], def: 0.0508, prec: 0.8529, rec: 0.1007, TP: 29, FP: 5, nbPos: 288
      Lesbians[3], def: 0.0409, prec: 0.8235, rec: 0.1207, TP: 28, FP: 6, nbPos: 232
      Sexism[1], def: 0.0861, prec: 0.7273, rec: 0.0164, TP: 8, FP: 3, nbPos: 488
   T(64.0)        : precision: 0.826613, recall: 0.050831, coverage: 1, TP: 205, FP: 43, nbPos: 4033
      Hatespeech[0], def: 0.2167, prec: 0.8222, rec: 0.0904, TP: 111, FP: 24, nbPos: 1228
      Homophobia[1], def: 0.0565, prec: 0.8529, rec: 0.0906, TP: 29, FP: 5, nbPos: 320
      Homossexuals[2], def: 0.0508, prec: 0.8529, rec: 0.1007, TP: 29, FP: 5, nbPos: 288
      Lesbians[3], def: 0.0409, prec: 0.8235, rec: 0.1207, TP: 28, FP: 6, nbPos: 232
      Sexism[1], def: 0.0861, prec: 0.7273, rec: 0.0164, TP: 8, FP: 3, nbPos: 488
   T(66.0)        : precision: 0.85, recall: 0.046367, coverage: 1, TP: 187, FP: 33, nbPos: 4033
      Hatespeech[0], def: 0.2167, prec: 0.8692, rec: 0.0757, TP: 93, FP: 14, nbPos: 1228
      Homophobia[1], def: 0.0565, prec: 0.8529, rec: 0.0906, TP: 29, FP: 5, nbPos: 320
      Homossexuals[2], def: 0.0508, prec: 0.8529, rec: 0.1007, TP: 29, FP: 5, nbPos: 288
      Lesbians[3], def: 0.0409, prec: 0.8235, rec: 0.1207, TP: 28, FP: 6, nbPos: 232
      Sexism[1], def: 0.0861, prec: 0.7273, rec: 0.0164, TP: 8, FP: 3, nbPos: 488
   T(68.0)        : precision: 0.85514, recall: 0.045376, coverage: 1, TP: 183, FP: 31, nbPos: 4033
      Hatespeech[0], def: 0.2167, prec: 0.8812, rec: 0.0725, TP: 89, FP: 12, nbPos: 1228
      Homophobia[1], def: 0.0565, prec: 0.8529, rec: 0.0906, TP: 29, FP: 5, nbPos: 320
      Homossexuals[2], def: 0.0508, prec: 0.8529, rec: 0.1007, TP: 29, FP: 5, nbPos: 288
      Lesbians[3], def: 0.0409, prec: 0.8235, rec: 0.1207, TP: 28, FP: 6, nbPos: 232
      Sexism[1], def: 0.0861, prec: 0.7273, rec: 0.0164, TP: 8, FP: 3, nbPos: 488
   T(70.0)        : precision: 0.85514, recall: 0.045376, coverage: 1, TP: 183, FP: 31, nbPos: 4033
      Hatespeech[0], def: 0.2167, prec: 0.8812, rec: 0.0725, TP: 89, FP: 12, nbPos: 1228
      Homophobia[1], def: 0.0565, prec: 0.8529, rec: 0.0906, TP: 29, FP: 5, nbPos: 320
      Homossexuals[2], def: 0.0508, prec: 0.8529, rec: 0.1007, TP: 29, FP: 5, nbPos: 288
      Lesbians[3], def: 0.0409, prec: 0.8235, rec: 0.1207, TP: 28, FP: 6, nbPos: 232
      Sexism[1], def: 0.0861, prec: 0.7273, rec: 0.0164, TP: 8, FP: 3, nbPos: 488
   T(72.0)        : precision: 0.85514, recall: 0.045376, coverage: 1, TP: 183, FP: 31, nbPos: 4033
      Hatespeech[0], def: 0.2167, prec: 0.8812, rec: 0.0725, TP: 89, FP: 12, nbPos: 1228
      Homophobia[1], def: 0.0565, prec: 0.8529, rec: 0.0906, TP: 29, FP: 5, nbPos: 320
      Homossexuals[2], def: 0.0508, prec: 0.8529, rec: 0.1007, TP: 29, FP: 5, nbPos: 288
      Lesbians[3], def: 0.0409, prec: 0.8235, rec: 0.1207, TP: 28, FP: 6, nbPos: 232
      Sexism[1], def: 0.0861, prec: 0.7273, rec: 0.0164, TP: 8, FP: 3, nbPos: 488
   T(74.0)        : precision: 0.869792, recall: 0.041408, coverage: 1, TP: 167, FP: 25, nbPos: 4033
      Hatespeech[0], def: 0.2167, prec: 0.9, rec: 0.066, TP: 81, FP: 9, nbPos: 1228
      Homophobia[1], def: 0.0565, prec: 0.8529, rec: 0.0906, TP: 29, FP: 5, nbPos: 320
      Homossexuals[2], def: 0.0508, prec: 0.8529, rec: 0.1007, TP: 29, FP: 5, nbPos: 288
      Lesbians[3], def: 0.0409, prec: 0.8235, rec: 0.1207, TP: 28, FP: 6, nbPos: 232
   T(76.0)        : precision: 0.869792, recall: 0.041408, coverage: 1, TP: 167, FP: 25, nbPos: 4033
      Hatespeech[0], def: 0.2167, prec: 0.9, rec: 0.066, TP: 81, FP: 9, nbPos: 1228
      Homophobia[1], def: 0.0565, prec: 0.8529, rec: 0.0906, TP: 29, FP: 5, nbPos: 320
      Homossexuals[2], def: 0.0508, prec: 0.8529, rec: 0.1007, TP: 29, FP: 5, nbPos: 288
      Lesbians[3], def: 0.0409, prec: 0.8235, rec: 0.1207, TP: 28, FP: 6, nbPos: 232
   T(78.0)        : precision: 0.869792, recall: 0.041408, coverage: 1, TP: 167, FP: 25, nbPos: 4033
      Hatespeech[0], def: 0.2167, prec: 0.9, rec: 0.066, TP: 81, FP: 9, nbPos: 1228
      Homophobia[1], def: 0.0565, prec: 0.8529, rec: 0.0906, TP: 29, FP: 5, nbPos: 320
      Homossexuals[2], def: 0.0508, prec: 0.8529, rec: 0.1007, TP: 29, FP: 5, nbPos: 288
      Lesbians[3], def: 0.0409, prec: 0.8235, rec: 0.1207, TP: 28, FP: 6, nbPos: 232
   T(80.0)        : precision: 0.869792, recall: 0.041408, coverage: 1, TP: 167, FP: 25, nbPos: 4033
      Hatespeech[0], def: 0.2167, prec: 0.9, rec: 0.066, TP: 81, FP: 9, nbPos: 1228
      Homophobia[1], def: 0.0565, prec: 0.8529, rec: 0.0906, TP: 29, FP: 5, nbPos: 320
      Homossexuals[2], def: 0.0508, prec: 0.8529, rec: 0.1007, TP: 29, FP: 5, nbPos: 288
      Lesbians[3], def: 0.0409, prec: 0.8235, rec: 0.1207, TP: 28, FP: 6, nbPos: 232
   T(82.0)        : precision: 0.882716, recall: 0.035457, coverage: 1, TP: 143, FP: 19, nbPos: 4033
      Hatespeech[0], def: 0.2167, prec: 0.9125, rec: 0.0594, TP: 73, FP: 7, nbPos: 1228
      Homophobia[1], def: 0.0565, prec: 0.8529, rec: 0.0906, TP: 29, FP: 5, nbPos: 320
      Homossexuals[2], def: 0.0508, prec: 0.8529, rec: 0.1007, TP: 29, FP: 5, nbPos: 288
      Lesbians[3], def: 0.0409, prec: 0.8571, rec: 0.0517, TP: 12, FP: 2, nbPos: 232
   T(84.0)        : precision: 0.886667, recall: 0.032978, coverage: 1, TP: 133, FP: 17, nbPos: 4033
      Hatespeech[0], def: 0.2167, prec: 0.9265, rec: 0.0513, TP: 63, FP: 5, nbPos: 1228
      Homophobia[1], def: 0.0565, prec: 0.8529, rec: 0.0906, TP: 29, FP: 5, nbPos: 320
      Homossexuals[2], def: 0.0508, prec: 0.8529, rec: 0.1007, TP: 29, FP: 5, nbPos: 288
      Lesbians[3], def: 0.0409, prec: 0.8571, rec: 0.0517, TP: 12, FP: 2, nbPos: 232
   T(86.0)        : precision: 0.97561, recall: 0.009918, coverage: 1, TP: 40, FP: 1, nbPos: 4033
      Hatespeech[0], def: 0.2167, prec: 0.9756, rec: 0.0326, TP: 40, FP: 1, nbPos: 1228
   T(88.0)        : precision: 0.97561, recall: 0.009918, coverage: 1, TP: 40, FP: 1, nbPos: 4033
      Hatespeech[0], def: 0.2167, prec: 0.9756, rec: 0.0326, TP: 40, FP: 1, nbPos: 1228
   T(90.0)        : precision: 0.97561, recall: 0.009918, coverage: 1, TP: 40, FP: 1, nbPos: 4033
      Hatespeech[0], def: 0.2167, prec: 0.9756, rec: 0.0326, TP: 40, FP: 1, nbPos: 1228
   T(92.0)        : precision: 0.97561, recall: 0.009918, coverage: 1, TP: 40, FP: 1, nbPos: 4033
      Hatespeech[0], def: 0.2167, prec: 0.9756, rec: 0.0326, TP: 40, FP: 1, nbPos: 1228
   T(94.0)        : precision: 0.97561, recall: 0.009918, coverage: 1, TP: 40, FP: 1, nbPos: 4033
      Hatespeech[0], def: 0.2167, prec: 0.9756, rec: 0.0326, TP: 40, FP: 1, nbPos: 1228
   T(96.0)        : precision: 1, recall: 0.005207, coverage: 1, TP: 21, FP: 0, nbPos: 4033
      Hatespeech[0], def: 0.2167, prec: 1, rec: 0.0171, TP: 21, FP: 0, nbPos: 1228
   T(98.0)        : precision: 1, recall: 0.005207, coverage: 1, TP: 21, FP: 0, nbPos: 4033
      Hatespeech[0], def: 0.2167, prec: 1, rec: 0.0171, TP: 21, FP: 0, nbPos: 1228
   T(100.0)       : precision: 1, recall: 0.005207, coverage: 1, TP: 21, FP: 0, nbPos: 4033
      Hatespeech[0], def: 0.2167, prec: 1, rec: 0.0171, TP: 21, FP: 0, nbPos: 1228
Hierarchical error measures
   Original: 
      Average AUROC:            0.7570569578509022
      Average AUPRC:            0.10949487001568801
      Average AUPRC (weighted): 0.2668920154959287
      Pooled AUPRC:             0.2926705479662365
      0: Hatespeech[0], AUROC: 0.732262, AUPRC: 0.47614, Freq: 0.216655
      1: Body[1], AUROC: 0.727788, AUPRC: 0.09046, Freq: 0.028582
      2: Fatpeople[2], AUROC: 0.72634, AUPRC: 0.089117, Freq: 0.028229
      4: Uglypeople[2], AUROC: 0.899885, AUPRC: 0.003366, Freq: 0.000353
      6: Homophobia[1], AUROC: 0.751777, AUPRC: 0.272494, Freq: 0.056457
      7: Homossexuals[2], AUROC: 0.761829, AUPRC: 0.2727, Freq: 0.050812
      8: Gays[3], AUROC: 0.730617, AUPRC: 0.042772, Freq: 0.00988
      9: Lesbians[3], AUROC: 0.777365, AUPRC: 0.276802, Freq: 0.040932
      10: Ideology[1], AUROC: 0.705463, AUPRC: 0.066857, Freq: 0.014291
      11: Feminists[2], AUROC: 0.742786, AUPRC: 0.068337, Freq: 0.009527
      12: Leftwingideology[2], AUROC: 0.751213, AUPRC: 0.037891, Freq: 0.004587
      13: Migrants[1], AUROC: 0.736705, AUPRC: 0.097431, Freq: 0.014467
      14: Immigrants[2], AUROC: 0.810997, AUPRC: 0.045336, Freq: 0.002646
      15: Refugees[2], AUROC: 0.730058, AUPRC: 0.075603, Freq: 0.011821
      16: Origin[1], AUROC: 0.722167, AUPRC: 0.094365, Freq: 0.016761
      17: OtherLifestyle[1], AUROC: 0.767773, AUPRC: 0.077265, Freq: 0.003176
      18: Racism[1], AUROC: 0.715853, AUPRC: 0.06358, Freq: 0.015173
      19: Blackpeople[2], AUROC: 0.752854, AUPRC: 0.066645, Freq: 0.008116
      20: Religion[1], AUROC: 0.772446, AUPRC: 0.039695, Freq: 0.004234
      21: Islamists[2], AUROC: 0.828169, AUPRC: 0.059672, Freq: 0.002117
      22: Muslims[2], AUROC: 0.842639, AUPRC: 0.012577, Freq: 0.001764
      23: Sexism[1], AUROC: 0.727138, AUPRC: 0.234068, Freq: 0.086097
      24: Men[2], AUROC: 0.756222, AUPRC: 0.053942, Freq: 0.010586
      25: Transexuals[2], AUROC: 0.720662, AUPRC: 0.021464, Freq: 0.006704
      26: Transwomen[3], AUROC: 0.752763, AUPRC: 0.020863, Freq: 0.004411
      27: Women[2], AUROC: 0.739712, AUPRC: 0.187426, Freq: 0.063162

Testing error
-------------

Number of examples: 567
Hierarchical accuracy by class
   T(0.0)         : precision: 0.025762, recall: 1, coverage: 1, TP: 409, FP: 15467, nbPos: 409
      Hatespeech[0], def: 0.2205, prec: 0.2205, rec: 1, TP: 125, FP: 442, nbPos: 125
      Body[1], def: 0.0282, prec: 0.0282, rec: 1, TP: 16, FP: 551, nbPos: 16
      Fatpeople[2], def: 0.0282, prec: 0.0282, rec: 1, TP: 16, FP: 551, nbPos: 16
      Fatwomen[3], def: 0, prec: 0, rec: 0, TP: 0, FP: 567, nbPos: 0
      Uglypeople[2], def: 0, prec: 0, rec: 0, TP: 0, FP: 567, nbPos: 0
      Uglywomen[3], def: 0, prec: 0, rec: 0, TP: 0, FP: 567, nbPos: 0
      Homophobia[1], def: 0.0564, prec: 0.0564, rec: 1, TP: 32, FP: 535, nbPos: 32
      Homossexuals[2], def: 0.0511, prec: 0.0511, rec: 1, TP: 29, FP: 538, nbPos: 29
      Gays[3], def: 0.0106, prec: 0.0106, rec: 1, TP: 6, FP: 561, nbPos: 6
      Lesbians[3], def: 0.0406, prec: 0.0406, rec: 1, TP: 23, FP: 544, nbPos: 23
      Ideology[1], def: 0.0141, prec: 0.0141, rec: 1, TP: 8, FP: 559, nbPos: 8
      Feminists[2], def: 0.0088, prec: 0.0088, rec: 1, TP: 5, FP: 562, nbPos: 5
      Leftwingideology[2], def: 0.0035, prec: 0.0035, rec: 1, TP: 2, FP: 565, nbPos: 2
      Migrants[1], def: 0.0141, prec: 0.0141, rec: 1, TP: 8, FP: 559, nbPos: 8
      Immigrants[2], def: 0.0035, prec: 0.0035, rec: 1, TP: 2, FP: 565, nbPos: 2
      Refugees[2], def: 0.0106, prec: 0.0106, rec: 1, TP: 6, FP: 561, nbPos: 6
      Origin[1], def: 0.0159, prec: 0.0159, rec: 1, TP: 9, FP: 558, nbPos: 9
      OtherLifestyle[1], def: 0.0035, prec: 0.0035, rec: 1, TP: 2, FP: 565, nbPos: 2
      Racism[1], def: 0.0176, prec: 0.0176, rec: 1, TP: 10, FP: 557, nbPos: 10
      Blackpeople[2], def: 0.0106, prec: 0.0106, rec: 1, TP: 6, FP: 561, nbPos: 6
      Religion[1], def: 0.0053, prec: 0.0053, rec: 1, TP: 3, FP: 564, nbPos: 3
      Islamists[2], def: 0.0018, prec: 0.0018, rec: 1, TP: 1, FP: 566, nbPos: 1
      Muslims[2], def: 0.0018, prec: 0.0018, rec: 1, TP: 1, FP: 566, nbPos: 1
      Sexism[1], def: 0.0882, prec: 0.0882, rec: 1, TP: 50, FP: 517, nbPos: 50
      Men[2], def: 0.0123, prec: 0.0123, rec: 1, TP: 7, FP: 560, nbPos: 7
      Transexuals[2], def: 0.0053, prec: 0.0053, rec: 1, TP: 3, FP: 564, nbPos: 3
      Transwomen[3], def: 0.0035, prec: 0.0035, rec: 1, TP: 2, FP: 565, nbPos: 2
      Women[2], def: 0.0653, prec: 0.0653, rec: 1, TP: 37, FP: 530, nbPos: 37
   T(2.0)         : precision: 0.088963, recall: 0.843521, coverage: 1, TP: 345, FP: 3533, nbPos: 409
      Hatespeech[0], def: 0.2205, prec: 0.2485, rec: 1, TP: 125, FP: 378, nbPos: 125
      Body[1], def: 0.0282, prec: 0.0475, rec: 0.875, TP: 14, FP: 281, nbPos: 16
      Fatpeople[2], def: 0.0282, prec: 0.0475, rec: 0.875, TP: 14, FP: 281, nbPos: 16
      Homophobia[1], def: 0.0564, prec: 0.0661, rec: 1, TP: 32, FP: 452, nbPos: 32
      Homossexuals[2], def: 0.0511, prec: 0.0613, rec: 1, TP: 29, FP: 444, nbPos: 29
      Gays[3], def: 0.0106, prec: 0.0303, rec: 0.1667, TP: 1, FP: 32, nbPos: 6
      Lesbians[3], def: 0.0406, prec: 0.0627, rec: 0.8261, TP: 19, FP: 284, nbPos: 23
      Ideology[1], def: 0.0141, prec: 0.0337, rec: 0.375, TP: 3, FP: 86, nbPos: 8
      Feminists[2], def: 0.0088, prec: 0, rec: 0, TP: 0, FP: 51, nbPos: 5
      Leftwingideology[2], def: 0.0035, prec: 0, rec: 0, TP: 0, FP: 11, nbPos: 2
      Migrants[1], def: 0.0141, prec: 0.0588, rec: 0.375, TP: 3, FP: 48, nbPos: 8
      Immigrants[2], def: 0.0035, prec: 0, rec: 0, TP: 0, FP: 1, nbPos: 2
      Refugees[2], def: 0.0106, prec: 0.0476, rec: 0.3333, TP: 2, FP: 40, nbPos: 6
      Origin[1], def: 0.0159, prec: 0.0714, rec: 0.4444, TP: 4, FP: 52, nbPos: 9
      OtherLifestyle[1], def: 0.0035, prec: 0, rec: 0, TP: 0, FP: 9, nbPos: 2
      Racism[1], def: 0.0176, prec: 0.0741, rec: 0.4, TP: 4, FP: 50, nbPos: 10
      Blackpeople[2], def: 0.0106, prec: 0.1818, rec: 0.3333, TP: 2, FP: 9, nbPos: 6
      Religion[1], def: 0.0053, prec: 0, rec: 0, TP: 0, FP: 6, nbPos: 3
      Islamists[2], def: 0.0018, prec: 0, rec: 0, TP: 0, FP: 1, nbPos: 1
      Muslims[2], def: 0.0018, prec: 0, rec: 0, TP: 0, FP: 5, nbPos: 1
      Sexism[1], def: 0.0882, prec: 0.1012, rec: 1, TP: 50, FP: 444, nbPos: 50
      Men[2], def: 0.0123, prec: 0.0714, rec: 0.5714, TP: 4, FP: 52, nbPos: 7
      Transexuals[2], def: 0.0053, prec: 0.0278, rec: 0.3333, TP: 1, FP: 35, nbPos: 3
      Transwomen[3], def: 0.0035, prec: 0.037, rec: 0.5, TP: 1, FP: 26, nbPos: 2
      Women[2], def: 0.0653, prec: 0.0752, rec: 1, TP: 37, FP: 455, nbPos: 37
   T(4.0)         : precision: 0.126043, recall: 0.738386, coverage: 1, TP: 302, FP: 2094, nbPos: 409
      Hatespeech[0], def: 0.2205, prec: 0.25, rec: 1, TP: 125, FP: 375, nbPos: 125
      Body[1], def: 0.0282, prec: 0.093, rec: 0.5, TP: 8, FP: 78, nbPos: 16
      Fatpeople[2], def: 0.0282, prec: 0.093, rec: 0.5, TP: 8, FP: 78, nbPos: 16
      Homophobia[1], def: 0.0564, prec: 0.0831, rec: 0.8125, TP: 26, FP: 287, nbPos: 32
      Homossexuals[2], def: 0.0511, prec: 0.0757, rec: 0.7931, TP: 23, FP: 281, nbPos: 29
      Gays[3], def: 0.0106, prec: 0, rec: 0, TP: 0, FP: 7, nbPos: 6
      Lesbians[3], def: 0.0406, prec: 0.1127, rec: 0.6957, TP: 16, FP: 126, nbPos: 23
      Ideology[1], def: 0.0141, prec: 0.0588, rec: 0.125, TP: 1, FP: 16, nbPos: 8
      Feminists[2], def: 0.0088, prec: 0, rec: 0, TP: 0, FP: 5, nbPos: 5
      Leftwingideology[2], def: 0.0035, prec: 0, rec: 0, TP: 0, FP: 2, nbPos: 2
      Migrants[1], def: 0.0141, prec: 0.12, rec: 0.375, TP: 3, FP: 22, nbPos: 8
      Immigrants[2], def: 0.0035, prec: 0, rec: 0, TP: 0, FP: 1, nbPos: 2
      Refugees[2], def: 0.0106, prec: 0.125, rec: 0.3333, TP: 2, FP: 14, nbPos: 6
      Origin[1], def: 0.0159, prec: 0.1, rec: 0.3333, TP: 3, FP: 27, nbPos: 9
      OtherLifestyle[1], def: 0.0035, prec: 0, rec: 0, TP: 0, FP: 2, nbPos: 2
      Racism[1], def: 0.0176, prec: 0.0938, rec: 0.3, TP: 3, FP: 29, nbPos: 10
      Blackpeople[2], def: 0.0106, prec: 0.1818, rec: 0.3333, TP: 2, FP: 9, nbPos: 6
      Religion[1], def: 0.0053, prec: 0, rec: 0, TP: 0, FP: 1, nbPos: 3
      Islamists[2], def: 0.0018, prec: 0, rec: 0, TP: 0, FP: 1, nbPos: 1
      Sexism[1], def: 0.0882, prec: 0.1006, rec: 0.98, TP: 49, FP: 438, nbPos: 50
      Men[2], def: 0.0123, prec: 0.1538, rec: 0.2857, TP: 2, FP: 11, nbPos: 7
      Transexuals[2], def: 0.0053, prec: 0, rec: 0, TP: 0, FP: 2, nbPos: 3
      Transwomen[3], def: 0.0035, prec: 0, rec: 0, TP: 0, FP: 2, nbPos: 2
      Women[2], def: 0.0653, prec: 0.0997, rec: 0.8378, TP: 31, FP: 280, nbPos: 37
   T(6.0)         : precision: 0.177778, recall: 0.625917, coverage: 1, TP: 256, FP: 1184, nbPos: 409
      Hatespeech[0], def: 0.2205, prec: 0.252, rec: 0.992, TP: 124, FP: 368, nbPos: 125
      Body[1], def: 0.0282, prec: 0.098, rec: 0.3125, TP: 5, FP: 46, nbPos: 16
      Fatpeople[2], def: 0.0282, prec: 0.098, rec: 0.3125, TP: 5, FP: 46, nbPos: 16
      Homophobia[1], def: 0.0564, prec: 0.1626, rec: 0.625, TP: 20, FP: 103, nbPos: 32
      Homossexuals[2], def: 0.0511, prec: 0.1619, rec: 0.5862, TP: 17, FP: 88, nbPos: 29
      Gays[3], def: 0.0106, prec: 0, rec: 0, TP: 0, FP: 3, nbPos: 6
      Lesbians[3], def: 0.0406, prec: 0.2037, rec: 0.4783, TP: 11, FP: 43, nbPos: 23
      Ideology[1], def: 0.0141, prec: 0, rec: 0, TP: 0, FP: 7, nbPos: 8
      Feminists[2], def: 0.0088, prec: 0, rec: 0, TP: 0, FP: 5, nbPos: 5
      Leftwingideology[2], def: 0.0035, prec: 0, rec: 0, TP: 0, FP: 2, nbPos: 2
      Migrants[1], def: 0.0141, prec: 0.0833, rec: 0.125, TP: 1, FP: 11, nbPos: 8
      Immigrants[2], def: 0.0035, prec: 0, rec: 0, TP: 0, FP: 1, nbPos: 2
      Refugees[2], def: 0.0106, prec: 0.0833, rec: 0.1667, TP: 1, FP: 11, nbPos: 6
      Origin[1], def: 0.0159, prec: 0.0769, rec: 0.1111, TP: 1, FP: 12, nbPos: 9
      OtherLifestyle[1], def: 0.0035, prec: 0, rec: 0, TP: 0, FP: 2, nbPos: 2
      Racism[1], def: 0.0176, prec: 0.1538, rec: 0.2, TP: 2, FP: 11, nbPos: 10
      Blackpeople[2], def: 0.0106, prec: 0.2, rec: 0.3333, TP: 2, FP: 8, nbPos: 6
      Religion[1], def: 0.0053, prec: 0, rec: 0, TP: 0, FP: 1, nbPos: 3
      Islamists[2], def: 0.0018, prec: 0, rec: 0, TP: 0, FP: 1, nbPos: 1
      Sexism[1], def: 0.0882, prec: 0.1285, rec: 0.82, TP: 41, FP: 278, nbPos: 50
      Men[2], def: 0.0123, prec: 0.1538, rec: 0.2857, TP: 2, FP: 11, nbPos: 7
      Transexuals[2], def: 0.0053, prec: 0, rec: 0, TP: 0, FP: 2, nbPos: 3
      Transwomen[3], def: 0.0035, prec: 0, rec: 0, TP: 0, FP: 2, nbPos: 2
      Women[2], def: 0.0653, prec: 0.1644, rec: 0.6486, TP: 24, FP: 122, nbPos: 37
   T(8.0)         : precision: 0.225904, recall: 0.550122, coverage: 1, TP: 225, FP: 771, nbPos: 409
      Hatespeech[0], def: 0.2205, prec: 0.252, rec: 0.992, TP: 124, FP: 368, nbPos: 125
      Body[1], def: 0.0282, prec: 0.1333, rec: 0.25, TP: 4, FP: 26, nbPos: 16
      Fatpeople[2], def: 0.0282, prec: 0.1333, rec: 0.25, TP: 4, FP: 26, nbPos: 16
      Homophobia[1], def: 0.0564, prec: 0.2333, rec: 0.4375, TP: 14, FP: 46, nbPos: 32
      Homossexuals[2], def: 0.0511, prec: 0.2321, rec: 0.4483, TP: 13, FP: 43, nbPos: 29
      Gays[3], def: 0.0106, prec: 0, rec: 0, TP: 0, FP: 2, nbPos: 6
      Lesbians[3], def: 0.0406, prec: 0.3548, rec: 0.4783, TP: 11, FP: 20, nbPos: 23
      Ideology[1], def: 0.0141, prec: 0, rec: 0, TP: 0, FP: 7, nbPos: 8
      Feminists[2], def: 0.0088, prec: 0, rec: 0, TP: 0, FP: 5, nbPos: 5
      Leftwingideology[2], def: 0.0035, prec: 0, rec: 0, TP: 0, FP: 2, nbPos: 2
      Migrants[1], def: 0.0141, prec: 0, rec: 0, TP: 0, FP: 8, nbPos: 8
      Immigrants[2], def: 0.0035, prec: 0, rec: 0, TP: 0, FP: 1, nbPos: 2
      Refugees[2], def: 0.0106, prec: 0, rec: 0, TP: 0, FP: 8, nbPos: 6
      Origin[1], def: 0.0159, prec: 0, rec: 0, TP: 0, FP: 9, nbPos: 9
      OtherLifestyle[1], def: 0.0035, prec: 0, rec: 0, TP: 0, FP: 2, nbPos: 2
      Racism[1], def: 0.0176, prec: 0, rec: 0, TP: 0, FP: 4, nbPos: 10
      Blackpeople[2], def: 0.0106, prec: 0, rec: 0, TP: 0, FP: 2, nbPos: 6
      Sexism[1], def: 0.0882, prec: 0.2095, rec: 0.62, TP: 31, FP: 117, nbPos: 50
      Men[2], def: 0.0123, prec: 0.3333, rec: 0.2857, TP: 2, FP: 4, nbPos: 7
      Transexuals[2], def: 0.0053, prec: 0, rec: 0, TP: 0, FP: 2, nbPos: 3
      Transwomen[3], def: 0.0035, prec: 0, rec: 0, TP: 0, FP: 2, nbPos: 2
      Women[2], def: 0.0653, prec: 0.2472, rec: 0.5946, TP: 22, FP: 67, nbPos: 37
   T(10.0)        : precision: 0.23913, recall: 0.537897, coverage: 1, TP: 220, FP: 700, nbPos: 409
      Hatespeech[0], def: 0.2205, prec: 0.252, rec: 0.992, TP: 124, FP: 368, nbPos: 125
      Body[1], def: 0.0282, prec: 0.1481, rec: 0.25, TP: 4, FP: 23, nbPos: 16
      Fatpeople[2], def: 0.0282, prec: 0.5, rec: 0.0625, TP: 1, FP: 1, nbPos: 16
      Homophobia[1], def: 0.0564, prec: 0.2414, rec: 0.4375, TP: 14, FP: 44, nbPos: 32
      Homossexuals[2], def: 0.0511, prec: 0.2857, rec: 0.4138, TP: 12, FP: 30, nbPos: 29
      Gays[3], def: 0.0106, prec: 0, rec: 0, TP: 0, FP: 2, nbPos: 6
      Lesbians[3], def: 0.0406, prec: 0.3667, rec: 0.4783, TP: 11, FP: 19, nbPos: 23
      Ideology[1], def: 0.0141, prec: 0, rec: 0, TP: 0, FP: 5, nbPos: 8
      Feminists[2], def: 0.0088, prec: 0, rec: 0, TP: 0, FP: 5, nbPos: 5
      Migrants[1], def: 0.0141, prec: 0, rec: 0, TP: 0, FP: 8, nbPos: 8
      Immigrants[2], def: 0.0035, prec: 0, rec: 0, TP: 0, FP: 1, nbPos: 2
      Refugees[2], def: 0.0106, prec: 0, rec: 0, TP: 0, FP: 8, nbPos: 6
      Origin[1], def: 0.0159, prec: 0, rec: 0, TP: 0, FP: 8, nbPos: 9
      Racism[1], def: 0.0176, prec: 0, rec: 0, TP: 0, FP: 4, nbPos: 10
      Blackpeople[2], def: 0.0106, prec: 0, rec: 0, TP: 0, FP: 2, nbPos: 6
      Sexism[1], def: 0.0882, prec: 0.2214, rec: 0.62, TP: 31, FP: 109, nbPos: 50
      Men[2], def: 0.0123, prec: 0.5, rec: 0.1429, TP: 1, FP: 1, nbPos: 7
      Women[2], def: 0.0653, prec: 0.2619, rec: 0.5946, TP: 22, FP: 62, nbPos: 37
   T(12.0)        : precision: 0.269883, recall: 0.506112, coverage: 1, TP: 207, FP: 560, nbPos: 409
      Hatespeech[0], def: 0.2205, prec: 0.252, rec: 0.992, TP: 124, FP: 368, nbPos: 125
      Body[1], def: 0.0282, prec: 0.5, rec: 0.0625, TP: 1, FP: 1, nbPos: 16
      Fatpeople[2], def: 0.0282, prec: 0.5, rec: 0.0625, TP: 1, FP: 1, nbPos: 16
      Homophobia[1], def: 0.0564, prec: 0.3529, rec: 0.375, TP: 12, FP: 22, nbPos: 32
      Homossexuals[2], def: 0.0511, prec: 0.3548, rec: 0.3793, TP: 11, FP: 20, nbPos: 29
      Gays[3], def: 0.0106, prec: 0, rec: 0, TP: 0, FP: 1, nbPos: 6
      Lesbians[3], def: 0.0406, prec: 0.3667, rec: 0.4783, TP: 11, FP: 19, nbPos: 23
      Ideology[1], def: 0.0141, prec: 0, rec: 0, TP: 0, FP: 5, nbPos: 8
      Feminists[2], def: 0.0088, prec: 0, rec: 0, TP: 0, FP: 5, nbPos: 5
      Migrants[1], def: 0.0141, prec: 0, rec: 0, TP: 0, FP: 3, nbPos: 8
      Refugees[2], def: 0.0106, prec: 0, rec: 0, TP: 0, FP: 2, nbPos: 6
      Origin[1], def: 0.0159, prec: 0, rec: 0, TP: 0, FP: 3, nbPos: 9
      Racism[1], def: 0.0176, prec: 0, rec: 0, TP: 0, FP: 3, nbPos: 10
      Blackpeople[2], def: 0.0106, prec: 0, rec: 0, TP: 0, FP: 2, nbPos: 6
      Sexism[1], def: 0.0882, prec: 0.3133, rec: 0.52, TP: 26, FP: 57, nbPos: 50
      Men[2], def: 0.0123, prec: 0.5, rec: 0.1429, TP: 1, FP: 1, nbPos: 7
      Women[2], def: 0.0653, prec: 0.2985, rec: 0.5405, TP: 20, FP: 47, nbPos: 37
   T(14.0)        : precision: 0.317708, recall: 0.447433, coverage: 1, TP: 183, FP: 393, nbPos: 409
      Hatespeech[0], def: 0.2205, prec: 0.3232, rec: 0.848, TP: 106, FP: 222, nbPos: 125
      Body[1], def: 0.0282, prec: 0.5, rec: 0.0625, TP: 1, FP: 1, nbPos: 16
      Fatpeople[2], def: 0.0282, prec: 0.5, rec: 0.0625, TP: 1, FP: 1, nbPos: 16
      Homophobia[1], def: 0.0564, prec: 0.3529, rec: 0.375, TP: 12, FP: 22, nbPos: 32
      Homossexuals[2], def: 0.0511, prec: 0.3548, rec: 0.3793, TP: 11, FP: 20, nbPos: 29
      Gays[3], def: 0.0106, prec: 0, rec: 0, TP: 0, FP: 1, nbPos: 6
      Lesbians[3], def: 0.0406, prec: 0.3462, rec: 0.3913, TP: 9, FP: 17, nbPos: 23
      Ideology[1], def: 0.0141, prec: 0, rec: 0, TP: 0, FP: 3, nbPos: 8
      Feminists[2], def: 0.0088, prec: 0, rec: 0, TP: 0, FP: 3, nbPos: 5
      Migrants[1], def: 0.0141, prec: 0, rec: 0, TP: 0, FP: 1, nbPos: 8
      Origin[1], def: 0.0159, prec: 0, rec: 0, TP: 0, FP: 1, nbPos: 9
      Racism[1], def: 0.0176, prec: 0, rec: 0, TP: 0, FP: 3, nbPos: 10
      Blackpeople[2], def: 0.0106, prec: 0, rec: 0, TP: 0, FP: 2, nbPos: 6
      Sexism[1], def: 0.0882, prec: 0.3133, rec: 0.52, TP: 26, FP: 57, nbPos: 50
      Men[2], def: 0.0123, prec: 0.5, rec: 0.1429, TP: 1, FP: 1, nbPos: 7
      Women[2], def: 0.0653, prec: 0.2963, rec: 0.4324, TP: 16, FP: 38, nbPos: 37
   T(16.0)        : precision: 0.325142, recall: 0.420538, coverage: 1, TP: 172, FP: 357, nbPos: 409
      Hatespeech[0], def: 0.2205, prec: 0.324, rec: 0.832, TP: 104, FP: 217, nbPos: 125
      Body[1], def: 0.0282, prec: 0.5, rec: 0.0625, TP: 1, FP: 1, nbPos: 16
      Fatpeople[2], def: 0.0282, prec: 0.5, rec: 0.0625, TP: 1, FP: 1, nbPos: 16
      Homophobia[1], def: 0.0564, prec: 0.3548, rec: 0.3438, TP: 11, FP: 20, nbPos: 32
      Homossexuals[2], def: 0.0511, prec: 0.3333, rec: 0.3103, TP: 9, FP: 18, nbPos: 29
      Gays[3], def: 0.0106, prec: 0, rec: 0, TP: 0, FP: 1, nbPos: 6
      Lesbians[3], def: 0.0406, prec: 0.4706, rec: 0.3478, TP: 8, FP: 9, nbPos: 23
      Ideology[1], def: 0.0141, prec: 0, rec: 0, TP: 0, FP: 3, nbPos: 8
      Feminists[2], def: 0.0088, prec: 0, rec: 0, TP: 0, FP: 3, nbPos: 5
      Migrants[1], def: 0.0141, prec: 0, rec: 0, TP: 0, FP: 1, nbPos: 8
      Origin[1], def: 0.0159, prec: 0, rec: 0, TP: 0, FP: 1, nbPos: 9
      Racism[1], def: 0.0176, prec: 0, rec: 0, TP: 0, FP: 2, nbPos: 10
      Blackpeople[2], def: 0.0106, prec: 0, rec: 0, TP: 0, FP: 2, nbPos: 6
      Sexism[1], def: 0.0882, prec: 0.35, rec: 0.42, TP: 21, FP: 39, nbPos: 50
      Men[2], def: 0.0123, prec: 0.5, rec: 0.1429, TP: 1, FP: 1, nbPos: 7
      Women[2], def: 0.0653, prec: 0.2963, rec: 0.4324, TP: 16, FP: 38, nbPos: 37
   T(18.0)        : precision: 0.336, recall: 0.410758, coverage: 1, TP: 168, FP: 332, nbPos: 409
      Hatespeech[0], def: 0.2205, prec: 0.324, rec: 0.832, TP: 104, FP: 217, nbPos: 125
      Body[1], def: 0.0282, prec: 0.5, rec: 0.0625, TP: 1, FP: 1, nbPos: 16
      Fatpeople[2], def: 0.0282, prec: 0.5, rec: 0.0625, TP: 1, FP: 1, nbPos: 16
      Homophobia[1], def: 0.0564, prec: 0.4545, rec: 0.3125, TP: 10, FP: 12, nbPos: 32
      Homossexuals[2], def: 0.0511, prec: 0.4444, rec: 0.2759, TP: 8, FP: 10, nbPos: 29
      Gays[3], def: 0.0106, prec: 0, rec: 0, TP: 0, FP: 1, nbPos: 6
      Lesbians[3], def: 0.0406, prec: 0.4706, rec: 0.3478, TP: 8, FP: 9, nbPos: 23
      Ideology[1], def: 0.0141, prec: 0, rec: 0, TP: 0, FP: 2, nbPos: 8
      Feminists[2], def: 0.0088, prec: 0, rec: 0, TP: 0, FP: 2, nbPos: 5
      Migrants[1], def: 0.0141, prec: 0, rec: 0, TP: 0, FP: 1, nbPos: 8
      Origin[1], def: 0.0159, prec: 0, rec: 0, TP: 0, FP: 1, nbPos: 9
      Racism[1], def: 0.0176, prec: 0, rec: 0, TP: 0, FP: 2, nbPos: 10
      Blackpeople[2], def: 0.0106, prec: 0, rec: 0, TP: 0, FP: 2, nbPos: 6
      Sexism[1], def: 0.0882, prec: 0.35, rec: 0.42, TP: 21, FP: 39, nbPos: 50
      Men[2], def: 0.0123, prec: 0.5, rec: 0.1429, TP: 1, FP: 1, nbPos: 7
      Women[2], def: 0.0653, prec: 0.3111, rec: 0.3784, TP: 14, FP: 31, nbPos: 37
   T(20.0)        : precision: 0.340862, recall: 0.405868, coverage: 1, TP: 166, FP: 321, nbPos: 409
      Hatespeech[0], def: 0.2205, prec: 0.324, rec: 0.832, TP: 104, FP: 217, nbPos: 125
      Body[1], def: 0.0282, prec: 1, rec: 0.0625, TP: 1, FP: 0, nbPos: 16
      Fatpeople[2], def: 0.0282, prec: 1, rec: 0.0625, TP: 1, FP: 0, nbPos: 16
      Homophobia[1], def: 0.0564, prec: 0.4444, rec: 0.25, TP: 8, FP: 10, nbPos: 32
      Homossexuals[2], def: 0.0511, prec: 0.4444, rec: 0.2759, TP: 8, FP: 10, nbPos: 29
      Gays[3], def: 0.0106, prec: 0, rec: 0, TP: 0, FP: 1, nbPos: 6
      Lesbians[3], def: 0.0406, prec: 0.4706, rec: 0.3478, TP: 8, FP: 9, nbPos: 23
      Ideology[1], def: 0.0141, prec: 0, rec: 0, TP: 0, FP: 1, nbPos: 8
      Feminists[2], def: 0.0088, prec: 0, rec: 0, TP: 0, FP: 1, nbPos: 5
      Migrants[1], def: 0.0141, prec: 0, rec: 0, TP: 0, FP: 1, nbPos: 8
      Origin[1], def: 0.0159, prec: 0, rec: 0, TP: 0, FP: 1, nbPos: 9
      Racism[1], def: 0.0176, prec: 0, rec: 0, TP: 0, FP: 2, nbPos: 10
      Blackpeople[2], def: 0.0106, prec: 0, rec: 0, TP: 0, FP: 2, nbPos: 6
      Sexism[1], def: 0.0882, prec: 0.3621, rec: 0.42, TP: 21, FP: 37, nbPos: 50
      Men[2], def: 0.0123, prec: 0.5, rec: 0.1429, TP: 1, FP: 1, nbPos: 7
      Women[2], def: 0.0653, prec: 0.3333, rec: 0.3784, TP: 14, FP: 28, nbPos: 37
   T(22.0)        : precision: 0.432624, recall: 0.298289, coverage: 1, TP: 122, FP: 160, nbPos: 409
      Hatespeech[0], def: 0.2205, prec: 0.4654, rec: 0.592, TP: 74, FP: 85, nbPos: 125
      Homophobia[1], def: 0.0564, prec: 0.4375, rec: 0.2188, TP: 7, FP: 9, nbPos: 32
      Homossexuals[2], def: 0.0511, prec: 0.4375, rec: 0.2414, TP: 7, FP: 9, nbPos: 29
      Lesbians[3], def: 0.0406, prec: 0.4667, rec: 0.3043, TP: 7, FP: 8, nbPos: 23
      Ideology[1], def: 0.0141, prec: 0, rec: 0, TP: 0, FP: 1, nbPos: 8
      Feminists[2], def: 0.0088, prec: 0, rec: 0, TP: 0, FP: 1, nbPos: 5
      Racism[1], def: 0.0176, prec: 0, rec: 0, TP: 0, FP: 1, nbPos: 10
      Blackpeople[2], def: 0.0106, prec: 0, rec: 0, TP: 0, FP: 1, nbPos: 6
      Sexism[1], def: 0.0882, prec: 0.375, rec: 0.42, TP: 21, FP: 35, nbPos: 50
      Women[2], def: 0.0653, prec: 0.375, rec: 0.1622, TP: 6, FP: 10, nbPos: 37
   T(24.0)        : precision: 0.435252, recall: 0.295844, coverage: 1, TP: 121, FP: 157, nbPos: 409
      Hatespeech[0], def: 0.2205, prec: 0.4654, rec: 0.592, TP: 74, FP: 85, nbPos: 125
      Homophobia[1], def: 0.0564, prec: 0.4375, rec: 0.2188, TP: 7, FP: 9, nbPos: 32
      Homossexuals[2], def: 0.0511, prec: 0.4375, rec: 0.2414, TP: 7, FP: 9, nbPos: 29
      Lesbians[3], def: 0.0406, prec: 0.4667, rec: 0.3043, TP: 7, FP: 8, nbPos: 23
      Ideology[1], def: 0.0141, prec: 0, rec: 0, TP: 0, FP: 1, nbPos: 8
      Feminists[2], def: 0.0088, prec: 0, rec: 0, TP: 0, FP: 1, nbPos: 5
      Racism[1], def: 0.0176, prec: 0, rec: 0, TP: 0, FP: 1, nbPos: 10
      Blackpeople[2], def: 0.0106, prec: 0, rec: 0, TP: 0, FP: 1, nbPos: 6
      Sexism[1], def: 0.0882, prec: 0.3846, rec: 0.4, TP: 20, FP: 32, nbPos: 50
      Women[2], def: 0.0653, prec: 0.375, rec: 0.1622, TP: 6, FP: 10, nbPos: 37
   T(26.0)        : precision: 0.461905, recall: 0.237164, coverage: 1, TP: 97, FP: 113, nbPos: 409
      Hatespeech[0], def: 0.2205, prec: 0.5039, rec: 0.512, TP: 64, FP: 63, nbPos: 125
      Homophobia[1], def: 0.0564, prec: 0.4375, rec: 0.2188, TP: 7, FP: 9, nbPos: 32
      Homossexuals[2], def: 0.0511, prec: 0.4375, rec: 0.2414, TP: 7, FP: 9, nbPos: 29
      Lesbians[3], def: 0.0406, prec: 0.4667, rec: 0.3043, TP: 7, FP: 8, nbPos: 23
      Ideology[1], def: 0.0141, prec: 0, rec: 0, TP: 0, FP: 1, nbPos: 8
      Feminists[2], def: 0.0088, prec: 0, rec: 0, TP: 0, FP: 1, nbPos: 5
      Racism[1], def: 0.0176, prec: 0, rec: 0, TP: 0, FP: 1, nbPos: 10
      Blackpeople[2], def: 0.0106, prec: 0, rec: 0, TP: 0, FP: 1, nbPos: 6
      Sexism[1], def: 0.0882, prec: 0.3889, rec: 0.14, TP: 7, FP: 11, nbPos: 50
      Women[2], def: 0.0653, prec: 0.3571, rec: 0.1351, TP: 5, FP: 9, nbPos: 37
   T(28.0)        : precision: 0.489247, recall: 0.222494, coverage: 1, TP: 91, FP: 95, nbPos: 409
      Hatespeech[0], def: 0.2205, prec: 0.5514, rec: 0.472, TP: 59, FP: 48, nbPos: 125
      Homophobia[1], def: 0.0564, prec: 0.4375, rec: 0.2188, TP: 7, FP: 9, nbPos: 32
      Homossexuals[2], def: 0.0511, prec: 0.4375, rec: 0.2414, TP: 7, FP: 9, nbPos: 29
      Lesbians[3], def: 0.0406, prec: 0.4667, rec: 0.3043, TP: 7, FP: 8, nbPos: 23
      Ideology[1], def: 0.0141, prec: 0, rec: 0, TP: 0, FP: 1, nbPos: 8
      Feminists[2], def: 0.0088, prec: 0, rec: 0, TP: 0, FP: 1, nbPos: 5
      Racism[1], def: 0.0176, prec: 0, rec: 0, TP: 0, FP: 1, nbPos: 10
      Blackpeople[2], def: 0.0106, prec: 0, rec: 0, TP: 0, FP: 1, nbPos: 6
      Sexism[1], def: 0.0882, prec: 0.4375, rec: 0.14, TP: 7, FP: 9, nbPos: 50
      Women[2], def: 0.0653, prec: 0.3333, rec: 0.1081, TP: 4, FP: 8, nbPos: 37
   T(30.0)        : precision: 0.524691, recall: 0.207824, coverage: 1, TP: 85, FP: 77, nbPos: 409
      Hatespeech[0], def: 0.2205, prec: 0.5876, rec: 0.456, TP: 57, FP: 40, nbPos: 125
      Homophobia[1], def: 0.0564, prec: 0.4375, rec: 0.2188, TP: 7, FP: 9, nbPos: 32
      Homossexuals[2], def: 0.0511, prec: 0.4375, rec: 0.2414, TP: 7, FP: 9, nbPos: 29
      Lesbians[3], def: 0.0406, prec: 0.625, rec: 0.2174, TP: 5, FP: 3, nbPos: 23
      Ideology[1], def: 0.0141, prec: 0, rec: 0, TP: 0, FP: 1, nbPos: 8
      Feminists[2], def: 0.0088, prec: 0, rec: 0, TP: 0, FP: 1, nbPos: 5
      Racism[1], def: 0.0176, prec: 0, rec: 0, TP: 0, FP: 1, nbPos: 10
      Blackpeople[2], def: 0.0106, prec: 0, rec: 0, TP: 0, FP: 1, nbPos: 6
      Sexism[1], def: 0.0882, prec: 0.4667, rec: 0.14, TP: 7, FP: 8, nbPos: 50
      Women[2], def: 0.0653, prec: 0.3333, rec: 0.0541, TP: 2, FP: 4, nbPos: 37
   T(32.0)        : precision: 0.566434, recall: 0.198044, coverage: 1, TP: 81, FP: 62, nbPos: 409
      Hatespeech[0], def: 0.2205, prec: 0.5876, rec: 0.456, TP: 57, FP: 40, nbPos: 125
      Homophobia[1], def: 0.0564, prec: 0.625, rec: 0.1562, TP: 5, FP: 3, nbPos: 32
      Homossexuals[2], def: 0.0511, prec: 0.625, rec: 0.1724, TP: 5, FP: 3, nbPos: 29
      Lesbians[3], def: 0.0406, prec: 0.7143, rec: 0.2174, TP: 5, FP: 2, nbPos: 23
      Ideology[1], def: 0.0141, prec: 0, rec: 0, TP: 0, FP: 1, nbPos: 8
      Feminists[2], def: 0.0088, prec: 0, rec: 0, TP: 0, FP: 1, nbPos: 5
      Racism[1], def: 0.0176, prec: 0, rec: 0, TP: 0, FP: 1, nbPos: 10
      Blackpeople[2], def: 0.0106, prec: 0, rec: 0, TP: 0, FP: 1, nbPos: 6
      Sexism[1], def: 0.0882, prec: 0.5, rec: 0.14, TP: 7, FP: 7, nbPos: 50
      Women[2], def: 0.0653, prec: 0.4, rec: 0.0541, TP: 2, FP: 3, nbPos: 37
   T(34.0)        : precision: 0.59542, recall: 0.190709, coverage: 1, TP: 78, FP: 53, nbPos: 409
      Hatespeech[0], def: 0.2205, prec: 0.5978, rec: 0.44, TP: 55, FP: 37, nbPos: 125
      Homophobia[1], def: 0.0564, prec: 0.625, rec: 0.1562, TP: 5, FP: 3, nbPos: 32
      Homossexuals[2], def: 0.0511, prec: 0.625, rec: 0.1724, TP: 5, FP: 3, nbPos: 29
      Lesbians[3], def: 0.0406, prec: 0.7143, rec: 0.2174, TP: 5, FP: 2, nbPos: 23
      Sexism[1], def: 0.0882, prec: 0.5, rec: 0.12, TP: 6, FP: 6, nbPos: 50
      Women[2], def: 0.0653, prec: 0.5, rec: 0.0541, TP: 2, FP: 2, nbPos: 37
   T(36.0)        : precision: 0.6, recall: 0.183374, coverage: 1, TP: 75, FP: 50, nbPos: 409
      Hatespeech[0], def: 0.2205, prec: 0.5934, rec: 0.432, TP: 54, FP: 37, nbPos: 125
      Homophobia[1], def: 0.0564, prec: 0.625, rec: 0.1562, TP: 5, FP: 3, nbPos: 32
      Homossexuals[2], def: 0.0511, prec: 0.625, rec: 0.1724, TP: 5, FP: 3, nbPos: 29
      Lesbians[3], def: 0.0406, prec: 0.7143, rec: 0.2174, TP: 5, FP: 2, nbPos: 23
      Sexism[1], def: 0.0882, prec: 0.5714, rec: 0.08, TP: 4, FP: 3, nbPos: 50
      Women[2], def: 0.0653, prec: 0.5, rec: 0.0541, TP: 2, FP: 2, nbPos: 37
   T(38.0)        : precision: 0.601942, recall: 0.151589, coverage: 1, TP: 62, FP: 41, nbPos: 409
      Hatespeech[0], def: 0.2205, prec: 0.6026, rec: 0.376, TP: 47, FP: 31, nbPos: 125
      Homophobia[1], def: 0.0564, prec: 0.5714, rec: 0.125, TP: 4, FP: 3, nbPos: 32
      Homossexuals[2], def: 0.0511, prec: 0.5714, rec: 0.1379, TP: 4, FP: 3, nbPos: 29
      Lesbians[3], def: 0.0406, prec: 0.6667, rec: 0.1739, TP: 4, FP: 2, nbPos: 23
      Sexism[1], def: 0.0882, prec: 0.6667, rec: 0.04, TP: 2, FP: 1, nbPos: 50
      Women[2], def: 0.0653, prec: 0.5, rec: 0.027, TP: 1, FP: 1, nbPos: 37
   T(40.0)        : precision: 0.623656, recall: 0.141809, coverage: 1, TP: 58, FP: 35, nbPos: 409
      Hatespeech[0], def: 0.2205, prec: 0.6232, rec: 0.344, TP: 43, FP: 26, nbPos: 125
      Homophobia[1], def: 0.0564, prec: 0.5714, rec: 0.125, TP: 4, FP: 3, nbPos: 32
      Homossexuals[2], def: 0.0511, prec: 0.6667, rec: 0.1379, TP: 4, FP: 2, nbPos: 29
      Lesbians[3], def: 0.0406, prec: 0.6667, rec: 0.1739, TP: 4, FP: 2, nbPos: 23
      Sexism[1], def: 0.0882, prec: 0.6667, rec: 0.04, TP: 2, FP: 1, nbPos: 50
      Women[2], def: 0.0653, prec: 0.5, rec: 0.027, TP: 1, FP: 1, nbPos: 37
   T(42.0)        : precision: 0.651685, recall: 0.141809, coverage: 1, TP: 58, FP: 31, nbPos: 409
      Hatespeech[0], def: 0.2205, prec: 0.6232, rec: 0.344, TP: 43, FP: 26, nbPos: 125
      Homophobia[1], def: 0.0564, prec: 0.6667, rec: 0.125, TP: 4, FP: 2, nbPos: 32
      Homossexuals[2], def: 0.0511, prec: 0.8, rec: 0.1379, TP: 4, FP: 1, nbPos: 29
      Lesbians[3], def: 0.0406, prec: 0.8, rec: 0.1739, TP: 4, FP: 1, nbPos: 23
      Sexism[1], def: 0.0882, prec: 0.6667, rec: 0.04, TP: 2, FP: 1, nbPos: 50
      Women[2], def: 0.0653, prec: 1, rec: 0.027, TP: 1, FP: 0, nbPos: 37
   T(44.0)        : precision: 0.694915, recall: 0.100244, coverage: 1, TP: 41, FP: 18, nbPos: 409
      Hatespeech[0], def: 0.2205, prec: 0.6667, rec: 0.208, TP: 26, FP: 13, nbPos: 125
      Homophobia[1], def: 0.0564, prec: 0.6667, rec: 0.125, TP: 4, FP: 2, nbPos: 32
      Homossexuals[2], def: 0.0511, prec: 0.8, rec: 0.1379, TP: 4, FP: 1, nbPos: 29
      Lesbians[3], def: 0.0406, prec: 0.8, rec: 0.1739, TP: 4, FP: 1, nbPos: 23
      Sexism[1], def: 0.0882, prec: 0.6667, rec: 0.04, TP: 2, FP: 1, nbPos: 50
      Women[2], def: 0.0653, prec: 1, rec: 0.027, TP: 1, FP: 0, nbPos: 37
   T(46.0)        : precision: 0.694915, recall: 0.100244, coverage: 1, TP: 41, FP: 18, nbPos: 409
      Hatespeech[0], def: 0.2205, prec: 0.6667, rec: 0.208, TP: 26, FP: 13, nbPos: 125
      Homophobia[1], def: 0.0564, prec: 0.6667, rec: 0.125, TP: 4, FP: 2, nbPos: 32
      Homossexuals[2], def: 0.0511, prec: 0.8, rec: 0.1379, TP: 4, FP: 1, nbPos: 29
      Lesbians[3], def: 0.0406, prec: 0.8, rec: 0.1739, TP: 4, FP: 1, nbPos: 23
      Sexism[1], def: 0.0882, prec: 0.6667, rec: 0.04, TP: 2, FP: 1, nbPos: 50
      Women[2], def: 0.0653, prec: 1, rec: 0.027, TP: 1, FP: 0, nbPos: 37
   T(48.0)        : precision: 0.701754, recall: 0.0978, coverage: 1, TP: 40, FP: 17, nbPos: 409
      Hatespeech[0], def: 0.2205, prec: 0.6579, rec: 0.2, TP: 25, FP: 13, nbPos: 125
      Homophobia[1], def: 0.0564, prec: 0.8, rec: 0.125, TP: 4, FP: 1, nbPos: 32
      Homossexuals[2], def: 0.0511, prec: 0.8, rec: 0.1379, TP: 4, FP: 1, nbPos: 29
      Lesbians[3], def: 0.0406, prec: 0.8, rec: 0.1739, TP: 4, FP: 1, nbPos: 23
      Sexism[1], def: 0.0882, prec: 0.6667, rec: 0.04, TP: 2, FP: 1, nbPos: 50
      Women[2], def: 0.0653, prec: 1, rec: 0.027, TP: 1, FP: 0, nbPos: 37
   T(50.0)        : precision: 0.701754, recall: 0.0978, coverage: 1, TP: 40, FP: 17, nbPos: 409
      Hatespeech[0], def: 0.2205, prec: 0.6579, rec: 0.2, TP: 25, FP: 13, nbPos: 125
      Homophobia[1], def: 0.0564, prec: 0.8, rec: 0.125, TP: 4, FP: 1, nbPos: 32
      Homossexuals[2], def: 0.0511, prec: 0.8, rec: 0.1379, TP: 4, FP: 1, nbPos: 29
      Lesbians[3], def: 0.0406, prec: 0.8, rec: 0.1739, TP: 4, FP: 1, nbPos: 23
      Sexism[1], def: 0.0882, prec: 0.6667, rec: 0.04, TP: 2, FP: 1, nbPos: 50
      Women[2], def: 0.0653, prec: 1, rec: 0.027, TP: 1, FP: 0, nbPos: 37
   T(52.0)        : precision: 0.75, recall: 0.080685, coverage: 1, TP: 33, FP: 11, nbPos: 409
      Hatespeech[0], def: 0.2205, prec: 0.6923, rec: 0.144, TP: 18, FP: 8, nbPos: 125
      Homophobia[1], def: 0.0564, prec: 0.8, rec: 0.125, TP: 4, FP: 1, nbPos: 32
      Homossexuals[2], def: 0.0511, prec: 0.8, rec: 0.1379, TP: 4, FP: 1, nbPos: 29
      Lesbians[3], def: 0.0406, prec: 0.8, rec: 0.1739, TP: 4, FP: 1, nbPos: 23
      Sexism[1], def: 0.0882, prec: 1, rec: 0.04, TP: 2, FP: 0, nbPos: 50
      Women[2], def: 0.0653, prec: 1, rec: 0.027, TP: 1, FP: 0, nbPos: 37
   T(54.0)        : precision: 0.744186, recall: 0.07824, coverage: 1, TP: 32, FP: 11, nbPos: 409
      Hatespeech[0], def: 0.2205, prec: 0.68, rec: 0.136, TP: 17, FP: 8, nbPos: 125
      Homophobia[1], def: 0.0564, prec: 0.8, rec: 0.125, TP: 4, FP: 1, nbPos: 32
      Homossexuals[2], def: 0.0511, prec: 0.8, rec: 0.1379, TP: 4, FP: 1, nbPos: 29
      Lesbians[3], def: 0.0406, prec: 0.8, rec: 0.1739, TP: 4, FP: 1, nbPos: 23
      Sexism[1], def: 0.0882, prec: 1, rec: 0.04, TP: 2, FP: 0, nbPos: 50
      Women[2], def: 0.0653, prec: 1, rec: 0.027, TP: 1, FP: 0, nbPos: 37
   T(56.0)        : precision: 0.75, recall: 0.07335, coverage: 1, TP: 30, FP: 10, nbPos: 409
      Hatespeech[0], def: 0.2205, prec: 0.6957, rec: 0.128, TP: 16, FP: 7, nbPos: 125
      Homophobia[1], def: 0.0564, prec: 0.8, rec: 0.125, TP: 4, FP: 1, nbPos: 32
      Homossexuals[2], def: 0.0511, prec: 0.8, rec: 0.1379, TP: 4, FP: 1, nbPos: 29
      Lesbians[3], def: 0.0406, prec: 0.8, rec: 0.1739, TP: 4, FP: 1, nbPos: 23
      Sexism[1], def: 0.0882, prec: 1, rec: 0.04, TP: 2, FP: 0, nbPos: 50
   T(58.0)        : precision: 0.75, recall: 0.07335, coverage: 1, TP: 30, FP: 10, nbPos: 409
      Hatespeech[0], def: 0.2205, prec: 0.6957, rec: 0.128, TP: 16, FP: 7, nbPos: 125
      Homophobia[1], def: 0.0564, prec: 0.8, rec: 0.125, TP: 4, FP: 1, nbPos: 32
      Homossexuals[2], def: 0.0511, prec: 0.8, rec: 0.1379, TP: 4, FP: 1, nbPos: 29
      Lesbians[3], def: 0.0406, prec: 0.8, rec: 0.1739, TP: 4, FP: 1, nbPos: 23
      Sexism[1], def: 0.0882, prec: 1, rec: 0.04, TP: 2, FP: 0, nbPos: 50
   T(60.0)        : precision: 0.75, recall: 0.07335, coverage: 1, TP: 30, FP: 10, nbPos: 409
      Hatespeech[0], def: 0.2205, prec: 0.6957, rec: 0.128, TP: 16, FP: 7, nbPos: 125
      Homophobia[1], def: 0.0564, prec: 0.8, rec: 0.125, TP: 4, FP: 1, nbPos: 32
      Homossexuals[2], def: 0.0511, prec: 0.8, rec: 0.1379, TP: 4, FP: 1, nbPos: 29
      Lesbians[3], def: 0.0406, prec: 0.8, rec: 0.1739, TP: 4, FP: 1, nbPos: 23
      Sexism[1], def: 0.0882, prec: 1, rec: 0.04, TP: 2, FP: 0, nbPos: 50
   T(62.0)        : precision: 0.74359, recall: 0.070905, coverage: 1, TP: 29, FP: 10, nbPos: 409
      Hatespeech[0], def: 0.2205, prec: 0.6957, rec: 0.128, TP: 16, FP: 7, nbPos: 125
      Homophobia[1], def: 0.0564, prec: 0.8, rec: 0.125, TP: 4, FP: 1, nbPos: 32
      Homossexuals[2], def: 0.0511, prec: 0.8, rec: 0.1379, TP: 4, FP: 1, nbPos: 29
      Lesbians[3], def: 0.0406, prec: 0.8, rec: 0.1739, TP: 4, FP: 1, nbPos: 23
      Sexism[1], def: 0.0882, prec: 1, rec: 0.02, TP: 1, FP: 0, nbPos: 50
   T(64.0)        : precision: 0.8125, recall: 0.06357, coverage: 1, TP: 26, FP: 6, nbPos: 409
      Hatespeech[0], def: 0.2205, prec: 0.8125, rec: 0.104, TP: 13, FP: 3, nbPos: 125
      Homophobia[1], def: 0.0564, prec: 0.8, rec: 0.125, TP: 4, FP: 1, nbPos: 32
      Homossexuals[2], def: 0.0511, prec: 0.8, rec: 0.1379, TP: 4, FP: 1, nbPos: 29
      Lesbians[3], def: 0.0406, prec: 0.8, rec: 0.1739, TP: 4, FP: 1, nbPos: 23
      Sexism[1], def: 0.0882, prec: 1, rec: 0.02, TP: 1, FP: 0, nbPos: 50
   T(66.0)        : precision: 0.814815, recall: 0.05379, coverage: 1, TP: 22, FP: 5, nbPos: 409
      Hatespeech[0], def: 0.2205, prec: 0.8182, rec: 0.072, TP: 9, FP: 2, nbPos: 125
      Homophobia[1], def: 0.0564, prec: 0.8, rec: 0.125, TP: 4, FP: 1, nbPos: 32
      Homossexuals[2], def: 0.0511, prec: 0.8, rec: 0.1379, TP: 4, FP: 1, nbPos: 29
      Lesbians[3], def: 0.0406, prec: 0.8, rec: 0.1739, TP: 4, FP: 1, nbPos: 23
      Sexism[1], def: 0.0882, prec: 1, rec: 0.02, TP: 1, FP: 0, nbPos: 50
   T(68.0)        : precision: 0.814815, recall: 0.05379, coverage: 1, TP: 22, FP: 5, nbPos: 409
      Hatespeech[0], def: 0.2205, prec: 0.8182, rec: 0.072, TP: 9, FP: 2, nbPos: 125
      Homophobia[1], def: 0.0564, prec: 0.8, rec: 0.125, TP: 4, FP: 1, nbPos: 32
      Homossexuals[2], def: 0.0511, prec: 0.8, rec: 0.1379, TP: 4, FP: 1, nbPos: 29
      Lesbians[3], def: 0.0406, prec: 0.8, rec: 0.1739, TP: 4, FP: 1, nbPos: 23
      Sexism[1], def: 0.0882, prec: 1, rec: 0.02, TP: 1, FP: 0, nbPos: 50
   T(70.0)        : precision: 0.814815, recall: 0.05379, coverage: 1, TP: 22, FP: 5, nbPos: 409
      Hatespeech[0], def: 0.2205, prec: 0.8182, rec: 0.072, TP: 9, FP: 2, nbPos: 125
      Homophobia[1], def: 0.0564, prec: 0.8, rec: 0.125, TP: 4, FP: 1, nbPos: 32
      Homossexuals[2], def: 0.0511, prec: 0.8, rec: 0.1379, TP: 4, FP: 1, nbPos: 29
      Lesbians[3], def: 0.0406, prec: 0.8, rec: 0.1739, TP: 4, FP: 1, nbPos: 23
      Sexism[1], def: 0.0882, prec: 1, rec: 0.02, TP: 1, FP: 0, nbPos: 50
   T(72.0)        : precision: 0.814815, recall: 0.05379, coverage: 1, TP: 22, FP: 5, nbPos: 409
      Hatespeech[0], def: 0.2205, prec: 0.8182, rec: 0.072, TP: 9, FP: 2, nbPos: 125
      Homophobia[1], def: 0.0564, prec: 0.8, rec: 0.125, TP: 4, FP: 1, nbPos: 32
      Homossexuals[2], def: 0.0511, prec: 0.8, rec: 0.1379, TP: 4, FP: 1, nbPos: 29
      Lesbians[3], def: 0.0406, prec: 0.8, rec: 0.1739, TP: 4, FP: 1, nbPos: 23
      Sexism[1], def: 0.0882, prec: 1, rec: 0.02, TP: 1, FP: 0, nbPos: 50
   T(74.0)        : precision: 0.8, recall: 0.0489, coverage: 1, TP: 20, FP: 5, nbPos: 409
      Hatespeech[0], def: 0.2205, prec: 0.8, rec: 0.064, TP: 8, FP: 2, nbPos: 125
      Homophobia[1], def: 0.0564, prec: 0.8, rec: 0.125, TP: 4, FP: 1, nbPos: 32
      Homossexuals[2], def: 0.0511, prec: 0.8, rec: 0.1379, TP: 4, FP: 1, nbPos: 29
      Lesbians[3], def: 0.0406, prec: 0.8, rec: 0.1739, TP: 4, FP: 1, nbPos: 23
   T(76.0)        : precision: 0.8, recall: 0.0489, coverage: 1, TP: 20, FP: 5, nbPos: 409
      Hatespeech[0], def: 0.2205, prec: 0.8, rec: 0.064, TP: 8, FP: 2, nbPos: 125
      Homophobia[1], def: 0.0564, prec: 0.8, rec: 0.125, TP: 4, FP: 1, nbPos: 32
      Homossexuals[2], def: 0.0511, prec: 0.8, rec: 0.1379, TP: 4, FP: 1, nbPos: 29
      Lesbians[3], def: 0.0406, prec: 0.8, rec: 0.1739, TP: 4, FP: 1, nbPos: 23
   T(78.0)        : precision: 0.8, recall: 0.0489, coverage: 1, TP: 20, FP: 5, nbPos: 409
      Hatespeech[0], def: 0.2205, prec: 0.8, rec: 0.064, TP: 8, FP: 2, nbPos: 125
      Homophobia[1], def: 0.0564, prec: 0.8, rec: 0.125, TP: 4, FP: 1, nbPos: 32
      Homossexuals[2], def: 0.0511, prec: 0.8, rec: 0.1379, TP: 4, FP: 1, nbPos: 29
      Lesbians[3], def: 0.0406, prec: 0.8, rec: 0.1739, TP: 4, FP: 1, nbPos: 23
   T(80.0)        : precision: 0.8, recall: 0.0489, coverage: 1, TP: 20, FP: 5, nbPos: 409
      Hatespeech[0], def: 0.2205, prec: 0.8, rec: 0.064, TP: 8, FP: 2, nbPos: 125
      Homophobia[1], def: 0.0564, prec: 0.8, rec: 0.125, TP: 4, FP: 1, nbPos: 32
      Homossexuals[2], def: 0.0511, prec: 0.8, rec: 0.1379, TP: 4, FP: 1, nbPos: 29
      Lesbians[3], def: 0.0406, prec: 0.8, rec: 0.1739, TP: 4, FP: 1, nbPos: 23
   T(82.0)        : precision: 0.761905, recall: 0.03912, coverage: 1, TP: 16, FP: 5, nbPos: 409
      Hatespeech[0], def: 0.2205, prec: 0.7778, rec: 0.056, TP: 7, FP: 2, nbPos: 125
      Homophobia[1], def: 0.0564, prec: 0.8, rec: 0.125, TP: 4, FP: 1, nbPos: 32
      Homossexuals[2], def: 0.0511, prec: 0.8, rec: 0.1379, TP: 4, FP: 1, nbPos: 29
      Lesbians[3], def: 0.0406, prec: 0.5, rec: 0.0435, TP: 1, FP: 1, nbPos: 23
   T(84.0)        : precision: 0.8, recall: 0.03912, coverage: 1, TP: 16, FP: 4, nbPos: 409
      Hatespeech[0], def: 0.2205, prec: 0.875, rec: 0.056, TP: 7, FP: 1, nbPos: 125
      Homophobia[1], def: 0.0564, prec: 0.8, rec: 0.125, TP: 4, FP: 1, nbPos: 32
      Homossexuals[2], def: 0.0511, prec: 0.8, rec: 0.1379, TP: 4, FP: 1, nbPos: 29
      Lesbians[3], def: 0.0406, prec: 0.5, rec: 0.0435, TP: 1, FP: 1, nbPos: 23
   T(86.0)        : precision: 1, recall: 0.012225, coverage: 1, TP: 5, FP: 0, nbPos: 409
      Hatespeech[0], def: 0.2205, prec: 1, rec: 0.04, TP: 5, FP: 0, nbPos: 125
   T(88.0)        : precision: 1, recall: 0.012225, coverage: 1, TP: 5, FP: 0, nbPos: 409
      Hatespeech[0], def: 0.2205, prec: 1, rec: 0.04, TP: 5, FP: 0, nbPos: 125
   T(90.0)        : precision: 1, recall: 0.012225, coverage: 1, TP: 5, FP: 0, nbPos: 409
      Hatespeech[0], def: 0.2205, prec: 1, rec: 0.04, TP: 5, FP: 0, nbPos: 125
   T(92.0)        : precision: 1, recall: 0.012225, coverage: 1, TP: 5, FP: 0, nbPos: 409
      Hatespeech[0], def: 0.2205, prec: 1, rec: 0.04, TP: 5, FP: 0, nbPos: 125
   T(94.0)        : precision: 1, recall: 0.012225, coverage: 1, TP: 5, FP: 0, nbPos: 409
      Hatespeech[0], def: 0.2205, prec: 1, rec: 0.04, TP: 5, FP: 0, nbPos: 125
   T(96.0)        : precision: 1, recall: 0.00489, coverage: 1, TP: 2, FP: 0, nbPos: 409
      Hatespeech[0], def: 0.2205, prec: 1, rec: 0.016, TP: 2, FP: 0, nbPos: 125
   T(98.0)        : precision: 1, recall: 0.00489, coverage: 1, TP: 2, FP: 0, nbPos: 409
      Hatespeech[0], def: 0.2205, prec: 1, rec: 0.016, TP: 2, FP: 0, nbPos: 125
   T(100.0)       : precision: 1, recall: 0.00489, coverage: 1, TP: 2, FP: 0, nbPos: 409
      Hatespeech[0], def: 0.2205, prec: 1, rec: 0.016, TP: 2, FP: 0, nbPos: 125
Hierarchical error measures
   Original: 
      Average AUROC:            0.7869195423698275
      Average AUPRC:            0.1197614758280492
      Average AUPRC (weighted): 0.3069738429056804
      Pooled AUPRC:             0.32398033509172675
      0: Hatespeech[0], AUROC: 0.770389, AUPRC: 0.526626, Freq: 0.220459
      1: Body[1], AUROC: 0.758054, AUPRC: 0.155321, Freq: 0.028219
      2: Fatpeople[2], AUROC: 0.758054, AUPRC: 0.155321, Freq: 0.028219
      6: Homophobia[1], AUROC: 0.766998, AUPRC: 0.288092, Freq: 0.056437
      7: Homossexuals[2], AUROC: 0.764293, AUPRC: 0.280446, Freq: 0.051146
      8: Gays[3], AUROC: 0.719697, AUPRC: 0.025717, Freq: 0.010582
      9: Lesbians[3], AUROC: 0.796355, AUPRC: 0.310548, Freq: 0.040564
      10: Ideology[1], AUROC: 0.694097, AUPRC: 0.038189, Freq: 0.014109
      11: Feminists[2], AUROC: 0.729004, AUPRC: 0.014647, Freq: 0.008818
      12: Leftwingideology[2], AUROC: 0.738053, AUPRC: 0.015115, Freq: 0.003527
      13: Migrants[1], AUROC: 0.814177, AUPRC: 0.055494, Freq: 0.014109
      14: Immigrants[2], AUROC: 0.889381, AUPRC: 0.023561, Freq: 0.003527
      15: Refugees[2], AUROC: 0.79798, AUPRC: 0.040707, Freq: 0.010582
      16: Origin[1], AUROC: 0.82278, AUPRC: 0.059322, Freq: 0.015873
      17: OtherLifestyle[1], AUROC: 0.746903, AUPRC: 0.005685, Freq: 0.003527
      18: Racism[1], AUROC: 0.810503, AUPRC: 0.07737, Freq: 0.017637
      19: Blackpeople[2], AUROC: 0.88473, AUPRC: 0.108836, Freq: 0.010582
      20: Religion[1], AUROC: 0.775414, AUPRC: 0.010679, Freq: 0.005291
      21: Islamists[2], AUROC: 0.840989, AUPRC: 0.002924, Freq: 0.001764
      22: Muslims[2], AUROC: 0.719081, AUPRC: 0.002083, Freq: 0.001764
      23: Sexism[1], AUROC: 0.758917, AUPRC: 0.314131, Freq: 0.088183
      24: Men[2], AUROC: 0.870026, AUPRC: 0.18212, Freq: 0.012346
      25: Transexuals[2], AUROC: 0.73227, AUPRC: 0.012446, Freq: 0.005291
      26: Transwomen[3], AUROC: 0.935398, AUPRC: 0.021352, Freq: 0.003527
      27: Women[2], AUROC: 0.779449, AUPRC: 0.267306, Freq: 0.065256

Default Model
*************

[0.216655,0.028582,0.028229,0,0.000353,0,0.056457,0.050812,0.00988,0.040932,0.014291,0.009527,0.004587,0.014467,0.002646,0.011821,0.016761,0.003176,0.015173,0.008116,0.004234,0.002117,0.001764,0.086097,0.010586,0.006704,0.004411,0.063162,0.783345]: 5668

Original Model
**************

f23 > 0.08717851340770721
+--yes: f118 > 0.11383900046348572
|       +--yes: f29 > -0.3464526832103729
|       |       +--yes: f103 > -0.10972148925065994
|       |       |       +--yes: f249 > -0.08584591001272202
|       |       |       |       +--yes: [0.268908,0.042017,0.042017,0,0,0,0.07563,0.071429,0.016807,0.054622,0.021008,0.012605,0.008403,0.004202,0,0.004202,0.008403,0,0.021008,0.008403,0.008403,0,0.008403,0.10084,0.016807,0.012605,0.008403,0.067227,0.731092]: 238
|       |       |       |       +--no:  f111 > -0.16362664103507996
|       |       |       |               +--yes: f208 > 0.09661374986171722
|       |       |       |               |       +--yes: [0.634146,0.073171,0.073171,0,0,0,0.317073,0.317073,0.02439,0.292683,0.02439,0.02439,0,0.02439,0,0.02439,0.02439,0.02439,0.073171,0.073171,0,0,0,0.097561,0,0,0,0.073171,0.365854]: 41
|       |       |       |               |       +--no:  f204 > -0.144244983792305
|       |       |       |               |               +--yes: [0.033333,0,0,0,0,0,0.033333,0,0,0,0,0,0,0,0,0,0,0,0,0,0,0,0,0,0,0,0,0,0.966667]: 30
|       |       |       |               |               +--no:  [0.666667,0,0,0,0,0,0.333333,0.166667,0,0.166667,0.166667,0.166667,0,0,0,0,0,0,0,0,0,0,0,0.333333,0,0,0,0.166667,0.333333]: 6
|       |       |       |               +--no:  [0.857143,0,0,0,0,0,0.857143,0.857143,0,0.857143,0,0,0,0,0,0,0,0,0,0,0,0,0,0,0,0,0,0,0.142857]: 14
|       |       |       +--no:  [0.436214,0.102881,0.098765,0,0.004115,0,0.045267,0.041152,0,0.041152,0.020576,0.020576,0,0.004115,0,0.004115,0.004115,0,0.012346,0.004115,0.00823,0,0.004115,0.255144,0.028807,0.024691,0.024691,0.201646,0.563786]: 243
|       |       +--no:  f69 > -0.137922003865242
|       |               +--yes: [0.95,0,0,0,0,0,0.85,0.85,0.05,0.8,0,0,0,0,0,0,0.05,0,0,0,0,0,0,0.05,0,0,0,0.05,0.05]: 20
|       |               +--no:  [0,0,0,0,0,0,0,0,0,0,0,0,0,0,0,0,0,0,0,0,0,0,0,0,0,0,0,0,1]: 6
|       +--no:  f260 > 0.07969687879085541
|               +--yes: f291 > -0.24463100731372833
|               |       +--yes: f53 > -0.28135499358177185
|               |       |       +--yes: f285 > 0.2892985939979553
|               |       |       |       +--yes: [0.833333,0.166667,0.166667,0,0,0,0.166667,0,0,0,0,0,0,0.166667,0.166667,0,0.166667,0,0,0,0,0,0,0.333333,0.166667,0,0,0.166667,0.166667]: 6
|               |       |       |       +--no:  f72 > -0.39747950434684753
|               |       |       |               +--yes: f7 > 0.11092115193605423
|               |       |       |               |       +--yes: [0.280899,0.022472,0.022472,0,0,0,0.101124,0.101124,0.022472,0.078652,0.044944,0.033708,0,0.022472,0,0.022472,0.033708,0,0.044944,0.011236,0,0,0,0.067416,0.011236,0,0,0.022472,0.719101]: 89
|               |       |       |               |       +--no:  f153 > -0.1847943365573883
|               |       |       |               |               +--yes: f49 > 0.2880856692790985
|               |       |       |               |               |       +--yes: [0.6,0.4,0.4,0,0,0,0,0,0,0,0,0,0,0,0,0,0,0,0,0,0,0,0,0.2,0,0,0,0.2,0.4]: 5
|               |       |       |               |               |       +--no:  f26 > -0.4348383843898773
|               |       |       |               |               |               +--yes: f203 > 0.24190042912960052
|               |       |       |               |               |               |       +--yes: f225 > 0.19769300520420074
|               |       |       |               |               |               |       |       +--yes: [1,0.2,0.2,0,0,0,0.2,0,0,0,0,0,0,0.2,0,0.2,0.2,0.4,0,0,0,0,0,0,0,0,0,0,0]: 5
|               |       |       |               |               |               |       |       +--no:  [0.052632,0,0,0,0,0,0,0,0,0,0,0,0,0,0,0,0,0,0,0,0,0,0,0.052632,0,0,0,0.052632,0.947368]: 19
|               |       |       |               |               |               |       +--no:  f184 > 0.2176276594400406
|               |       |       |               |               |               |               +--yes: [0.4,0,0,0,0,0,0.2,0.2,0.2,0,0,0,0,0,0,0,0,0,0,0,0,0,0,0.2,0,0,0,0.2,0.6]: 5
|               |       |       |               |               |               |               +--no:  f18 > 0.28749600052833557
|               |       |       |               |               |               |                       +--yes: [0.272727,0,0,0,0,0,0,0,0,0,0.090909,0,0.090909,0,0,0,0,0,0,0,0,0,0,0.181818,0,0.090909,0.090909,0.181818,0.727273]: 11
|               |       |       |               |               |               |                       +--no:  f246 > 0.34102073311805725
|               |       |       |               |               |               |                               +--yes: [0.25,0,0,0,0,0,0,0,0,0,0,0,0,0,0,0,0.125,0,0,0,0,0,0,0.125,0.125,0,0,0,0.75]: 8
|               |       |       |               |               |               |                               +--no:  f198 > -0.22512555122375488
|               |       |       |               |               |               |                                       +--yes: f117 > -0.282640665769577
|               |       |       |               |               |               |                                       |       +--yes: f227 > -0.22659732401371002
|               |       |       |               |               |               |                                       |       |       +--yes: [0,0,0,0,0,0,0,0,0,0,0,0,0,0,0,0,0,0,0,0,0,0,0,0,0,0,0,0,1]: 238
|               |       |       |               |               |               |                                       |       |       +--no:  [0.142857,0,0,0,0,0,0.142857,0,0,0,0,0,0,0,0,0,0,0,0,0,0,0,0,0,0,0,0,0,0.857143]: 7
|               |       |       |               |               |               |                                       |       +--no:  [0.2,0.2,0.2,0,0,0,0,0,0,0,0,0,0,0,0,0,0,0,0,0,0,0,0,0,0,0,0,0,0.8]: 5
|               |       |       |               |               |               |                                       +--no:  [0.15,0,0,0,0,0,0.05,0.05,0,0.05,0,0,0,0,0,0,0,0,0,0,0,0,0,0.1,0,0,0,0.1,0.85]: 20
|               |       |       |               |               |               +--no:  [0.357143,0,0,0,0,0,0.214286,0.214286,0,0.214286,0,0,0,0,0,0,0,0,0,0,0,0,0,0.142857,0.071429,0,0,0.071429,0.642857]: 14
|               |       |       |               |               +--no:  f153 > -0.19899366796016693
|               |       |       |               |                       +--yes: [0.727273,0.090909,0.090909,0,0,0,0.363636,0.363636,0,0.363636,0,0,0,0,0,0,0,0,0,0,0,0,0,0.272727,0,0,0,0.181818,0.272727]: 11
|               |       |       |               |                       +--no:  f56 > -0.04195483401417732
|               |       |       |               |                               +--yes: [0.055556,0.027778,0.027778,0,0,0,0,0,0,0,0,0,0,0,0,0,0,0,0,0,0,0,0,0.027778,0,0,0,0.027778,0.944444]: 36
|               |       |       |               |                               +--no:  [0.545455,0.090909,0.090909,0,0,0,0,0,0,0,0,0,0,0,0,0,0,0.090909,0,0,0,0,0,0.363636,0,0,0,0.363636,0.454545]: 11
|               |       |       |               +--no:  [0.8,0.2,0.2,0,0,0,0.4,0.4,0,0.4,0,0,0,0,0,0,0,0,0,0,0,0,0,0.2,0,0,0,0.2,0.2]: 5
|               |       |       +--no:  [0.526316,0,0,0,0,0,0.105263,0.105263,0.052632,0.052632,0,0,0,0,0,0,0.052632,0,0.105263,0.052632,0,0,0,0.263158,0,0,0,0.263158,0.473684]: 19
|               |       +--no:  [1,0,0,0,0,0,0.2,0.2,0.2,0,0,0,0,0,0,0,0,0,0.2,0.2,0,0,0,0.6,0.2,0,0,0.4,0]: 5
|               +--no:  f6 > -0.23620299994945526
|                       +--yes: f257 > 0.2940434217453003
|                       |       +--yes: [0.5,0,0,0,0,0,0.16129,0.16129,0.016129,0.145161,0.032258,0.016129,0.016129,0.032258,0.016129,0.016129,0.032258,0,0.016129,0.016129,0.016129,0.016129,0,0.241935,0.032258,0.032258,0.016129,0.177419,0.5]: 62
|                       |       +--no:  [0.247283,0.024457,0.024457,0,0,0,0.065217,0.065217,0.01087,0.054348,0.01087,0.01087,0,0.013587,0,0.013587,0.013587,0.005435,0.016304,0.005435,0.008152,0,0.008152,0.111413,0.016304,0.013587,0.005435,0.076087,0.752717]: 368
|                       +--no:  [0.846154,0,0,0,0,0,0.461538,0.384615,0.076923,0.307692,0,0,0,0,0,0,0,0,0.076923,0.076923,0,0,0,0.307692,0,0,0,0.307692,0.153846]: 13
+--no:  f8 > 0.01672549918293953
        +--yes: f230 > -0.17901751399040222
        |       +--yes: f31 > 0.21898040175437927
        |       |       +--yes: [0.395833,0.0625,0.0625,0,0,0,0.0625,0.052083,0.010417,0.041667,0.020833,0,0.020833,0.041667,0.010417,0.03125,0.041667,0.010417,0.052083,0.010417,0,0,0,0.145833,0.03125,0,0,0.114583,0.604167]: 96
        |       |       +--no:  f129 > 0.393354594707489
        |       |               +--yes: [0.833333,0,0,0,0,0,0,0,0,0,0.166667,0.166667,0,0,0,0,0,0,0.333333,0.333333,0,0,0,0.5,0,0,0,0.333333,0.166667]: 6
        |       |               +--no:  f144 > -0.12988123297691345
        |       |                       +--yes: [0.207902,0.029145,0.028497,0,0.000648,0,0.053109,0.04728,0.012306,0.034974,0.01101,0.006477,0.004534,0.017487,0.003886,0.013601,0.01943,0.002591,0.017487,0.01101,0.005181,0.003238,0.001295,0.075777,0.009067,0.005829,0.003238,0.057642,0.792098]: 1544
        |       |                       +--no:  f140 > 0.0751740038394928
        |       |                               +--yes: [0.322581,0,0,0,0,0,0.032258,0,0,0,0.032258,0.032258,0,0.064516,0,0.064516,0.064516,0,0,0,0,0,0,0.225806,0.096774,0,0,0.096774,0.677419]: 31
        |       |                               +--no:  f60 > -0.29667073488235474
        |       |                                       +--yes: f3 > -0.27944236993789673
        |       |                                       |       +--yes: f203 > -0.21304064989089966
        |       |                                       |       |       +--yes: f69 > -0.26202088594436646
        |       |                                       |       |       |       +--yes: f150 > -0.09083691239356995
        |       |                                       |       |       |       |       +--yes: f77 > 0.21881063282489777
        |       |                                       |       |       |       |       |       +--yes: [0.2,0,0,0,0,0,0,0,0,0,0,0,0,0,0,0,0,0,0,0,0.2,0.2,0,0,0,0,0,0,0.8]: 5
        |       |                                       |       |       |       |       |       +--no:  f22 > 0.3584330081939697
        |       |                                       |       |       |       |       |               +--yes: [0.2,0,0,0,0,0,0,0,0,0,0,0,0,0,0,0,0,0,0,0,0,0,0,0.2,0.2,0,0,0,0.8]: 5
        |       |                                       |       |       |       |       |               +--no:  f48 > 0.37033510208129883
        |       |                                       |       |       |       |       |                       +--yes: [0.2,0,0,0,0,0,0,0,0,0,0,0,0,0,0,0,0,0,0,0,0,0,0,0.2,0,0,0,0.2,0.8]: 5
        |       |                                       |       |       |       |       |                       +--no:  [0,0,0,0,0,0,0,0,0,0,0,0,0,0,0,0,0,0,0,0,0,0,0,0,0,0,0,0,1]: 174
        |       |                                       |       |       |       |       +--no:  [0.25,0,0,0,0,0,0.083333,0,0,0,0,0,0,0,0,0,0.083333,0,0,0,0,0,0,0.083333,0,0,0,0.083333,0.75]: 12
        |       |                                       |       |       |       +--no:  [0.333333,0.166667,0.166667,0,0,0,0,0,0,0,0,0,0,0.166667,0,0.166667,0.166667,0,0,0,0,0,0,0,0,0,0,0,0.666667]: 6
        |       |                                       |       |       +--no:  [0.4,0.2,0.2,0,0,0,0,0,0,0,0.2,0,0.2,0,0,0,0,0,0,0,0,0,0,0,0,0,0,0,0.6]: 5
        |       |                                       |       +--no:  [0.333333,0,0,0,0,0,0,0,0,0,0.333333,0.333333,0,0,0,0,0,0,0,0,0,0,0,0.333333,0,0,0,0,0.666667]: 6
        |       |                                       +--no:  [0.428571,0,0,0,0,0,0,0,0,0,0,0,0,0,0,0,0,0,0.142857,0,0,0,0,0.285714,0,0,0,0.285714,0.571429]: 7
        |       +--no:  f173 > 0.05849942937493324
        |               +--yes: f216 > -0.22850656509399414
        |               |       +--yes: [0.018868,0,0,0,0,0,0,0,0,0,0,0,0,0,0,0,0,0,0,0,0,0,0,0.018868,0.018868,0,0,0,0.981132]: 53
        |               |       +--no:  [0.5,0,0,0,0,0,0.3,0.3,0.1,0.2,0,0,0,0.2,0.1,0.1,0.2,0,0,0,0,0,0,0,0,0,0,0,0.5]: 10
        |               +--no:  [0.374502,0.059761,0.059761,0,0,0,0.10757,0.091633,0.01992,0.071713,0.01992,0.015936,0.003984,0.01992,0.003984,0.015936,0.01992,0.003984,0.015936,0.011952,0,0,0,0.159363,0.007968,0.007968,0.007968,0.131474,0.625498]: 251
        +--no:  f214 > 0.4979536831378937
                +--yes: f205 > -0.255442351102829
                |       +--yes: f52 > 0.15163028240203857
                |       |       +--yes: f138 > -0.0951944962143898
                |       |       |       +--yes: [1,0.181818,0.181818,0,0,0,0.090909,0.090909,0,0.090909,0.181818,0.181818,0,0,0,0,0,0,0,0,0,0,0,0.727273,0,0,0,0.545455,0]: 11
                |       |       |       +--no:  [0,0,0,0,0,0,0,0,0,0,0,0,0,0,0,0,0,0,0,0,0,0,0,0,0,0,0,0,1]: 6
                |       |       +--no:  f9 > 0.17227399349212646
                |       |               +--yes: [0.421053,0.052632,0.052632,0,0,0,0.184211,0.157895,0.026316,0.131579,0,0,0,0.052632,0,0.052632,0.052632,0,0.026316,0,0,0,0,0.105263,0,0,0,0.105263,0.578947]: 38
                |       |               +--no:  f281 > 0.14158035814762115
                |       |                       +--yes: [0.466667,0,0,0,0,0,0,0,0,0,0,0,0,0,0,0,0,0,0.066667,0,0.066667,0.066667,0,0.333333,0.066667,0,0,0.266667,0.533333]: 15
                |       |                       +--no:  f82 > -0.17217811942100525
                |       |                               +--yes: f58 > 0.29413941502571106
                |       |                               |       +--yes: [0.428571,0,0,0,0,0,0,0,0,0,0,0,0,0,0,0,0,0,0.142857,0.142857,0,0,0,0.285714,0,0,0,0.285714,0.571429]: 7
                |       |                               |       +--no:  f61 > 0.34322118759155273
                |       |                               |               +--yes: [0.4,0,0,0,0,0,0.4,0.4,0,0.4,0,0,0,0,0,0,0,0,0,0,0,0,0,0,0,0,0,0,0.6]: 5
                |       |                               |               +--no:  [0.019048,0.009524,0.009524,0,0,0,0,0,0,0,0,0,0,0,0,0,0,0,0,0,0,0,0,0.009524,0,0,0,0.009524,0.980952]: 105
                |       |                               +--no:  [0.5,0,0,0,0,0,0,0,0,0,0.125,0.125,0,0.125,0,0.125,0.125,0,0,0,0,0,0,0.375,0,0,0,0.25,0.5]: 8
                |       +--no:  [0.642857,0.071429,0.071429,0,0,0,0.071429,0.035714,0.035714,0,0,0,0,0.107143,0,0.107143,0.107143,0,0,0,0.035714,0,0.035714,0.357143,0.071429,0,0,0.285714,0.357143]: 28
                +--no:  f154 > -0.3296746611595154
                        +--yes: f205 > -0.4266137480735779
                        |       +--yes: f269 > -0.4936843812465668
                        |       |       +--yes: [0.124239,0.017052,0.017052,0,0,0,0.026188,0.023143,0.00609,0.017052,0.014007,0.007917,0.00609,0.010353,0.001827,0.008526,0.012789,0.003654,0.009744,0.004263,0.002436,0.001827,0.000609,0.046285,0.005481,0.00609,0.003654,0.030451,0.875761]: 1642
                        |       |       +--no:  [0.8,0.2,0.2,0,0,0,0.2,0.2,0.2,0,0.2,0,0.2,0,0,0,0,0,0,0,0.2,0.2,0,0,0,0,0,0,0.2]: 5
                        |       +--no:  [0.571429,0,0,0,0,0,0,0,0,0,0,0,0,0.571429,0.142857,0.428571,0.571429,0,0,0,0,0,0,0,0,0,0,0,0.428571]: 7
                        +--no:  [0.533333,0,0,0,0,0,0.266667,0.2,0,0.2,0.133333,0.133333,0,0,0,0,0,0,0.133333,0.133333,0,0,0,0.133333,0,0,0,0,0.466667]: 15

T(0.0) Model
************

f23 > 0.08717851340770721
+--yes: f118 > 0.11383900046348572
|       +--yes: f29 > -0.3464526832103729
|       |       +--yes: f103 > -0.10972148925065994
|       |       |       +--yes: f249 > -0.08584591001272202
|       |       |       |       +--yes: Fatwomen,Uglywomen,Gays,Lesbians,Feminists,Leftwingideology,Immigrants,Refugees,Origin,OtherLifestyle,Blackpeople,Islamists,Muslims,Men,Transwomen,noHateSpeech [238]
|       |       |       |       +--no:  f111 > -0.16362664103507996
|       |       |       |               +--yes: f208 > 0.09661374986171722
|       |       |       |               |       +--yes: Fatwomen,Uglywomen,Gays,Lesbians,Feminists,Leftwingideology,Immigrants,Refugees,Origin,OtherLifestyle,Blackpeople,Islamists,Muslims,Men,Transwomen,noHateSpeech [41]
|       |       |       |               |       +--no:  f204 > -0.144244983792305
|       |       |       |               |               +--yes: Fatwomen,Uglywomen,Gays,Lesbians,Feminists,Leftwingideology,Immigrants,Refugees,Origin,OtherLifestyle,Blackpeople,Islamists,Muslims,Men,Transwomen,noHateSpeech [30]
|       |       |       |               |               +--no:  Fatwomen,Uglywomen,Gays,Lesbians,Feminists,Leftwingideology,Immigrants,Refugees,Origin,OtherLifestyle,Blackpeople,Islamists,Muslims,Men,Transwomen,noHateSpeech [6]
|       |       |       |               +--no:  Fatwomen,Uglywomen,Gays,Lesbians,Feminists,Leftwingideology,Immigrants,Refugees,Origin,OtherLifestyle,Blackpeople,Islamists,Muslims,Men,Transwomen,noHateSpeech [14]
|       |       |       +--no:  Fatwomen,Uglywomen,Gays,Lesbians,Feminists,Leftwingideology,Immigrants,Refugees,Origin,OtherLifestyle,Blackpeople,Islamists,Muslims,Men,Transwomen,noHateSpeech [243]
|       |       +--no:  f69 > -0.137922003865242
|       |               +--yes: Fatwomen,Uglywomen,Gays,Lesbians,Feminists,Leftwingideology,Immigrants,Refugees,Origin,OtherLifestyle,Blackpeople,Islamists,Muslims,Men,Transwomen,noHateSpeech [20]
|       |               +--no:  Fatwomen,Uglywomen,Gays,Lesbians,Feminists,Leftwingideology,Immigrants,Refugees,Origin,OtherLifestyle,Blackpeople,Islamists,Muslims,Men,Transwomen,noHateSpeech [6]
|       +--no:  f260 > 0.07969687879085541
|               +--yes: f291 > -0.24463100731372833
|               |       +--yes: f53 > -0.28135499358177185
|               |       |       +--yes: f285 > 0.2892985939979553
|               |       |       |       +--yes: Fatwomen,Uglywomen,Gays,Lesbians,Feminists,Leftwingideology,Immigrants,Refugees,Origin,OtherLifestyle,Blackpeople,Islamists,Muslims,Men,Transwomen,noHateSpeech [6]
|               |       |       |       +--no:  f72 > -0.39747950434684753
|               |       |       |               +--yes: f7 > 0.11092115193605423
|               |       |       |               |       +--yes: Fatwomen,Uglywomen,Gays,Lesbians,Feminists,Leftwingideology,Immigrants,Refugees,Origin,OtherLifestyle,Blackpeople,Islamists,Muslims,Men,Transwomen,noHateSpeech [89]
|               |       |       |               |       +--no:  f153 > -0.1847943365573883
|               |       |       |               |               +--yes: f49 > 0.2880856692790985
|               |       |       |               |               |       +--yes: Fatwomen,Uglywomen,Gays,Lesbians,Feminists,Leftwingideology,Immigrants,Refugees,Origin,OtherLifestyle,Blackpeople,Islamists,Muslims,Men,Transwomen,noHateSpeech [5]
|               |       |       |               |               |       +--no:  f26 > -0.4348383843898773
|               |       |       |               |               |               +--yes: f203 > 0.24190042912960052
|               |       |       |               |               |               |       +--yes: f225 > 0.19769300520420074
|               |       |       |               |               |               |       |       +--yes: Fatwomen,Uglywomen,Gays,Lesbians,Feminists,Leftwingideology,Immigrants,Refugees,Origin,OtherLifestyle,Blackpeople,Islamists,Muslims,Men,Transwomen,noHateSpeech [5]
|               |       |       |               |               |               |       |       +--no:  Fatwomen,Uglywomen,Gays,Lesbians,Feminists,Leftwingideology,Immigrants,Refugees,Origin,OtherLifestyle,Blackpeople,Islamists,Muslims,Men,Transwomen,noHateSpeech [19]
|               |       |       |               |               |               |       +--no:  f184 > 0.2176276594400406
|               |       |       |               |               |               |               +--yes: Fatwomen,Uglywomen,Gays,Lesbians,Feminists,Leftwingideology,Immigrants,Refugees,Origin,OtherLifestyle,Blackpeople,Islamists,Muslims,Men,Transwomen,noHateSpeech [5]
|               |       |       |               |               |               |               +--no:  f18 > 0.28749600052833557
|               |       |       |               |               |               |                       +--yes: Fatwomen,Uglywomen,Gays,Lesbians,Feminists,Leftwingideology,Immigrants,Refugees,Origin,OtherLifestyle,Blackpeople,Islamists,Muslims,Men,Transwomen,noHateSpeech [11]
|               |       |       |               |               |               |                       +--no:  f246 > 0.34102073311805725
|               |       |       |               |               |               |                               +--yes: Fatwomen,Uglywomen,Gays,Lesbians,Feminists,Leftwingideology,Immigrants,Refugees,Origin,OtherLifestyle,Blackpeople,Islamists,Muslims,Men,Transwomen,noHateSpeech [8]
|               |       |       |               |               |               |                               +--no:  f198 > -0.22512555122375488
|               |       |       |               |               |               |                                       +--yes: f117 > -0.282640665769577
|               |       |       |               |               |               |                                       |       +--yes: f227 > -0.22659732401371002
|               |       |       |               |               |               |                                       |       |       +--yes: Fatwomen,Uglywomen,Gays,Lesbians,Feminists,Leftwingideology,Immigrants,Refugees,Origin,OtherLifestyle,Blackpeople,Islamists,Muslims,Men,Transwomen,noHateSpeech [238]
|               |       |       |               |               |               |                                       |       |       +--no:  Fatwomen,Uglywomen,Gays,Lesbians,Feminists,Leftwingideology,Immigrants,Refugees,Origin,OtherLifestyle,Blackpeople,Islamists,Muslims,Men,Transwomen,noHateSpeech [7]
|               |       |       |               |               |               |                                       |       +--no:  Fatwomen,Uglywomen,Gays,Lesbians,Feminists,Leftwingideology,Immigrants,Refugees,Origin,OtherLifestyle,Blackpeople,Islamists,Muslims,Men,Transwomen,noHateSpeech [5]
|               |       |       |               |               |               |                                       +--no:  Fatwomen,Uglywomen,Gays,Lesbians,Feminists,Leftwingideology,Immigrants,Refugees,Origin,OtherLifestyle,Blackpeople,Islamists,Muslims,Men,Transwomen,noHateSpeech [20]
|               |       |       |               |               |               +--no:  Fatwomen,Uglywomen,Gays,Lesbians,Feminists,Leftwingideology,Immigrants,Refugees,Origin,OtherLifestyle,Blackpeople,Islamists,Muslims,Men,Transwomen,noHateSpeech [14]
|               |       |       |               |               +--no:  f153 > -0.19899366796016693
|               |       |       |               |                       +--yes: Fatwomen,Uglywomen,Gays,Lesbians,Feminists,Leftwingideology,Immigrants,Refugees,Origin,OtherLifestyle,Blackpeople,Islamists,Muslims,Men,Transwomen,noHateSpeech [11]
|               |       |       |               |                       +--no:  f56 > -0.04195483401417732
|               |       |       |               |                               +--yes: Fatwomen,Uglywomen,Gays,Lesbians,Feminists,Leftwingideology,Immigrants,Refugees,Origin,OtherLifestyle,Blackpeople,Islamists,Muslims,Men,Transwomen,noHateSpeech [36]
|               |       |       |               |                               +--no:  Fatwomen,Uglywomen,Gays,Lesbians,Feminists,Leftwingideology,Immigrants,Refugees,Origin,OtherLifestyle,Blackpeople,Islamists,Muslims,Men,Transwomen,noHateSpeech [11]
|               |       |       |               +--no:  Fatwomen,Uglywomen,Gays,Lesbians,Feminists,Leftwingideology,Immigrants,Refugees,Origin,OtherLifestyle,Blackpeople,Islamists,Muslims,Men,Transwomen,noHateSpeech [5]
|               |       |       +--no:  Fatwomen,Uglywomen,Gays,Lesbians,Feminists,Leftwingideology,Immigrants,Refugees,Origin,OtherLifestyle,Blackpeople,Islamists,Muslims,Men,Transwomen,noHateSpeech [19]
|               |       +--no:  Fatwomen,Uglywomen,Gays,Lesbians,Feminists,Leftwingideology,Immigrants,Refugees,Origin,OtherLifestyle,Blackpeople,Islamists,Muslims,Men,Transwomen,noHateSpeech [5]
|               +--no:  f6 > -0.23620299994945526
|                       +--yes: f257 > 0.2940434217453003
|                       |       +--yes: Fatwomen,Uglywomen,Gays,Lesbians,Feminists,Leftwingideology,Immigrants,Refugees,Origin,OtherLifestyle,Blackpeople,Islamists,Muslims,Men,Transwomen,noHateSpeech [62]
|                       |       +--no:  Fatwomen,Uglywomen,Gays,Lesbians,Feminists,Leftwingideology,Immigrants,Refugees,Origin,OtherLifestyle,Blackpeople,Islamists,Muslims,Men,Transwomen,noHateSpeech [368]
|                       +--no:  Fatwomen,Uglywomen,Gays,Lesbians,Feminists,Leftwingideology,Immigrants,Refugees,Origin,OtherLifestyle,Blackpeople,Islamists,Muslims,Men,Transwomen,noHateSpeech [13]
+--no:  f8 > 0.01672549918293953
        +--yes: f230 > -0.17901751399040222
        |       +--yes: f31 > 0.21898040175437927
        |       |       +--yes: Fatwomen,Uglywomen,Gays,Lesbians,Feminists,Leftwingideology,Immigrants,Refugees,Origin,OtherLifestyle,Blackpeople,Islamists,Muslims,Men,Transwomen,noHateSpeech [96]
        |       |       +--no:  f129 > 0.393354594707489
        |       |               +--yes: Fatwomen,Uglywomen,Gays,Lesbians,Feminists,Leftwingideology,Immigrants,Refugees,Origin,OtherLifestyle,Blackpeople,Islamists,Muslims,Men,Transwomen,noHateSpeech [6]
        |       |               +--no:  f144 > -0.12988123297691345
        |       |                       +--yes: Fatwomen,Uglywomen,Gays,Lesbians,Feminists,Leftwingideology,Immigrants,Refugees,Origin,OtherLifestyle,Blackpeople,Islamists,Muslims,Men,Transwomen,noHateSpeech [1544]
        |       |                       +--no:  f140 > 0.0751740038394928
        |       |                               +--yes: Fatwomen,Uglywomen,Gays,Lesbians,Feminists,Leftwingideology,Immigrants,Refugees,Origin,OtherLifestyle,Blackpeople,Islamists,Muslims,Men,Transwomen,noHateSpeech [31]
        |       |                               +--no:  f60 > -0.29667073488235474
        |       |                                       +--yes: f3 > -0.27944236993789673
        |       |                                       |       +--yes: f203 > -0.21304064989089966
        |       |                                       |       |       +--yes: f69 > -0.26202088594436646
        |       |                                       |       |       |       +--yes: f150 > -0.09083691239356995
        |       |                                       |       |       |       |       +--yes: f77 > 0.21881063282489777
        |       |                                       |       |       |       |       |       +--yes: Fatwomen,Uglywomen,Gays,Lesbians,Feminists,Leftwingideology,Immigrants,Refugees,Origin,OtherLifestyle,Blackpeople,Islamists,Muslims,Men,Transwomen,noHateSpeech [5]
        |       |                                       |       |       |       |       |       +--no:  f22 > 0.3584330081939697
        |       |                                       |       |       |       |       |               +--yes: Fatwomen,Uglywomen,Gays,Lesbians,Feminists,Leftwingideology,Immigrants,Refugees,Origin,OtherLifestyle,Blackpeople,Islamists,Muslims,Men,Transwomen,noHateSpeech [5]
        |       |                                       |       |       |       |       |               +--no:  f48 > 0.37033510208129883
        |       |                                       |       |       |       |       |                       +--yes: Fatwomen,Uglywomen,Gays,Lesbians,Feminists,Leftwingideology,Immigrants,Refugees,Origin,OtherLifestyle,Blackpeople,Islamists,Muslims,Men,Transwomen,noHateSpeech [5]
        |       |                                       |       |       |       |       |                       +--no:  Fatwomen,Uglywomen,Gays,Lesbians,Feminists,Leftwingideology,Immigrants,Refugees,Origin,OtherLifestyle,Blackpeople,Islamists,Muslims,Men,Transwomen,noHateSpeech [174]
        |       |                                       |       |       |       |       +--no:  Fatwomen,Uglywomen,Gays,Lesbians,Feminists,Leftwingideology,Immigrants,Refugees,Origin,OtherLifestyle,Blackpeople,Islamists,Muslims,Men,Transwomen,noHateSpeech [12]
        |       |                                       |       |       |       +--no:  Fatwomen,Uglywomen,Gays,Lesbians,Feminists,Leftwingideology,Immigrants,Refugees,Origin,OtherLifestyle,Blackpeople,Islamists,Muslims,Men,Transwomen,noHateSpeech [6]
        |       |                                       |       |       +--no:  Fatwomen,Uglywomen,Gays,Lesbians,Feminists,Leftwingideology,Immigrants,Refugees,Origin,OtherLifestyle,Blackpeople,Islamists,Muslims,Men,Transwomen,noHateSpeech [5]
        |       |                                       |       +--no:  Fatwomen,Uglywomen,Gays,Lesbians,Feminists,Leftwingideology,Immigrants,Refugees,Origin,OtherLifestyle,Blackpeople,Islamists,Muslims,Men,Transwomen,noHateSpeech [6]
        |       |                                       +--no:  Fatwomen,Uglywomen,Gays,Lesbians,Feminists,Leftwingideology,Immigrants,Refugees,Origin,OtherLifestyle,Blackpeople,Islamists,Muslims,Men,Transwomen,noHateSpeech [7]
        |       +--no:  f173 > 0.05849942937493324
        |               +--yes: f216 > -0.22850656509399414
        |               |       +--yes: Fatwomen,Uglywomen,Gays,Lesbians,Feminists,Leftwingideology,Immigrants,Refugees,Origin,OtherLifestyle,Blackpeople,Islamists,Muslims,Men,Transwomen,noHateSpeech [53]
        |               |       +--no:  Fatwomen,Uglywomen,Gays,Lesbians,Feminists,Leftwingideology,Immigrants,Refugees,Origin,OtherLifestyle,Blackpeople,Islamists,Muslims,Men,Transwomen,noHateSpeech [10]
        |               +--no:  Fatwomen,Uglywomen,Gays,Lesbians,Feminists,Leftwingideology,Immigrants,Refugees,Origin,OtherLifestyle,Blackpeople,Islamists,Muslims,Men,Transwomen,noHateSpeech [251]
        +--no:  f214 > 0.4979536831378937
                +--yes: f205 > -0.255442351102829
                |       +--yes: f52 > 0.15163028240203857
                |       |       +--yes: f138 > -0.0951944962143898
                |       |       |       +--yes: Fatwomen,Uglywomen,Gays,Lesbians,Feminists,Leftwingideology,Immigrants,Refugees,Origin,OtherLifestyle,Blackpeople,Islamists,Muslims,Men,Transwomen,noHateSpeech [11]
                |       |       |       +--no:  Fatwomen,Uglywomen,Gays,Lesbians,Feminists,Leftwingideology,Immigrants,Refugees,Origin,OtherLifestyle,Blackpeople,Islamists,Muslims,Men,Transwomen,noHateSpeech [6]
                |       |       +--no:  f9 > 0.17227399349212646
                |       |               +--yes: Fatwomen,Uglywomen,Gays,Lesbians,Feminists,Leftwingideology,Immigrants,Refugees,Origin,OtherLifestyle,Blackpeople,Islamists,Muslims,Men,Transwomen,noHateSpeech [38]
                |       |               +--no:  f281 > 0.14158035814762115
                |       |                       +--yes: Fatwomen,Uglywomen,Gays,Lesbians,Feminists,Leftwingideology,Immigrants,Refugees,Origin,OtherLifestyle,Blackpeople,Islamists,Muslims,Men,Transwomen,noHateSpeech [15]
                |       |                       +--no:  f82 > -0.17217811942100525
                |       |                               +--yes: f58 > 0.29413941502571106
                |       |                               |       +--yes: Fatwomen,Uglywomen,Gays,Lesbians,Feminists,Leftwingideology,Immigrants,Refugees,Origin,OtherLifestyle,Blackpeople,Islamists,Muslims,Men,Transwomen,noHateSpeech [7]
                |       |                               |       +--no:  f61 > 0.34322118759155273
                |       |                               |               +--yes: Fatwomen,Uglywomen,Gays,Lesbians,Feminists,Leftwingideology,Immigrants,Refugees,Origin,OtherLifestyle,Blackpeople,Islamists,Muslims,Men,Transwomen,noHateSpeech [5]
                |       |                               |               +--no:  Fatwomen,Uglywomen,Gays,Lesbians,Feminists,Leftwingideology,Immigrants,Refugees,Origin,OtherLifestyle,Blackpeople,Islamists,Muslims,Men,Transwomen,noHateSpeech [105]
                |       |                               +--no:  Fatwomen,Uglywomen,Gays,Lesbians,Feminists,Leftwingideology,Immigrants,Refugees,Origin,OtherLifestyle,Blackpeople,Islamists,Muslims,Men,Transwomen,noHateSpeech [8]
                |       +--no:  Fatwomen,Uglywomen,Gays,Lesbians,Feminists,Leftwingideology,Immigrants,Refugees,Origin,OtherLifestyle,Blackpeople,Islamists,Muslims,Men,Transwomen,noHateSpeech [28]
                +--no:  f154 > -0.3296746611595154
                        +--yes: f205 > -0.4266137480735779
                        |       +--yes: f269 > -0.4936843812465668
                        |       |       +--yes: Fatwomen,Uglywomen,Gays,Lesbians,Feminists,Leftwingideology,Immigrants,Refugees,Origin,OtherLifestyle,Blackpeople,Islamists,Muslims,Men,Transwomen,noHateSpeech [1642]
                        |       |       +--no:  Fatwomen,Uglywomen,Gays,Lesbians,Feminists,Leftwingideology,Immigrants,Refugees,Origin,OtherLifestyle,Blackpeople,Islamists,Muslims,Men,Transwomen,noHateSpeech [5]
                        |       +--no:  Fatwomen,Uglywomen,Gays,Lesbians,Feminists,Leftwingideology,Immigrants,Refugees,Origin,OtherLifestyle,Blackpeople,Islamists,Muslims,Men,Transwomen,noHateSpeech [7]
                        +--no:  Fatwomen,Uglywomen,Gays,Lesbians,Feminists,Leftwingideology,Immigrants,Refugees,Origin,OtherLifestyle,Blackpeople,Islamists,Muslims,Men,Transwomen,noHateSpeech [15]

T(2.0) Model
************

f23 > 0.08717851340770721
+--yes: f118 > 0.11383900046348572
|       +--yes: f29 > -0.3464526832103729
|       |       +--yes: f103 > -0.10972148925065994
|       |       |       +--yes: f249 > -0.08584591001272202
|       |       |       |       +--yes: Fatpeople,Lesbians,Ideology,Racism,Women,noHateSpeech [238]
|       |       |       |       +--no:  f111 > -0.16362664103507996
|       |       |       |               +--yes: f208 > 0.09661374986171722
|       |       |       |               |       +--yes: Fatpeople,Gays,Lesbians,Feminists,Refugees,Origin,OtherLifestyle,Blackpeople,Women,noHateSpeech [41]
|       |       |       |               |       +--no:  f204 > -0.144244983792305
|       |       |       |               |               +--yes: Homophobia,noHateSpeech [30]
|       |       |       |               |               +--no:  Lesbians,Feminists,Women,noHateSpeech [6]
|       |       |       |               +--no:  Lesbians,noHateSpeech [14]
|       |       |       +--no:  Fatpeople,Lesbians,Feminists,Men,Transwomen,noHateSpeech [243]
|       |       +--no:  f69 > -0.137922003865242
|       |               +--yes: Gays,Lesbians,Origin,Women,noHateSpeech [20]
|       |               +--no:  noHateSpeech [6]
|       +--no:  f260 > 0.07969687879085541
|               +--yes: f291 > -0.24463100731372833
|               |       +--yes: f53 > -0.28135499358177185
|               |       |       +--yes: f285 > 0.2892985939979553
|               |       |       |       +--yes: Fatpeople,Homophobia,Immigrants,Origin,Men,Women,noHateSpeech [6]
|               |       |       |       +--no:  f72 > -0.39747950434684753
|               |       |       |               +--yes: f7 > 0.11092115193605423
|               |       |       |               |       +--yes: Fatpeople,Gays,Lesbians,Feminists,Refugees,Origin,Racism,Women,noHateSpeech [89]
|               |       |       |               |       +--no:  f153 > -0.1847943365573883
|               |       |       |               |               +--yes: f49 > 0.2880856692790985
|               |       |       |               |               |       +--yes: Fatpeople,Women,noHateSpeech [5]
|               |       |       |               |               |       +--no:  f26 > -0.4348383843898773
|               |       |       |               |               |               +--yes: f203 > 0.24190042912960052
|               |       |       |               |               |               |       +--yes: f225 > 0.19769300520420074
|               |       |       |               |               |               |       |       +--yes: Fatpeople,Homophobia,Refugees,Origin,OtherLifestyle [5]
|               |       |       |               |               |               |       |       +--no:  Women,noHateSpeech [19]
|               |       |       |               |               |               |       +--no:  f184 > 0.2176276594400406
|               |       |       |               |               |               |               +--yes: Gays,Women,noHateSpeech [5]
|               |       |       |               |               |               |               +--no:  f18 > 0.28749600052833557
|               |       |       |               |               |               |                       +--yes: Leftwingideology,Transwomen,noHateSpeech [11]
|               |       |       |               |               |               |                       +--no:  f246 > 0.34102073311805725
|               |       |       |               |               |               |                               +--yes: Origin,Men,noHateSpeech [8]
|               |       |       |               |               |               |                               +--no:  f198 > -0.22512555122375488
|               |       |       |               |               |               |                                       +--yes: f117 > -0.282640665769577
|               |       |       |               |               |               |                                       |       +--yes: f227 > -0.22659732401371002
|               |       |       |               |               |               |                                       |       |       +--yes: noHateSpeech [238]
|               |       |       |               |               |               |                                       |       |       +--no:  Homophobia,noHateSpeech [7]
|               |       |       |               |               |               |                                       |       +--no:  Fatpeople,noHateSpeech [5]
|               |       |       |               |               |               |                                       +--no:  Lesbians,Women,noHateSpeech [20]
|               |       |       |               |               |               +--no:  Lesbians,Men,Women,noHateSpeech [14]
|               |       |       |               |               +--no:  f153 > -0.19899366796016693
|               |       |       |               |                       +--yes: Fatpeople,Lesbians,Women,noHateSpeech [11]
|               |       |       |               |                       +--no:  f56 > -0.04195483401417732
|               |       |       |               |                               +--yes: Fatpeople,Women,noHateSpeech [36]
|               |       |       |               |                               +--no:  Fatpeople,OtherLifestyle,Women,noHateSpeech [11]
|               |       |       |               +--no:  Fatpeople,Lesbians,Women,noHateSpeech [5]
|               |       |       +--no:  Gays,Lesbians,Origin,Blackpeople,Women,noHateSpeech [19]
|               |       +--no:  Gays,Blackpeople,Men,Women [5]
|               +--no:  f6 > -0.23620299994945526
|                       +--yes: f257 > 0.2940434217453003
|                       |       +--yes: Lesbians,Ideology,Migrants,Origin,Men,Transexuals,Women,noHateSpeech [62]
|                       |       +--no:  Fatpeople,Lesbians,Women,noHateSpeech [368]
|                       +--no:  Gays,Lesbians,Blackpeople,Women,noHateSpeech [13]
+--no:  f8 > 0.01672549918293953
        +--yes: f230 > -0.17901751399040222
        |       +--yes: f31 > 0.21898040175437927
        |       |       +--yes: Fatpeople,Lesbians,Leftwingideology,Refugees,Origin,Racism,Men,Women,noHateSpeech [96]
        |       |       +--no:  f129 > 0.393354594707489
        |       |               +--yes: Feminists,Blackpeople,Women,noHateSpeech [6]
        |       |               +--no:  f144 > -0.12988123297691345
        |       |                       +--yes: Fatpeople,Lesbians,Women,noHateSpeech [1544]
        |       |                       +--no:  f140 > 0.0751740038394928
        |       |                               +--yes: Homophobia,Feminists,Refugees,Origin,Men,Women,noHateSpeech [31]
        |       |                               +--no:  f60 > -0.29667073488235474
        |       |                                       +--yes: f3 > -0.27944236993789673
        |       |                                       |       +--yes: f203 > -0.21304064989089966
        |       |                                       |       |       +--yes: f69 > -0.26202088594436646
        |       |                                       |       |       |       +--yes: f150 > -0.09083691239356995
        |       |                                       |       |       |       |       +--yes: f77 > 0.21881063282489777
        |       |                                       |       |       |       |       |       +--yes: Islamists,noHateSpeech [5]
        |       |                                       |       |       |       |       |       +--no:  f22 > 0.3584330081939697
        |       |                                       |       |       |       |       |               +--yes: Men,noHateSpeech [5]
        |       |                                       |       |       |       |       |               +--no:  f48 > 0.37033510208129883
        |       |                                       |       |       |       |       |                       +--yes: Women,noHateSpeech [5]
        |       |                                       |       |       |       |       |                       +--no:  noHateSpeech [174]
        |       |                                       |       |       |       |       +--no:  Homophobia,Origin,Women,noHateSpeech [12]
        |       |                                       |       |       |       +--no:  Fatpeople,Refugees,Origin,noHateSpeech [6]
        |       |                                       |       |       +--no:  Fatpeople,Leftwingideology,noHateSpeech [5]
        |       |                                       |       +--no:  Feminists,noHateSpeech [6]
        |       |                                       +--no:  Racism,Women,noHateSpeech [7]
        |       +--no:  f173 > 0.05849942937493324
        |               +--yes: f216 > -0.22850656509399414
        |               |       +--yes: noHateSpeech [53]
        |               |       +--no:  Gays,Lesbians,Immigrants,Refugees,Origin,noHateSpeech [10]
        |               +--no:  Fatpeople,Lesbians,Women,noHateSpeech [251]
        +--no:  f214 > 0.4979536831378937
                +--yes: f205 > -0.255442351102829
                |       +--yes: f52 > 0.15163028240203857
                |       |       +--yes: f138 > -0.0951944962143898
                |       |       |       +--yes: Fatpeople,Lesbians,Feminists,Women [11]
                |       |       |       +--no:  noHateSpeech [6]
                |       |       +--no:  f9 > 0.17227399349212646
                |       |               +--yes: Fatpeople,Gays,Lesbians,Refugees,Origin,Racism,Women,noHateSpeech [38]
                |       |               +--no:  f281 > 0.14158035814762115
                |       |                       +--yes: Racism,Islamists,Men,Women,noHateSpeech [15]
                |       |                       +--no:  f82 > -0.17217811942100525
                |       |                               +--yes: f58 > 0.29413941502571106
                |       |                               |       +--yes: Blackpeople,Women,noHateSpeech [7]
                |       |                               |       +--no:  f61 > 0.34322118759155273
                |       |                               |               +--yes: Lesbians,noHateSpeech [5]
                |       |                               |               +--no:  noHateSpeech [105]
                |       |                               +--no:  Feminists,Refugees,Origin,Women,noHateSpeech [8]
                |       +--no:  Fatpeople,Gays,Refugees,Origin,Muslims,Men,Women,noHateSpeech [28]
                +--no:  f154 > -0.3296746611595154
                        +--yes: f205 > -0.4266137480735779
                        |       +--yes: f269 > -0.4936843812465668
                        |       |       +--yes: Homossexuals,Women,noHateSpeech [1642]
                        |       |       +--no:  Fatpeople,Gays,Leftwingideology,Islamists,noHateSpeech [5]
                        |       +--no:  Immigrants,Refugees,Origin,noHateSpeech [7]
                        +--no:  Lesbians,Feminists,Blackpeople,noHateSpeech [15]

T(4.0) Model
************

f23 > 0.08717851340770721
+--yes: f118 > 0.11383900046348572
|       +--yes: f29 > -0.3464526832103729
|       |       +--yes: f103 > -0.10972148925065994
|       |       |       +--yes: f249 > -0.08584591001272202
|       |       |       |       +--yes: Fatpeople,Lesbians,Women,noHateSpeech [238]
|       |       |       |       +--no:  f111 > -0.16362664103507996
|       |       |       |               +--yes: f208 > 0.09661374986171722
|       |       |       |               |       +--yes: Fatpeople,Lesbians,Blackpeople,Women,noHateSpeech [41]
|       |       |       |               |       +--no:  f204 > -0.144244983792305
|       |       |       |               |               +--yes: noHateSpeech [30]
|       |       |       |               |               +--no:  Lesbians,Feminists,Women,noHateSpeech [6]
|       |       |       |               +--no:  Lesbians,noHateSpeech [14]
|       |       |       +--no:  Fatpeople,Lesbians,Women,noHateSpeech [243]
|       |       +--no:  f69 > -0.137922003865242
|       |               +--yes: Gays,Lesbians,Origin,Women,noHateSpeech [20]
|       |               +--no:  noHateSpeech [6]
|       +--no:  f260 > 0.07969687879085541
|               +--yes: f291 > -0.24463100731372833
|               |       +--yes: f53 > -0.28135499358177185
|               |       |       +--yes: f285 > 0.2892985939979553
|               |       |       |       +--yes: Fatpeople,Homophobia,Immigrants,Origin,Men,Women,noHateSpeech [6]
|               |       |       |       +--no:  f72 > -0.39747950434684753
|               |       |       |               +--yes: f7 > 0.11092115193605423
|               |       |       |               |       +--yes: Lesbians,Ideology,Racism,Sexism,noHateSpeech [89]
|               |       |       |               |       +--no:  f153 > -0.1847943365573883
|               |       |       |               |               +--yes: f49 > 0.2880856692790985
|               |       |       |               |               |       +--yes: Fatpeople,Women,noHateSpeech [5]
|               |       |       |               |               |       +--no:  f26 > -0.4348383843898773
|               |       |       |               |               |               +--yes: f203 > 0.24190042912960052
|               |       |       |               |               |               |       +--yes: f225 > 0.19769300520420074
|               |       |       |               |               |               |       |       +--yes: Fatpeople,Homophobia,Refugees,Origin,OtherLifestyle [5]
|               |       |       |               |               |               |       |       +--no:  Women,noHateSpeech [19]
|               |       |       |               |               |               |       +--no:  f184 > 0.2176276594400406
|               |       |       |               |               |               |               +--yes: Gays,Women,noHateSpeech [5]
|               |       |       |               |               |               |               +--no:  f18 > 0.28749600052833557
|               |       |       |               |               |               |                       +--yes: Leftwingideology,Transwomen,noHateSpeech [11]
|               |       |       |               |               |               |                       +--no:  f246 > 0.34102073311805725
|               |       |       |               |               |               |                               +--yes: Origin,Men,noHateSpeech [8]
|               |       |       |               |               |               |                               +--no:  f198 > -0.22512555122375488
|               |       |       |               |               |               |                                       +--yes: f117 > -0.282640665769577
|               |       |       |               |               |               |                                       |       +--yes: f227 > -0.22659732401371002
|               |       |       |               |               |               |                                       |       |       +--yes: noHateSpeech [238]
|               |       |       |               |               |               |                                       |       |       +--no:  Homophobia,noHateSpeech [7]
|               |       |       |               |               |               |                                       |       +--no:  Fatpeople,noHateSpeech [5]
|               |       |       |               |               |               |                                       +--no:  Lesbians,Women,noHateSpeech [20]
|               |       |       |               |               |               +--no:  Lesbians,Men,Women,noHateSpeech [14]
|               |       |       |               |               +--no:  f153 > -0.19899366796016693
|               |       |       |               |                       +--yes: Fatpeople,Lesbians,Women,noHateSpeech [11]
|               |       |       |               |                       +--no:  f56 > -0.04195483401417732
|               |       |       |               |                               +--yes: Hatespeech,noHateSpeech [36]
|               |       |       |               |                               +--no:  Fatpeople,OtherLifestyle,Women,noHateSpeech [11]
|               |       |       |               +--no:  Fatpeople,Lesbians,Women,noHateSpeech [5]
|               |       |       +--no:  Gays,Lesbians,Origin,Blackpeople,Women,noHateSpeech [19]
|               |       +--no:  Gays,Blackpeople,Men,Women [5]
|               +--no:  f6 > -0.23620299994945526
|                       +--yes: f257 > 0.2940434217453003
|                       |       +--yes: Lesbians,Women,noHateSpeech [62]
|                       |       +--no:  Lesbians,Women,noHateSpeech [368]
|                       +--no:  Gays,Lesbians,Blackpeople,Women,noHateSpeech [13]
+--no:  f8 > 0.01672549918293953
        +--yes: f230 > -0.17901751399040222
        |       +--yes: f31 > 0.21898040175437927
        |       |       +--yes: Fatpeople,Lesbians,Migrants,Origin,Racism,Women,noHateSpeech [96]
        |       |       +--no:  f129 > 0.393354594707489
        |       |               +--yes: Feminists,Blackpeople,Women,noHateSpeech [6]
        |       |               +--no:  f144 > -0.12988123297691345
        |       |                       +--yes: Homossexuals,Women,noHateSpeech [1544]
        |       |                       +--no:  f140 > 0.0751740038394928
        |       |                               +--yes: Refugees,Origin,Men,Women,noHateSpeech [31]
        |       |                               +--no:  f60 > -0.29667073488235474
        |       |                                       +--yes: f3 > -0.27944236993789673
        |       |                                       |       +--yes: f203 > -0.21304064989089966
        |       |                                       |       |       +--yes: f69 > -0.26202088594436646
        |       |                                       |       |       |       +--yes: f150 > -0.09083691239356995
        |       |                                       |       |       |       |       +--yes: f77 > 0.21881063282489777
        |       |                                       |       |       |       |       |       +--yes: Islamists,noHateSpeech [5]
        |       |                                       |       |       |       |       |       +--no:  f22 > 0.3584330081939697
        |       |                                       |       |       |       |       |               +--yes: Men,noHateSpeech [5]
        |       |                                       |       |       |       |       |               +--no:  f48 > 0.37033510208129883
        |       |                                       |       |       |       |       |                       +--yes: Women,noHateSpeech [5]
        |       |                                       |       |       |       |       |                       +--no:  noHateSpeech [174]
        |       |                                       |       |       |       |       +--no:  Homophobia,Origin,Women,noHateSpeech [12]
        |       |                                       |       |       |       +--no:  Fatpeople,Refugees,Origin,noHateSpeech [6]
        |       |                                       |       |       +--no:  Fatpeople,Leftwingideology,noHateSpeech [5]
        |       |                                       |       +--no:  Feminists,noHateSpeech [6]
        |       |                                       +--no:  Racism,Women,noHateSpeech [7]
        |       +--no:  f173 > 0.05849942937493324
        |               +--yes: f216 > -0.22850656509399414
        |               |       +--yes: noHateSpeech [53]
        |               |       +--no:  Gays,Lesbians,Immigrants,Refugees,Origin,noHateSpeech [10]
        |               +--no:  Fatpeople,Lesbians,Women,noHateSpeech [251]
        +--no:  f214 > 0.4979536831378937
                +--yes: f205 > -0.255442351102829
                |       +--yes: f52 > 0.15163028240203857
                |       |       +--yes: f138 > -0.0951944962143898
                |       |       |       +--yes: Fatpeople,Lesbians,Feminists,Women [11]
                |       |       |       +--no:  noHateSpeech [6]
                |       |       +--no:  f9 > 0.17227399349212646
                |       |               +--yes: Fatpeople,Lesbians,Refugees,Origin,Women,noHateSpeech [38]
                |       |               +--no:  f281 > 0.14158035814762115
                |       |                       +--yes: Racism,Islamists,Men,Women,noHateSpeech [15]
                |       |                       +--no:  f82 > -0.17217811942100525
                |       |                               +--yes: f58 > 0.29413941502571106
                |       |                               |       +--yes: Blackpeople,Women,noHateSpeech [7]
                |       |                               |       +--no:  f61 > 0.34322118759155273
                |       |                               |               +--yes: Lesbians,noHateSpeech [5]
                |       |                               |               +--no:  noHateSpeech [105]
                |       |                               +--no:  Feminists,Refugees,Origin,Women,noHateSpeech [8]
                |       +--no:  Fatpeople,Homophobia,Refugees,Origin,Men,Women,noHateSpeech [28]
                +--no:  f154 > -0.3296746611595154
                        +--yes: f205 > -0.4266137480735779
                        |       +--yes: f269 > -0.4936843812465668
                        |       |       +--yes: Sexism,noHateSpeech [1642]
                        |       |       +--no:  Fatpeople,Gays,Leftwingideology,Islamists,noHateSpeech [5]
                        |       +--no:  Immigrants,Refugees,Origin,noHateSpeech [7]
                        +--no:  Lesbians,Feminists,Blackpeople,noHateSpeech [15]

T(6.0) Model
************

f23 > 0.08717851340770721
+--yes: f118 > 0.11383900046348572
|       +--yes: f29 > -0.3464526832103729
|       |       +--yes: f103 > -0.10972148925065994
|       |       |       +--yes: f249 > -0.08584591001272202
|       |       |       |       +--yes: Homossexuals,Women,noHateSpeech [238]
|       |       |       |       +--no:  f111 > -0.16362664103507996
|       |       |       |               +--yes: f208 > 0.09661374986171722
|       |       |       |               |       +--yes: Fatpeople,Lesbians,Blackpeople,Women,noHateSpeech [41]
|       |       |       |               |       +--no:  f204 > -0.144244983792305
|       |       |       |               |               +--yes: noHateSpeech [30]
|       |       |       |               |               +--no:  Lesbians,Feminists,Women,noHateSpeech [6]
|       |       |       |               +--no:  Lesbians,noHateSpeech [14]
|       |       |       +--no:  Fatpeople,Women,noHateSpeech [243]
|       |       +--no:  f69 > -0.137922003865242
|       |               +--yes: Lesbians [20]
|       |               +--no:  noHateSpeech [6]
|       +--no:  f260 > 0.07969687879085541
|               +--yes: f291 > -0.24463100731372833
|               |       +--yes: f53 > -0.28135499358177185
|               |       |       +--yes: f285 > 0.2892985939979553
|               |       |       |       +--yes: Fatpeople,Homophobia,Immigrants,Origin,Men,Women,noHateSpeech [6]
|               |       |       |       +--no:  f72 > -0.39747950434684753
|               |       |       |               +--yes: f7 > 0.11092115193605423
|               |       |       |               |       +--yes: Lesbians,Sexism,noHateSpeech [89]
|               |       |       |               |       +--no:  f153 > -0.1847943365573883
|               |       |       |               |               +--yes: f49 > 0.2880856692790985
|               |       |       |               |               |       +--yes: Fatpeople,Women,noHateSpeech [5]
|               |       |       |               |               |       +--no:  f26 > -0.4348383843898773
|               |       |       |               |               |               +--yes: f203 > 0.24190042912960052
|               |       |       |               |               |               |       +--yes: f225 > 0.19769300520420074
|               |       |       |               |               |               |       |       +--yes: Fatpeople,Homophobia,Refugees,Origin,OtherLifestyle [5]
|               |       |       |               |               |               |       |       +--no:  noHateSpeech [19]
|               |       |       |               |               |               |       +--no:  f184 > 0.2176276594400406
|               |       |       |               |               |               |               +--yes: Gays,Women,noHateSpeech [5]
|               |       |       |               |               |               |               +--no:  f18 > 0.28749600052833557
|               |       |       |               |               |               |                       +--yes: Leftwingideology,Transwomen,noHateSpeech [11]
|               |       |       |               |               |               |                       +--no:  f246 > 0.34102073311805725
|               |       |       |               |               |               |                               +--yes: Origin,Men,noHateSpeech [8]
|               |       |       |               |               |               |                               +--no:  f198 > -0.22512555122375488
|               |       |       |               |               |               |                                       +--yes: f117 > -0.282640665769577
|               |       |       |               |               |               |                                       |       +--yes: f227 > -0.22659732401371002
|               |       |       |               |               |               |                                       |       |       +--yes: noHateSpeech [238]
|               |       |       |               |               |               |                                       |       |       +--no:  Homophobia,noHateSpeech [7]
|               |       |       |               |               |               |                                       |       +--no:  Fatpeople,noHateSpeech [5]
|               |       |       |               |               |               |                                       +--no:  Women,noHateSpeech [20]
|               |       |       |               |               |               +--no:  Lesbians,Men,Women,noHateSpeech [14]
|               |       |       |               |               +--no:  f153 > -0.19899366796016693
|               |       |       |               |                       +--yes: Fatpeople,Lesbians,Women,noHateSpeech [11]
|               |       |       |               |                       +--no:  f56 > -0.04195483401417732
|               |       |       |               |                               +--yes: noHateSpeech [36]
|               |       |       |               |                               +--no:  Fatpeople,OtherLifestyle,Women,noHateSpeech [11]
|               |       |       |               +--no:  Fatpeople,Lesbians,Women,noHateSpeech [5]
|               |       |       +--no:  Homossexuals,Racism,Women,noHateSpeech [19]
|               |       +--no:  Gays,Blackpeople,Men,Women [5]
|               +--no:  f6 > -0.23620299994945526
|                       +--yes: f257 > 0.2940434217453003
|                       |       +--yes: Lesbians,Women,noHateSpeech [62]
|                       |       +--no:  Homossexuals,Women,noHateSpeech [368]
|                       +--no:  Gays,Lesbians,Blackpeople,Women,noHateSpeech [13]
+--no:  f8 > 0.01672549918293953
        +--yes: f230 > -0.17901751399040222
        |       +--yes: f31 > 0.21898040175437927
        |       |       +--yes: Fatpeople,Homophobia,Women,noHateSpeech [96]
        |       |       +--no:  f129 > 0.393354594707489
        |       |               +--yes: Feminists,Blackpeople,Women,noHateSpeech [6]
        |       |               +--no:  f144 > -0.12988123297691345
        |       |                       +--yes: Sexism,noHateSpeech [1544]
        |       |                       +--no:  f140 > 0.0751740038394928
        |       |                               +--yes: Refugees,Origin,Men,Women,noHateSpeech [31]
        |       |                               +--no:  f60 > -0.29667073488235474
        |       |                                       +--yes: f3 > -0.27944236993789673
        |       |                                       |       +--yes: f203 > -0.21304064989089966
        |       |                                       |       |       +--yes: f69 > -0.26202088594436646
        |       |                                       |       |       |       +--yes: f150 > -0.09083691239356995
        |       |                                       |       |       |       |       +--yes: f77 > 0.21881063282489777
        |       |                                       |       |       |       |       |       +--yes: Islamists,noHateSpeech [5]
        |       |                                       |       |       |       |       |       +--no:  f22 > 0.3584330081939697
        |       |                                       |       |       |       |       |               +--yes: Men,noHateSpeech [5]
        |       |                                       |       |       |       |       |               +--no:  f48 > 0.37033510208129883
        |       |                                       |       |       |       |       |                       +--yes: Women,noHateSpeech [5]
        |       |                                       |       |       |       |       |                       +--no:  noHateSpeech [174]
        |       |                                       |       |       |       |       +--no:  Homophobia,Origin,Women,noHateSpeech [12]
        |       |                                       |       |       |       +--no:  Fatpeople,Refugees,Origin,noHateSpeech [6]
        |       |                                       |       |       +--no:  Fatpeople,Leftwingideology,noHateSpeech [5]
        |       |                                       |       +--no:  Feminists,noHateSpeech [6]
        |       |                                       +--no:  Racism,Women,noHateSpeech [7]
        |       +--no:  f173 > 0.05849942937493324
        |               +--yes: f216 > -0.22850656509399414
        |               |       +--yes: noHateSpeech [53]
        |               |       +--no:  Gays,Lesbians,Immigrants,Refugees,Origin,noHateSpeech [10]
        |               +--no:  Lesbians,Women,noHateSpeech [251]
        +--no:  f214 > 0.4979536831378937
                +--yes: f205 > -0.255442351102829
                |       +--yes: f52 > 0.15163028240203857
                |       |       +--yes: f138 > -0.0951944962143898
                |       |       |       +--yes: Fatpeople,Lesbians,Feminists,Women [11]
                |       |       |       +--no:  noHateSpeech [6]
                |       |       +--no:  f9 > 0.17227399349212646
                |       |               +--yes: Lesbians,Women,noHateSpeech [38]
                |       |               +--no:  f281 > 0.14158035814762115
                |       |                       +--yes: Racism,Islamists,Men,Women,noHateSpeech [15]
                |       |                       +--no:  f82 > -0.17217811942100525
                |       |                               +--yes: f58 > 0.29413941502571106
                |       |                               |       +--yes: Blackpeople,Women,noHateSpeech [7]
                |       |                               |       +--no:  f61 > 0.34322118759155273
                |       |                               |               +--yes: Lesbians,noHateSpeech [5]
                |       |                               |               +--no:  noHateSpeech [105]
                |       |                               +--no:  Feminists,Refugees,Origin,Women,noHateSpeech [8]
                |       +--no:  Fatpeople,Homophobia,Refugees,Origin,Men,Women,noHateSpeech [28]
                +--no:  f154 > -0.3296746611595154
                        +--yes: f205 > -0.4266137480735779
                        |       +--yes: f269 > -0.4936843812465668
                        |       |       +--yes: Hatespeech,noHateSpeech [1642]
                        |       |       +--no:  Fatpeople,Gays,Leftwingideology,Islamists,noHateSpeech [5]
                        |       +--no:  Immigrants,Refugees,Origin,noHateSpeech [7]
                        +--no:  Lesbians,Feminists,Blackpeople,noHateSpeech [15]

T(8.0) Model
************

f23 > 0.08717851340770721
+--yes: f118 > 0.11383900046348572
|       +--yes: f29 > -0.3464526832103729
|       |       +--yes: f103 > -0.10972148925065994
|       |       |       +--yes: f249 > -0.08584591001272202
|       |       |       |       +--yes: Sexism,noHateSpeech [238]
|       |       |       |       +--no:  f111 > -0.16362664103507996
|       |       |       |               +--yes: f208 > 0.09661374986171722
|       |       |       |               |       +--yes: Lesbians,Sexism,noHateSpeech [41]
|       |       |       |               |       +--no:  f204 > -0.144244983792305
|       |       |       |               |               +--yes: noHateSpeech [30]
|       |       |       |               |               +--no:  Lesbians,Feminists,Women,noHateSpeech [6]
|       |       |       |               +--no:  Lesbians,noHateSpeech [14]
|       |       |       +--no:  Fatpeople,Women,noHateSpeech [243]
|       |       +--no:  f69 > -0.137922003865242
|       |               +--yes: Lesbians [20]
|       |               +--no:  noHateSpeech [6]
|       +--no:  f260 > 0.07969687879085541
|               +--yes: f291 > -0.24463100731372833
|               |       +--yes: f53 > -0.28135499358177185
|               |       |       +--yes: f285 > 0.2892985939979553
|               |       |       |       +--yes: Fatpeople,Homophobia,Immigrants,Origin,Men,Women,noHateSpeech [6]
|               |       |       |       +--no:  f72 > -0.39747950434684753
|               |       |       |               +--yes: f7 > 0.11092115193605423
|               |       |       |               |       +--yes: Homossexuals,noHateSpeech [89]
|               |       |       |               |       +--no:  f153 > -0.1847943365573883
|               |       |       |               |               +--yes: f49 > 0.2880856692790985
|               |       |       |               |               |       +--yes: Fatpeople,Women,noHateSpeech [5]
|               |       |       |               |               |       +--no:  f26 > -0.4348383843898773
|               |       |       |               |               |               +--yes: f203 > 0.24190042912960052
|               |       |       |               |               |               |       +--yes: f225 > 0.19769300520420074
|               |       |       |               |               |               |       |       +--yes: Fatpeople,Homophobia,Refugees,Origin,OtherLifestyle [5]
|               |       |       |               |               |               |       |       +--no:  noHateSpeech [19]
|               |       |       |               |               |               |       +--no:  f184 > 0.2176276594400406
|               |       |       |               |               |               |               +--yes: Gays,Women,noHateSpeech [5]
|               |       |       |               |               |               |               +--no:  f18 > 0.28749600052833557
|               |       |       |               |               |               |                       +--yes: Leftwingideology,Transwomen,noHateSpeech [11]
|               |       |       |               |               |               |                       +--no:  f246 > 0.34102073311805725
|               |       |       |               |               |               |                               +--yes: Origin,Men,noHateSpeech [8]
|               |       |       |               |               |               |                               +--no:  f198 > -0.22512555122375488
|               |       |       |               |               |               |                                       +--yes: f117 > -0.282640665769577
|               |       |       |               |               |               |                                       |       +--yes: f227 > -0.22659732401371002
|               |       |       |               |               |               |                                       |       |       +--yes: noHateSpeech [238]
|               |       |       |               |               |               |                                       |       |       +--no:  Homophobia,noHateSpeech [7]
|               |       |       |               |               |               |                                       |       +--no:  Fatpeople,noHateSpeech [5]
|               |       |       |               |               |               |                                       +--no:  Women,noHateSpeech [20]
|               |       |       |               |               |               +--no:  Lesbians,Sexism,noHateSpeech [14]
|               |       |       |               |               +--no:  f153 > -0.19899366796016693
|               |       |       |               |                       +--yes: Fatpeople,Lesbians,Women,noHateSpeech [11]
|               |       |       |               |                       +--no:  f56 > -0.04195483401417732
|               |       |       |               |                               +--yes: noHateSpeech [36]
|               |       |       |               |                               +--no:  Fatpeople,OtherLifestyle,Women,noHateSpeech [11]
|               |       |       |               +--no:  Fatpeople,Lesbians,Women,noHateSpeech [5]
|               |       |       +--no:  Homossexuals,Racism,Women,noHateSpeech [19]
|               |       +--no:  Gays,Blackpeople,Men,Women [5]
|               +--no:  f6 > -0.23620299994945526
|                       +--yes: f257 > 0.2940434217453003
|                       |       +--yes: Lesbians,Women,noHateSpeech [62]
|                       |       +--no:  Sexism,noHateSpeech [368]
|                       +--no:  Lesbians,Women,noHateSpeech [13]
+--no:  f8 > 0.01672549918293953
        +--yes: f230 > -0.17901751399040222
        |       +--yes: f31 > 0.21898040175437927
        |       |       +--yes: Women,noHateSpeech [96]
        |       |       +--no:  f129 > 0.393354594707489
        |       |               +--yes: Feminists,Blackpeople,Women,noHateSpeech [6]
        |       |               +--no:  f144 > -0.12988123297691345
        |       |                       +--yes: Hatespeech,noHateSpeech [1544]
        |       |                       +--no:  f140 > 0.0751740038394928
        |       |                               +--yes: Men,Women,noHateSpeech [31]
        |       |                               +--no:  f60 > -0.29667073488235474
        |       |                                       +--yes: f3 > -0.27944236993789673
        |       |                                       |       +--yes: f203 > -0.21304064989089966
        |       |                                       |       |       +--yes: f69 > -0.26202088594436646
        |       |                                       |       |       |       +--yes: f150 > -0.09083691239356995
        |       |                                       |       |       |       |       +--yes: f77 > 0.21881063282489777
        |       |                                       |       |       |       |       |       +--yes: Islamists,noHateSpeech [5]
        |       |                                       |       |       |       |       |       +--no:  f22 > 0.3584330081939697
        |       |                                       |       |       |       |       |               +--yes: Men,noHateSpeech [5]
        |       |                                       |       |       |       |       |               +--no:  f48 > 0.37033510208129883
        |       |                                       |       |       |       |       |                       +--yes: Women,noHateSpeech [5]
        |       |                                       |       |       |       |       |                       +--no:  noHateSpeech [174]
        |       |                                       |       |       |       |       +--no:  Homophobia,Origin,Women,noHateSpeech [12]
        |       |                                       |       |       |       +--no:  Fatpeople,Refugees,Origin,noHateSpeech [6]
        |       |                                       |       |       +--no:  Fatpeople,Leftwingideology,noHateSpeech [5]
        |       |                                       |       +--no:  Feminists,noHateSpeech [6]
        |       |                                       +--no:  Racism,Women,noHateSpeech [7]
        |       +--no:  f173 > 0.05849942937493324
        |               +--yes: f216 > -0.22850656509399414
        |               |       +--yes: noHateSpeech [53]
        |               |       +--no:  Gays,Lesbians,Immigrants,Refugees,Origin,noHateSpeech [10]
        |               +--no:  Homossexuals,Women,noHateSpeech [251]
        +--no:  f214 > 0.4979536831378937
                +--yes: f205 > -0.255442351102829
                |       +--yes: f52 > 0.15163028240203857
                |       |       +--yes: f138 > -0.0951944962143898
                |       |       |       +--yes: Fatpeople,Lesbians,Feminists,Women [11]
                |       |       |       +--no:  noHateSpeech [6]
                |       |       +--no:  f9 > 0.17227399349212646
                |       |               +--yes: Lesbians,Women,noHateSpeech [38]
                |       |               +--no:  f281 > 0.14158035814762115
                |       |                       +--yes: Women,noHateSpeech [15]
                |       |                       +--no:  f82 > -0.17217811942100525
                |       |                               +--yes: f58 > 0.29413941502571106
                |       |                               |       +--yes: Blackpeople,Women,noHateSpeech [7]
                |       |                               |       +--no:  f61 > 0.34322118759155273
                |       |                               |               +--yes: Lesbians,noHateSpeech [5]
                |       |                               |               +--no:  noHateSpeech [105]
                |       |                               +--no:  Feminists,Refugees,Origin,Women,noHateSpeech [8]
                |       +--no:  Refugees,Origin,Women,noHateSpeech [28]
                +--no:  f154 > -0.3296746611595154
                        +--yes: f205 > -0.4266137480735779
                        |       +--yes: f269 > -0.4936843812465668
                        |       |       +--yes: Hatespeech,noHateSpeech [1642]
                        |       |       +--no:  Fatpeople,Gays,Leftwingideology,Islamists,noHateSpeech [5]
                        |       +--no:  Immigrants,Refugees,Origin,noHateSpeech [7]
                        +--no:  Lesbians,Feminists,Blackpeople,noHateSpeech [15]

T(10.0) Model
*************

f23 > 0.08717851340770721
+--yes: f118 > 0.11383900046348572
|       +--yes: f29 > -0.3464526832103729
|       |       +--yes: f103 > -0.10972148925065994
|       |       |       +--yes: f249 > -0.08584591001272202
|       |       |       |       +--yes: Sexism,noHateSpeech [238]
|       |       |       |       +--no:  f111 > -0.16362664103507996
|       |       |       |               +--yes: f208 > 0.09661374986171722
|       |       |       |               |       +--yes: Lesbians,noHateSpeech [41]
|       |       |       |               |       +--no:  f204 > -0.144244983792305
|       |       |       |               |               +--yes: noHateSpeech [30]
|       |       |       |               |               +--no:  Lesbians,Feminists,Women,noHateSpeech [6]
|       |       |       |               +--no:  Lesbians,noHateSpeech [14]
|       |       |       +--no:  Body,Women,noHateSpeech [243]
|       |       +--no:  f69 > -0.137922003865242
|       |               +--yes: Lesbians [20]
|       |               +--no:  noHateSpeech [6]
|       +--no:  f260 > 0.07969687879085541
|               +--yes: f291 > -0.24463100731372833
|               |       +--yes: f53 > -0.28135499358177185
|               |       |       +--yes: f285 > 0.2892985939979553
|               |       |       |       +--yes: Fatpeople,Homophobia,Immigrants,Origin,Men,Women,noHateSpeech [6]
|               |       |       |       +--no:  f72 > -0.39747950434684753
|               |       |       |               +--yes: f7 > 0.11092115193605423
|               |       |       |               |       +--yes: Homossexuals,noHateSpeech [89]
|               |       |       |               |       +--no:  f153 > -0.1847943365573883
|               |       |       |               |               +--yes: f49 > 0.2880856692790985
|               |       |       |               |               |       +--yes: Fatpeople,Women,noHateSpeech [5]
|               |       |       |               |               |       +--no:  f26 > -0.4348383843898773
|               |       |       |               |               |               +--yes: f203 > 0.24190042912960052
|               |       |       |               |               |               |       +--yes: f225 > 0.19769300520420074
|               |       |       |               |               |               |       |       +--yes: Fatpeople,Homophobia,Refugees,Origin,OtherLifestyle [5]
|               |       |       |               |               |               |       |       +--no:  noHateSpeech [19]
|               |       |       |               |               |               |       +--no:  f184 > 0.2176276594400406
|               |       |       |               |               |               |               +--yes: Gays,Women,noHateSpeech [5]
|               |       |       |               |               |               |               +--no:  f18 > 0.28749600052833557
|               |       |       |               |               |               |                       +--yes: Women,noHateSpeech [11]
|               |       |       |               |               |               |                       +--no:  f246 > 0.34102073311805725
|               |       |       |               |               |               |                               +--yes: Origin,Men,noHateSpeech [8]
|               |       |       |               |               |               |                               +--no:  f198 > -0.22512555122375488
|               |       |       |               |               |               |                                       +--yes: f117 > -0.282640665769577
|               |       |       |               |               |               |                                       |       +--yes: f227 > -0.22659732401371002
|               |       |       |               |               |               |                                       |       |       +--yes: noHateSpeech [238]
|               |       |       |               |               |               |                                       |       |       +--no:  Homophobia,noHateSpeech [7]
|               |       |       |               |               |               |                                       |       +--no:  Fatpeople,noHateSpeech [5]
|               |       |       |               |               |               |                                       +--no:  Women,noHateSpeech [20]
|               |       |       |               |               |               +--no:  Lesbians,Sexism,noHateSpeech [14]
|               |       |       |               |               +--no:  f153 > -0.19899366796016693
|               |       |       |               |                       +--yes: Lesbians,Women,noHateSpeech [11]
|               |       |       |               |                       +--no:  f56 > -0.04195483401417732
|               |       |       |               |                               +--yes: noHateSpeech [36]
|               |       |       |               |                               +--no:  Women,noHateSpeech [11]
|               |       |       |               +--no:  Fatpeople,Lesbians,Women,noHateSpeech [5]
|               |       |       +--no:  Homossexuals,Racism,Women,noHateSpeech [19]
|               |       +--no:  Gays,Blackpeople,Men,Women [5]
|               +--no:  f6 > -0.23620299994945526
|                       +--yes: f257 > 0.2940434217453003
|                       |       +--yes: Lesbians,Women,noHateSpeech [62]
|                       |       +--no:  Sexism,noHateSpeech [368]
|                       +--no:  Lesbians,Women,noHateSpeech [13]
+--no:  f8 > 0.01672549918293953
        +--yes: f230 > -0.17901751399040222
        |       +--yes: f31 > 0.21898040175437927
        |       |       +--yes: Women,noHateSpeech [96]
        |       |       +--no:  f129 > 0.393354594707489
        |       |               +--yes: Feminists,Blackpeople,Women,noHateSpeech [6]
        |       |               +--no:  f144 > -0.12988123297691345
        |       |                       +--yes: Hatespeech,noHateSpeech [1544]
        |       |                       +--no:  f140 > 0.0751740038394928
        |       |                               +--yes: Sexism,noHateSpeech [31]
        |       |                               +--no:  f60 > -0.29667073488235474
        |       |                                       +--yes: f3 > -0.27944236993789673
        |       |                                       |       +--yes: f203 > -0.21304064989089966
        |       |                                       |       |       +--yes: f69 > -0.26202088594436646
        |       |                                       |       |       |       +--yes: f150 > -0.09083691239356995
        |       |                                       |       |       |       |       +--yes: f77 > 0.21881063282489777
        |       |                                       |       |       |       |       |       +--yes: Islamists,noHateSpeech [5]
        |       |                                       |       |       |       |       |       +--no:  f22 > 0.3584330081939697
        |       |                                       |       |       |       |       |               +--yes: Men,noHateSpeech [5]
        |       |                                       |       |       |       |       |               +--no:  f48 > 0.37033510208129883
        |       |                                       |       |       |       |       |                       +--yes: Women,noHateSpeech [5]
        |       |                                       |       |       |       |       |                       +--no:  noHateSpeech [174]
        |       |                                       |       |       |       |       +--no:  Hatespeech,noHateSpeech [12]
        |       |                                       |       |       |       +--no:  Fatpeople,Refugees,Origin,noHateSpeech [6]
        |       |                                       |       |       +--no:  Fatpeople,Leftwingideology,noHateSpeech [5]
        |       |                                       |       +--no:  Feminists,noHateSpeech [6]
        |       |                                       +--no:  Racism,Women,noHateSpeech [7]
        |       +--no:  f173 > 0.05849942937493324
        |               +--yes: f216 > -0.22850656509399414
        |               |       +--yes: noHateSpeech [53]
        |               |       +--no:  Gays,Lesbians,Immigrants,Refugees,Origin,noHateSpeech [10]
        |               +--no:  Homophobia,Women,noHateSpeech [251]
        +--no:  f214 > 0.4979536831378937
                +--yes: f205 > -0.255442351102829
                |       +--yes: f52 > 0.15163028240203857
                |       |       +--yes: f138 > -0.0951944962143898
                |       |       |       +--yes: Fatpeople,Feminists,Women [11]
                |       |       |       +--no:  noHateSpeech [6]
                |       |       +--no:  f9 > 0.17227399349212646
                |       |               +--yes: Lesbians,Women,noHateSpeech [38]
                |       |               +--no:  f281 > 0.14158035814762115
                |       |                       +--yes: Women,noHateSpeech [15]
                |       |                       +--no:  f82 > -0.17217811942100525
                |       |                               +--yes: f58 > 0.29413941502571106
                |       |                               |       +--yes: Blackpeople,Women,noHateSpeech [7]
                |       |                               |       +--no:  f61 > 0.34322118759155273
                |       |                               |               +--yes: Lesbians,noHateSpeech [5]
                |       |                               |               +--no:  noHateSpeech [105]
                |       |                               +--no:  Feminists,Refugees,Origin,Women,noHateSpeech [8]
                |       +--no:  Refugees,Origin,Women,noHateSpeech [28]
                +--no:  f154 > -0.3296746611595154
                        +--yes: f205 > -0.4266137480735779
                        |       +--yes: f269 > -0.4936843812465668
                        |       |       +--yes: Hatespeech,noHateSpeech [1642]
                        |       |       +--no:  Fatpeople,Gays,Leftwingideology,Islamists,noHateSpeech [5]
                        |       +--no:  Immigrants,Refugees,Origin,noHateSpeech [7]
                        +--no:  Lesbians,Feminists,Blackpeople,noHateSpeech [15]

T(12.0) Model
*************

f23 > 0.08717851340770721
+--yes: f118 > 0.11383900046348572
|       +--yes: f29 > -0.3464526832103729
|       |       +--yes: f103 > -0.10972148925065994
|       |       |       +--yes: f249 > -0.08584591001272202
|       |       |       |       +--yes: Hatespeech,noHateSpeech [238]
|       |       |       |       +--no:  f111 > -0.16362664103507996
|       |       |       |               +--yes: f208 > 0.09661374986171722
|       |       |       |               |       +--yes: Lesbians,noHateSpeech [41]
|       |       |       |               |       +--no:  f204 > -0.144244983792305
|       |       |       |               |               +--yes: noHateSpeech [30]
|       |       |       |               |               +--no:  Lesbians,Feminists,Women,noHateSpeech [6]
|       |       |       |               +--no:  Lesbians,noHateSpeech [14]
|       |       |       +--no:  Women,noHateSpeech [243]
|       |       +--no:  f69 > -0.137922003865242
|       |               +--yes: Lesbians [20]
|       |               +--no:  noHateSpeech [6]
|       +--no:  f260 > 0.07969687879085541
|               +--yes: f291 > -0.24463100731372833
|               |       +--yes: f53 > -0.28135499358177185
|               |       |       +--yes: f285 > 0.2892985939979553
|               |       |       |       +--yes: Fatpeople,Homophobia,Immigrants,Origin,Men,Women,noHateSpeech [6]
|               |       |       |       +--no:  f72 > -0.39747950434684753
|               |       |       |               +--yes: f7 > 0.11092115193605423
|               |       |       |               |       +--yes: Hatespeech,noHateSpeech [89]
|               |       |       |               |       +--no:  f153 > -0.1847943365573883
|               |       |       |               |               +--yes: f49 > 0.2880856692790985
|               |       |       |               |               |       +--yes: Fatpeople,Women,noHateSpeech [5]
|               |       |       |               |               |       +--no:  f26 > -0.4348383843898773
|               |       |       |               |               |               +--yes: f203 > 0.24190042912960052
|               |       |       |               |               |               |       +--yes: f225 > 0.19769300520420074
|               |       |       |               |               |               |       |       +--yes: Fatpeople,Homophobia,Refugees,Origin,OtherLifestyle [5]
|               |       |       |               |               |               |       |       +--no:  noHateSpeech [19]
|               |       |       |               |               |               |       +--no:  f184 > 0.2176276594400406
|               |       |       |               |               |               |               +--yes: Gays,Women,noHateSpeech [5]
|               |       |       |               |               |               |               +--no:  f18 > 0.28749600052833557
|               |       |       |               |               |               |                       +--yes: Women,noHateSpeech [11]
|               |       |       |               |               |               |                       +--no:  f246 > 0.34102073311805725
|               |       |       |               |               |               |                               +--yes: Origin,Men,noHateSpeech [8]
|               |       |       |               |               |               |                               +--no:  f198 > -0.22512555122375488
|               |       |       |               |               |               |                                       +--yes: f117 > -0.282640665769577
|               |       |       |               |               |               |                                       |       +--yes: f227 > -0.22659732401371002
|               |       |       |               |               |               |                                       |       |       +--yes: noHateSpeech [238]
|               |       |       |               |               |               |                                       |       |       +--no:  Homophobia,noHateSpeech [7]
|               |       |       |               |               |               |                                       |       +--no:  Fatpeople,noHateSpeech [5]
|               |       |       |               |               |               |                                       +--no:  Hatespeech,noHateSpeech [20]
|               |       |       |               |               |               +--no:  Lesbians,Sexism,noHateSpeech [14]
|               |       |       |               |               +--no:  f153 > -0.19899366796016693
|               |       |       |               |                       +--yes: Lesbians,Women,noHateSpeech [11]
|               |       |       |               |                       +--no:  f56 > -0.04195483401417732
|               |       |       |               |                               +--yes: noHateSpeech [36]
|               |       |       |               |                               +--no:  Women,noHateSpeech [11]
|               |       |       |               +--no:  Fatpeople,Lesbians,Women,noHateSpeech [5]
|               |       |       +--no:  Women,noHateSpeech [19]
|               |       +--no:  Gays,Blackpeople,Men,Women [5]
|               +--no:  f6 > -0.23620299994945526
|                       +--yes: f257 > 0.2940434217453003
|                       |       +--yes: Lesbians,Women,noHateSpeech [62]
|                       |       +--no:  Hatespeech,noHateSpeech [368]
|                       +--no:  Lesbians,Women,noHateSpeech [13]
+--no:  f8 > 0.01672549918293953
        +--yes: f230 > -0.17901751399040222
        |       +--yes: f31 > 0.21898040175437927
        |       |       +--yes: Sexism,noHateSpeech [96]
        |       |       +--no:  f129 > 0.393354594707489
        |       |               +--yes: Feminists,Blackpeople,Women,noHateSpeech [6]
        |       |               +--no:  f144 > -0.12988123297691345
        |       |                       +--yes: Hatespeech,noHateSpeech [1544]
        |       |                       +--no:  f140 > 0.0751740038394928
        |       |                               +--yes: Sexism,noHateSpeech [31]
        |       |                               +--no:  f60 > -0.29667073488235474
        |       |                                       +--yes: f3 > -0.27944236993789673
        |       |                                       |       +--yes: f203 > -0.21304064989089966
        |       |                                       |       |       +--yes: f69 > -0.26202088594436646
        |       |                                       |       |       |       +--yes: f150 > -0.09083691239356995
        |       |                                       |       |       |       |       +--yes: f77 > 0.21881063282489777
        |       |                                       |       |       |       |       |       +--yes: Islamists,noHateSpeech [5]
        |       |                                       |       |       |       |       |       +--no:  f22 > 0.3584330081939697
        |       |                                       |       |       |       |       |               +--yes: Men,noHateSpeech [5]
        |       |                                       |       |       |       |       |               +--no:  f48 > 0.37033510208129883
        |       |                                       |       |       |       |       |                       +--yes: Women,noHateSpeech [5]
        |       |                                       |       |       |       |       |                       +--no:  noHateSpeech [174]
        |       |                                       |       |       |       |       +--no:  Hatespeech,noHateSpeech [12]
        |       |                                       |       |       |       +--no:  Fatpeople,Refugees,Origin,noHateSpeech [6]
        |       |                                       |       |       +--no:  Fatpeople,Leftwingideology,noHateSpeech [5]
        |       |                                       |       +--no:  Feminists,noHateSpeech [6]
        |       |                                       +--no:  Racism,Women,noHateSpeech [7]
        |       +--no:  f173 > 0.05849942937493324
        |               +--yes: f216 > -0.22850656509399414
        |               |       +--yes: noHateSpeech [53]
        |               |       +--no:  Lesbians,Migrants,Origin,noHateSpeech [10]
        |               +--no:  Women,noHateSpeech [251]
        +--no:  f214 > 0.4979536831378937
                +--yes: f205 > -0.255442351102829
                |       +--yes: f52 > 0.15163028240203857
                |       |       +--yes: f138 > -0.0951944962143898
                |       |       |       +--yes: Fatpeople,Feminists,Women [11]
                |       |       |       +--no:  noHateSpeech [6]
                |       |       +--no:  f9 > 0.17227399349212646
                |       |               +--yes: Lesbians,noHateSpeech [38]
                |       |               +--no:  f281 > 0.14158035814762115
                |       |                       +--yes: Women,noHateSpeech [15]
                |       |                       +--no:  f82 > -0.17217811942100525
                |       |                               +--yes: f58 > 0.29413941502571106
                |       |                               |       +--yes: Blackpeople,Women,noHateSpeech [7]
                |       |                               |       +--no:  f61 > 0.34322118759155273
                |       |                               |               +--yes: Lesbians,noHateSpeech [5]
                |       |                               |               +--no:  noHateSpeech [105]
                |       |                               +--no:  Feminists,Refugees,Origin,Women,noHateSpeech [8]
                |       +--no:  Women,noHateSpeech [28]
                +--no:  f154 > -0.3296746611595154
                        +--yes: f205 > -0.4266137480735779
                        |       +--yes: f269 > -0.4936843812465668
                        |       |       +--yes: Hatespeech,noHateSpeech [1642]
                        |       |       +--no:  Fatpeople,Gays,Leftwingideology,Islamists,noHateSpeech [5]
                        |       +--no:  Immigrants,Refugees,Origin,noHateSpeech [7]
                        +--no:  Lesbians,Feminists,Blackpeople,noHateSpeech [15]

T(14.0) Model
*************

f23 > 0.08717851340770721
+--yes: f118 > 0.11383900046348572
|       +--yes: f29 > -0.3464526832103729
|       |       +--yes: f103 > -0.10972148925065994
|       |       |       +--yes: f249 > -0.08584591001272202
|       |       |       |       +--yes: Hatespeech,noHateSpeech [238]
|       |       |       |       +--no:  f111 > -0.16362664103507996
|       |       |       |               +--yes: f208 > 0.09661374986171722
|       |       |       |               |       +--yes: Lesbians,noHateSpeech [41]
|       |       |       |               |       +--no:  f204 > -0.144244983792305
|       |       |       |               |               +--yes: noHateSpeech [30]
|       |       |       |               |               +--no:  Lesbians,Feminists,Women,noHateSpeech [6]
|       |       |       |               +--no:  Lesbians,noHateSpeech [14]
|       |       |       +--no:  Women,noHateSpeech [243]
|       |       +--no:  f69 > -0.137922003865242
|       |               +--yes: Lesbians [20]
|       |               +--no:  noHateSpeech [6]
|       +--no:  f260 > 0.07969687879085541
|               +--yes: f291 > -0.24463100731372833
|               |       +--yes: f53 > -0.28135499358177185
|               |       |       +--yes: f285 > 0.2892985939979553
|               |       |       |       +--yes: Fatpeople,Homophobia,Immigrants,Origin,Men,Women,noHateSpeech [6]
|               |       |       |       +--no:  f72 > -0.39747950434684753
|               |       |       |               +--yes: f7 > 0.11092115193605423
|               |       |       |               |       +--yes: Hatespeech,noHateSpeech [89]
|               |       |       |               |       +--no:  f153 > -0.1847943365573883
|               |       |       |               |               +--yes: f49 > 0.2880856692790985
|               |       |       |               |               |       +--yes: Fatpeople,Women,noHateSpeech [5]
|               |       |       |               |               |       +--no:  f26 > -0.4348383843898773
|               |       |       |               |               |               +--yes: f203 > 0.24190042912960052
|               |       |       |               |               |               |       +--yes: f225 > 0.19769300520420074
|               |       |       |               |               |               |       |       +--yes: Fatpeople,Homophobia,Refugees,Origin,OtherLifestyle [5]
|               |       |       |               |               |               |       |       +--no:  noHateSpeech [19]
|               |       |       |               |               |               |       +--no:  f184 > 0.2176276594400406
|               |       |       |               |               |               |               +--yes: Gays,Women,noHateSpeech [5]
|               |       |       |               |               |               |               +--no:  f18 > 0.28749600052833557
|               |       |       |               |               |               |                       +--yes: Women,noHateSpeech [11]
|               |       |       |               |               |               |                       +--no:  f246 > 0.34102073311805725
|               |       |       |               |               |               |                               +--yes: Hatespeech,noHateSpeech [8]
|               |       |       |               |               |               |                               +--no:  f198 > -0.22512555122375488
|               |       |       |               |               |               |                                       +--yes: f117 > -0.282640665769577
|               |       |       |               |               |               |                                       |       +--yes: f227 > -0.22659732401371002
|               |       |       |               |               |               |                                       |       |       +--yes: noHateSpeech [238]
|               |       |       |               |               |               |                                       |       |       +--no:  Homophobia,noHateSpeech [7]
|               |       |       |               |               |               |                                       |       +--no:  Fatpeople,noHateSpeech [5]
|               |       |       |               |               |               |                                       +--no:  Hatespeech,noHateSpeech [20]
|               |       |       |               |               |               +--no:  Lesbians,Sexism,noHateSpeech [14]
|               |       |       |               |               +--no:  f153 > -0.19899366796016693
|               |       |       |               |                       +--yes: Lesbians,Women,noHateSpeech [11]
|               |       |       |               |                       +--no:  f56 > -0.04195483401417732
|               |       |       |               |                               +--yes: noHateSpeech [36]
|               |       |       |               |                               +--no:  Women,noHateSpeech [11]
|               |       |       |               +--no:  Fatpeople,Lesbians,Women,noHateSpeech [5]
|               |       |       +--no:  Women,noHateSpeech [19]
|               |       +--no:  Gays,Blackpeople,Men,Women [5]
|               +--no:  f6 > -0.23620299994945526
|                       +--yes: f257 > 0.2940434217453003
|                       |       +--yes: Lesbians,Women,noHateSpeech [62]
|                       |       +--no:  Hatespeech,noHateSpeech [368]
|                       +--no:  Lesbians,Women,noHateSpeech [13]
+--no:  f8 > 0.01672549918293953
        +--yes: f230 > -0.17901751399040222
        |       +--yes: f31 > 0.21898040175437927
        |       |       +--yes: Sexism,noHateSpeech [96]
        |       |       +--no:  f129 > 0.393354594707489
        |       |               +--yes: Feminists,Blackpeople,Women,noHateSpeech [6]
        |       |               +--no:  f144 > -0.12988123297691345
        |       |                       +--yes: Hatespeech,noHateSpeech [1544]
        |       |                       +--no:  f140 > 0.0751740038394928
        |       |                               +--yes: Sexism,noHateSpeech [31]
        |       |                               +--no:  f60 > -0.29667073488235474
        |       |                                       +--yes: f3 > -0.27944236993789673
        |       |                                       |       +--yes: f203 > -0.21304064989089966
        |       |                                       |       |       +--yes: f69 > -0.26202088594436646
        |       |                                       |       |       |       +--yes: f150 > -0.09083691239356995
        |       |                                       |       |       |       |       +--yes: f77 > 0.21881063282489777
        |       |                                       |       |       |       |       |       +--yes: Islamists,noHateSpeech [5]
        |       |                                       |       |       |       |       |       +--no:  f22 > 0.3584330081939697
        |       |                                       |       |       |       |       |               +--yes: Men,noHateSpeech [5]
        |       |                                       |       |       |       |       |               +--no:  f48 > 0.37033510208129883
        |       |                                       |       |       |       |       |                       +--yes: Women,noHateSpeech [5]
        |       |                                       |       |       |       |       |                       +--no:  noHateSpeech [174]
        |       |                                       |       |       |       |       +--no:  Hatespeech,noHateSpeech [12]
        |       |                                       |       |       |       +--no:  Fatpeople,Refugees,Origin,noHateSpeech [6]
        |       |                                       |       |       +--no:  Fatpeople,Leftwingideology,noHateSpeech [5]
        |       |                                       |       +--no:  Feminists,noHateSpeech [6]
        |       |                                       +--no:  Racism,Women,noHateSpeech [7]
        |       +--no:  f173 > 0.05849942937493324
        |               +--yes: f216 > -0.22850656509399414
        |               |       +--yes: noHateSpeech [53]
        |               |       +--no:  Lesbians,Migrants,Origin,noHateSpeech [10]
        |               +--no:  Sexism,noHateSpeech [251]
        +--no:  f214 > 0.4979536831378937
                +--yes: f205 > -0.255442351102829
                |       +--yes: f52 > 0.15163028240203857
                |       |       +--yes: f138 > -0.0951944962143898
                |       |       |       +--yes: Fatpeople,Feminists,Women [11]
                |       |       |       +--no:  noHateSpeech [6]
                |       |       +--no:  f9 > 0.17227399349212646
                |       |               +--yes: Homossexuals,noHateSpeech [38]
                |       |               +--no:  f281 > 0.14158035814762115
                |       |                       +--yes: Women,noHateSpeech [15]
                |       |                       +--no:  f82 > -0.17217811942100525
                |       |                               +--yes: f58 > 0.29413941502571106
                |       |                               |       +--yes: Blackpeople,Women,noHateSpeech [7]
                |       |                               |       +--no:  f61 > 0.34322118759155273
                |       |                               |               +--yes: Lesbians,noHateSpeech [5]
                |       |                               |               +--no:  noHateSpeech [105]
                |       |                               +--no:  Women,noHateSpeech [8]
                |       +--no:  Women,noHateSpeech [28]
                +--no:  f154 > -0.3296746611595154
                        +--yes: f205 > -0.4266137480735779
                        |       +--yes: f269 > -0.4936843812465668
                        |       |       +--yes: noHateSpeech [1642]
                        |       |       +--no:  Fatpeople,Gays,Leftwingideology,Islamists,noHateSpeech [5]
                        |       +--no:  Immigrants,Refugees,Origin,noHateSpeech [7]
                        +--no:  Lesbians,noHateSpeech [15]

T(16.0) Model
*************

f23 > 0.08717851340770721
+--yes: f118 > 0.11383900046348572
|       +--yes: f29 > -0.3464526832103729
|       |       +--yes: f103 > -0.10972148925065994
|       |       |       +--yes: f249 > -0.08584591001272202
|       |       |       |       +--yes: Hatespeech,noHateSpeech [238]
|       |       |       |       +--no:  f111 > -0.16362664103507996
|       |       |       |               +--yes: f208 > 0.09661374986171722
|       |       |       |               |       +--yes: Lesbians,noHateSpeech [41]
|       |       |       |               |       +--no:  f204 > -0.144244983792305
|       |       |       |               |               +--yes: noHateSpeech [30]
|       |       |       |               |               +--no:  Lesbians,Feminists,Women,noHateSpeech [6]
|       |       |       |               +--no:  Lesbians [14]
|       |       |       +--no:  Women,noHateSpeech [243]
|       |       +--no:  f69 > -0.137922003865242
|       |               +--yes: Lesbians [20]
|       |               +--no:  noHateSpeech [6]
|       +--no:  f260 > 0.07969687879085541
|               +--yes: f291 > -0.24463100731372833
|               |       +--yes: f53 > -0.28135499358177185
|               |       |       +--yes: f285 > 0.2892985939979553
|               |       |       |       +--yes: Fatpeople,Homophobia,Immigrants,Origin,Men,Women,noHateSpeech [6]
|               |       |       |       +--no:  f72 > -0.39747950434684753
|               |       |       |               +--yes: f7 > 0.11092115193605423
|               |       |       |               |       +--yes: Hatespeech,noHateSpeech [89]
|               |       |       |               |       +--no:  f153 > -0.1847943365573883
|               |       |       |               |               +--yes: f49 > 0.2880856692790985
|               |       |       |               |               |       +--yes: Fatpeople,Women,noHateSpeech [5]
|               |       |       |               |               |       +--no:  f26 > -0.4348383843898773
|               |       |       |               |               |               +--yes: f203 > 0.24190042912960052
|               |       |       |               |               |               |       +--yes: f225 > 0.19769300520420074
|               |       |       |               |               |               |       |       +--yes: Fatpeople,Homophobia,Refugees,Origin,OtherLifestyle [5]
|               |       |       |               |               |               |       |       +--no:  noHateSpeech [19]
|               |       |       |               |               |               |       +--no:  f184 > 0.2176276594400406
|               |       |       |               |               |               |               +--yes: Gays,Women,noHateSpeech [5]
|               |       |       |               |               |               |               +--no:  f18 > 0.28749600052833557
|               |       |       |               |               |               |                       +--yes: Women,noHateSpeech [11]
|               |       |       |               |               |               |                       +--no:  f246 > 0.34102073311805725
|               |       |       |               |               |               |                               +--yes: Hatespeech,noHateSpeech [8]
|               |       |       |               |               |               |                               +--no:  f198 > -0.22512555122375488
|               |       |       |               |               |               |                                       +--yes: f117 > -0.282640665769577
|               |       |       |               |               |               |                                       |       +--yes: f227 > -0.22659732401371002
|               |       |       |               |               |               |                                       |       |       +--yes: noHateSpeech [238]
|               |       |       |               |               |               |                                       |       |       +--no:  noHateSpeech [7]
|               |       |       |               |               |               |                                       |       +--no:  Fatpeople,noHateSpeech [5]
|               |       |       |               |               |               |                                       +--no:  noHateSpeech [20]
|               |       |       |               |               |               +--no:  Lesbians,noHateSpeech [14]
|               |       |       |               |               +--no:  f153 > -0.19899366796016693
|               |       |       |               |                       +--yes: Lesbians,Women,noHateSpeech [11]
|               |       |       |               |                       +--no:  f56 > -0.04195483401417732
|               |       |       |               |                               +--yes: noHateSpeech [36]
|               |       |       |               |                               +--no:  Women,noHateSpeech [11]
|               |       |       |               +--no:  Fatpeople,Lesbians,Women,noHateSpeech [5]
|               |       |       +--no:  Women,noHateSpeech [19]
|               |       +--no:  Gays,Blackpeople,Men,Women [5]
|               +--no:  f6 > -0.23620299994945526
|                       +--yes: f257 > 0.2940434217453003
|                       |       +--yes: Homossexuals,Women,noHateSpeech [62]
|                       |       +--no:  Hatespeech,noHateSpeech [368]
|                       +--no:  Lesbians,Women [13]
+--no:  f8 > 0.01672549918293953
        +--yes: f230 > -0.17901751399040222
        |       +--yes: f31 > 0.21898040175437927
        |       |       +--yes: Hatespeech,noHateSpeech [96]
        |       |       +--no:  f129 > 0.393354594707489
        |       |               +--yes: Feminists,Blackpeople,Women,noHateSpeech [6]
        |       |               +--no:  f144 > -0.12988123297691345
        |       |                       +--yes: Hatespeech,noHateSpeech [1544]
        |       |                       +--no:  f140 > 0.0751740038394928
        |       |                               +--yes: Sexism,noHateSpeech [31]
        |       |                               +--no:  f60 > -0.29667073488235474
        |       |                                       +--yes: f3 > -0.27944236993789673
        |       |                                       |       +--yes: f203 > -0.21304064989089966
        |       |                                       |       |       +--yes: f69 > -0.26202088594436646
        |       |                                       |       |       |       +--yes: f150 > -0.09083691239356995
        |       |                                       |       |       |       |       +--yes: f77 > 0.21881063282489777
        |       |                                       |       |       |       |       |       +--yes: Islamists,noHateSpeech [5]
        |       |                                       |       |       |       |       |       +--no:  f22 > 0.3584330081939697
        |       |                                       |       |       |       |       |               +--yes: Men,noHateSpeech [5]
        |       |                                       |       |       |       |       |               +--no:  f48 > 0.37033510208129883
        |       |                                       |       |       |       |       |                       +--yes: Women,noHateSpeech [5]
        |       |                                       |       |       |       |       |                       +--no:  noHateSpeech [174]
        |       |                                       |       |       |       |       +--no:  Hatespeech,noHateSpeech [12]
        |       |                                       |       |       |       +--no:  Fatpeople,Refugees,Origin,noHateSpeech [6]
        |       |                                       |       |       +--no:  Fatpeople,Leftwingideology,noHateSpeech [5]
        |       |                                       |       +--no:  Feminists,noHateSpeech [6]
        |       |                                       +--no:  Women,noHateSpeech [7]
        |       +--no:  f173 > 0.05849942937493324
        |               +--yes: f216 > -0.22850656509399414
        |               |       +--yes: noHateSpeech [53]
        |               |       +--no:  Lesbians,Migrants,Origin,noHateSpeech [10]
        |               +--no:  Hatespeech,noHateSpeech [251]
        +--no:  f214 > 0.4979536831378937
                +--yes: f205 > -0.255442351102829
                |       +--yes: f52 > 0.15163028240203857
                |       |       +--yes: f138 > -0.0951944962143898
                |       |       |       +--yes: Fatpeople,Feminists,Women [11]
                |       |       |       +--no:  noHateSpeech [6]
                |       |       +--no:  f9 > 0.17227399349212646
                |       |               +--yes: Homophobia,noHateSpeech [38]
                |       |               +--no:  f281 > 0.14158035814762115
                |       |                       +--yes: Women,noHateSpeech [15]
                |       |                       +--no:  f82 > -0.17217811942100525
                |       |                               +--yes: f58 > 0.29413941502571106
                |       |                               |       +--yes: Women,noHateSpeech [7]
                |       |                               |       +--no:  f61 > 0.34322118759155273
                |       |                               |               +--yes: Lesbians,noHateSpeech [5]
                |       |                               |               +--no:  noHateSpeech [105]
                |       |                               +--no:  Women,noHateSpeech [8]
                |       +--no:  Women,noHateSpeech [28]
                +--no:  f154 > -0.3296746611595154
                        +--yes: f205 > -0.4266137480735779
                        |       +--yes: f269 > -0.4936843812465668
                        |       |       +--yes: noHateSpeech [1642]
                        |       |       +--no:  Fatpeople,Gays,Leftwingideology,Islamists,noHateSpeech [5]
                        |       +--no:  Refugees,Origin,noHateSpeech [7]
                        +--no:  Lesbians,noHateSpeech [15]

T(18.0) Model
*************

f23 > 0.08717851340770721
+--yes: f118 > 0.11383900046348572
|       +--yes: f29 > -0.3464526832103729
|       |       +--yes: f103 > -0.10972148925065994
|       |       |       +--yes: f249 > -0.08584591001272202
|       |       |       |       +--yes: Hatespeech,noHateSpeech [238]
|       |       |       |       +--no:  f111 > -0.16362664103507996
|       |       |       |               +--yes: f208 > 0.09661374986171722
|       |       |       |               |       +--yes: Lesbians,noHateSpeech [41]
|       |       |       |               |       +--no:  f204 > -0.144244983792305
|       |       |       |               |               +--yes: noHateSpeech [30]
|       |       |       |               |               +--no:  Homophobia,Sexism,noHateSpeech [6]
|       |       |       |               +--no:  Lesbians [14]
|       |       |       +--no:  Women,noHateSpeech [243]
|       |       +--no:  f69 > -0.137922003865242
|       |               +--yes: Lesbians [20]
|       |               +--no:  noHateSpeech [6]
|       +--no:  f260 > 0.07969687879085541
|               +--yes: f291 > -0.24463100731372833
|               |       +--yes: f53 > -0.28135499358177185
|               |       |       +--yes: f285 > 0.2892985939979553
|               |       |       |       +--yes: Sexism [6]
|               |       |       |       +--no:  f72 > -0.39747950434684753
|               |       |       |               +--yes: f7 > 0.11092115193605423
|               |       |       |               |       +--yes: Hatespeech,noHateSpeech [89]
|               |       |       |               |       +--no:  f153 > -0.1847943365573883
|               |       |       |               |               +--yes: f49 > 0.2880856692790985
|               |       |       |               |               |       +--yes: Fatpeople,Women,noHateSpeech [5]
|               |       |       |               |               |       +--no:  f26 > -0.4348383843898773
|               |       |       |               |               |               +--yes: f203 > 0.24190042912960052
|               |       |       |               |               |               |       +--yes: f225 > 0.19769300520420074
|               |       |       |               |               |               |       |       +--yes: Fatpeople,Homophobia,Refugees,Origin,OtherLifestyle [5]
|               |       |       |               |               |               |       |       +--no:  noHateSpeech [19]
|               |       |       |               |               |               |       +--no:  f184 > 0.2176276594400406
|               |       |       |               |               |               |               +--yes: Gays,Women,noHateSpeech [5]
|               |       |       |               |               |               |               +--no:  f18 > 0.28749600052833557
|               |       |       |               |               |               |                       +--yes: Women,noHateSpeech [11]
|               |       |       |               |               |               |                       +--no:  f246 > 0.34102073311805725
|               |       |       |               |               |               |                               +--yes: Hatespeech,noHateSpeech [8]
|               |       |       |               |               |               |                               +--no:  f198 > -0.22512555122375488
|               |       |       |               |               |               |                                       +--yes: f117 > -0.282640665769577
|               |       |       |               |               |               |                                       |       +--yes: f227 > -0.22659732401371002
|               |       |       |               |               |               |                                       |       |       +--yes: noHateSpeech [238]
|               |       |       |               |               |               |                                       |       |       +--no:  noHateSpeech [7]
|               |       |       |               |               |               |                                       |       +--no:  Fatpeople,noHateSpeech [5]
|               |       |       |               |               |               |                                       +--no:  noHateSpeech [20]
|               |       |       |               |               |               +--no:  Lesbians,noHateSpeech [14]
|               |       |       |               |               +--no:  f153 > -0.19899366796016693
|               |       |       |               |                       +--yes: Lesbians,Women,noHateSpeech [11]
|               |       |       |               |                       +--no:  f56 > -0.04195483401417732
|               |       |       |               |                               +--yes: noHateSpeech [36]
|               |       |       |               |                               +--no:  Women,noHateSpeech [11]
|               |       |       |               +--no:  Fatpeople,Lesbians,Women,noHateSpeech [5]
|               |       |       +--no:  Women,noHateSpeech [19]
|               |       +--no:  Gays,Blackpeople,Men,Women [5]
|               +--no:  f6 > -0.23620299994945526
|                       +--yes: f257 > 0.2940434217453003
|                       |       +--yes: Sexism,noHateSpeech [62]
|                       |       +--no:  Hatespeech,noHateSpeech [368]
|                       +--no:  Lesbians,Women [13]
+--no:  f8 > 0.01672549918293953
        +--yes: f230 > -0.17901751399040222
        |       +--yes: f31 > 0.21898040175437927
        |       |       +--yes: Hatespeech,noHateSpeech [96]
        |       |       +--no:  f129 > 0.393354594707489
        |       |               +--yes: Blackpeople,Women [6]
        |       |               +--no:  f144 > -0.12988123297691345
        |       |                       +--yes: Hatespeech,noHateSpeech [1544]
        |       |                       +--no:  f140 > 0.0751740038394928
        |       |                               +--yes: Sexism,noHateSpeech [31]
        |       |                               +--no:  f60 > -0.29667073488235474
        |       |                                       +--yes: f3 > -0.27944236993789673
        |       |                                       |       +--yes: f203 > -0.21304064989089966
        |       |                                       |       |       +--yes: f69 > -0.26202088594436646
        |       |                                       |       |       |       +--yes: f150 > -0.09083691239356995
        |       |                                       |       |       |       |       +--yes: f77 > 0.21881063282489777
        |       |                                       |       |       |       |       |       +--yes: Islamists,noHateSpeech [5]
        |       |                                       |       |       |       |       |       +--no:  f22 > 0.3584330081939697
        |       |                                       |       |       |       |       |               +--yes: Men,noHateSpeech [5]
        |       |                                       |       |       |       |       |               +--no:  f48 > 0.37033510208129883
        |       |                                       |       |       |       |       |                       +--yes: Women,noHateSpeech [5]
        |       |                                       |       |       |       |       |                       +--no:  noHateSpeech [174]
        |       |                                       |       |       |       |       +--no:  Hatespeech,noHateSpeech [12]
        |       |                                       |       |       |       +--no:  Hatespeech,noHateSpeech [6]
        |       |                                       |       |       +--no:  Fatpeople,Leftwingideology,noHateSpeech [5]
        |       |                                       |       +--no:  Feminists,noHateSpeech [6]
        |       |                                       +--no:  Women,noHateSpeech [7]
        |       +--no:  f173 > 0.05849942937493324
        |               +--yes: f216 > -0.22850656509399414
        |               |       +--yes: noHateSpeech [53]
        |               |       +--no:  Lesbians,Migrants,Origin,noHateSpeech [10]
        |               +--no:  Hatespeech,noHateSpeech [251]
        +--no:  f214 > 0.4979536831378937
                +--yes: f205 > -0.255442351102829
                |       +--yes: f52 > 0.15163028240203857
                |       |       +--yes: f138 > -0.0951944962143898
                |       |       |       +--yes: Fatpeople,Feminists,Women [11]
                |       |       |       +--no:  noHateSpeech [6]
                |       |       +--no:  f9 > 0.17227399349212646
                |       |               +--yes: Homophobia,noHateSpeech [38]
                |       |               +--no:  f281 > 0.14158035814762115
                |       |                       +--yes: Women,noHateSpeech [15]
                |       |                       +--no:  f82 > -0.17217811942100525
                |       |                               +--yes: f58 > 0.29413941502571106
                |       |                               |       +--yes: Women,noHateSpeech [7]
                |       |                               |       +--no:  f61 > 0.34322118759155273
                |       |                               |               +--yes: Lesbians,noHateSpeech [5]
                |       |                               |               +--no:  noHateSpeech [105]
                |       |                               +--no:  Women,noHateSpeech [8]
                |       +--no:  Women,noHateSpeech [28]
                +--no:  f154 > -0.3296746611595154
                        +--yes: f205 > -0.4266137480735779
                        |       +--yes: f269 > -0.4936843812465668
                        |       |       +--yes: noHateSpeech [1642]
                        |       |       +--no:  Fatpeople,Gays,Leftwingideology,Islamists,noHateSpeech [5]
                        |       +--no:  Refugees,Origin,noHateSpeech [7]
                        +--no:  Lesbians,noHateSpeech [15]

T(20.0) Model
*************

f23 > 0.08717851340770721
+--yes: f118 > 0.11383900046348572
|       +--yes: f29 > -0.3464526832103729
|       |       +--yes: f103 > -0.10972148925065994
|       |       |       +--yes: f249 > -0.08584591001272202
|       |       |       |       +--yes: Hatespeech,noHateSpeech [238]
|       |       |       |       +--no:  f111 > -0.16362664103507996
|       |       |       |               +--yes: f208 > 0.09661374986171722
|       |       |       |               |       +--yes: Lesbians,noHateSpeech [41]
|       |       |       |               |       +--no:  f204 > -0.144244983792305
|       |       |       |               |               +--yes: noHateSpeech [30]
|       |       |       |               |               +--no:  Homophobia,Sexism,noHateSpeech [6]
|       |       |       |               +--no:  Lesbians [14]
|       |       |       +--no:  Women,noHateSpeech [243]
|       |       +--no:  f69 > -0.137922003865242
|       |               +--yes: Lesbians [20]
|       |               +--no:  noHateSpeech [6]
|       +--no:  f260 > 0.07969687879085541
|               +--yes: f291 > -0.24463100731372833
|               |       +--yes: f53 > -0.28135499358177185
|               |       |       +--yes: f285 > 0.2892985939979553
|               |       |       |       +--yes: Sexism [6]
|               |       |       |       +--no:  f72 > -0.39747950434684753
|               |       |       |               +--yes: f7 > 0.11092115193605423
|               |       |       |               |       +--yes: Hatespeech,noHateSpeech [89]
|               |       |       |               |       +--no:  f153 > -0.1847943365573883
|               |       |       |               |               +--yes: f49 > 0.2880856692790985
|               |       |       |               |               |       +--yes: Fatpeople,Women,noHateSpeech [5]
|               |       |       |               |               |       +--no:  f26 > -0.4348383843898773
|               |       |       |               |               |               +--yes: f203 > 0.24190042912960052
|               |       |       |               |               |               |       +--yes: f225 > 0.19769300520420074
|               |       |       |               |               |               |       |       +--yes: Fatpeople,Homophobia,Refugees,Origin,OtherLifestyle [5]
|               |       |       |               |               |               |       |       +--no:  noHateSpeech [19]
|               |       |       |               |               |               |       +--no:  f184 > 0.2176276594400406
|               |       |       |               |               |               |               +--yes: Gays,Women,noHateSpeech [5]
|               |       |       |               |               |               |               +--no:  f18 > 0.28749600052833557
|               |       |       |               |               |               |                       +--yes: Hatespeech,noHateSpeech [11]
|               |       |       |               |               |               |                       +--no:  f246 > 0.34102073311805725
|               |       |       |               |               |               |                               +--yes: Hatespeech,noHateSpeech [8]
|               |       |       |               |               |               |                               +--no:  f198 > -0.22512555122375488
|               |       |       |               |               |               |                                       +--yes: f117 > -0.282640665769577
|               |       |       |               |               |               |                                       |       +--yes: f227 > -0.22659732401371002
|               |       |       |               |               |               |                                       |       |       +--yes: noHateSpeech [238]
|               |       |       |               |               |               |                                       |       |       +--no:  noHateSpeech [7]
|               |       |       |               |               |               |                                       |       +--no:  Fatpeople,noHateSpeech [5]
|               |       |       |               |               |               |                                       +--no:  noHateSpeech [20]
|               |       |       |               |               |               +--no:  Lesbians,noHateSpeech [14]
|               |       |       |               |               +--no:  f153 > -0.19899366796016693
|               |       |       |               |                       +--yes: Lesbians,Sexism,noHateSpeech [11]
|               |       |       |               |                       +--no:  f56 > -0.04195483401417732
|               |       |       |               |                               +--yes: noHateSpeech [36]
|               |       |       |               |                               +--no:  Women,noHateSpeech [11]
|               |       |       |               +--no:  Fatpeople,Lesbians,Women,noHateSpeech [5]
|               |       |       +--no:  Women,noHateSpeech [19]
|               |       +--no:  Gays,Blackpeople,Men,Women [5]
|               +--no:  f6 > -0.23620299994945526
|                       +--yes: f257 > 0.2940434217453003
|                       |       +--yes: Sexism,noHateSpeech [62]
|                       |       +--no:  Hatespeech,noHateSpeech [368]
|                       +--no:  Lesbians,Women [13]
+--no:  f8 > 0.01672549918293953
        +--yes: f230 > -0.17901751399040222
        |       +--yes: f31 > 0.21898040175437927
        |       |       +--yes: Hatespeech,noHateSpeech [96]
        |       |       +--no:  f129 > 0.393354594707489
        |       |               +--yes: Blackpeople,Women [6]
        |       |               +--no:  f144 > -0.12988123297691345
        |       |                       +--yes: Hatespeech,noHateSpeech [1544]
        |       |                       +--no:  f140 > 0.0751740038394928
        |       |                               +--yes: Sexism,noHateSpeech [31]
        |       |                               +--no:  f60 > -0.29667073488235474
        |       |                                       +--yes: f3 > -0.27944236993789673
        |       |                                       |       +--yes: f203 > -0.21304064989089966
        |       |                                       |       |       +--yes: f69 > -0.26202088594436646
        |       |                                       |       |       |       +--yes: f150 > -0.09083691239356995
        |       |                                       |       |       |       |       +--yes: f77 > 0.21881063282489777
        |       |                                       |       |       |       |       |       +--yes: Islamists,noHateSpeech [5]
        |       |                                       |       |       |       |       |       +--no:  f22 > 0.3584330081939697
        |       |                                       |       |       |       |       |               +--yes: Men,noHateSpeech [5]
        |       |                                       |       |       |       |       |               +--no:  f48 > 0.37033510208129883
        |       |                                       |       |       |       |       |                       +--yes: Women,noHateSpeech [5]
        |       |                                       |       |       |       |       |                       +--no:  noHateSpeech [174]
        |       |                                       |       |       |       |       +--no:  Hatespeech,noHateSpeech [12]
        |       |                                       |       |       |       +--no:  Hatespeech,noHateSpeech [6]
        |       |                                       |       |       +--no:  Fatpeople,Leftwingideology,noHateSpeech [5]
        |       |                                       |       +--no:  Feminists,noHateSpeech [6]
        |       |                                       +--no:  Women,noHateSpeech [7]
        |       +--no:  f173 > 0.05849942937493324
        |               +--yes: f216 > -0.22850656509399414
        |               |       +--yes: noHateSpeech [53]
        |               |       +--no:  Lesbians,Migrants,Origin,noHateSpeech [10]
        |               +--no:  Hatespeech,noHateSpeech [251]
        +--no:  f214 > 0.4979536831378937
                +--yes: f205 > -0.255442351102829
                |       +--yes: f52 > 0.15163028240203857
                |       |       +--yes: f138 > -0.0951944962143898
                |       |       |       +--yes: Women [11]
                |       |       |       +--no:  noHateSpeech [6]
                |       |       +--no:  f9 > 0.17227399349212646
                |       |               +--yes: Hatespeech,noHateSpeech [38]
                |       |               +--no:  f281 > 0.14158035814762115
                |       |                       +--yes: Women,noHateSpeech [15]
                |       |                       +--no:  f82 > -0.17217811942100525
                |       |                               +--yes: f58 > 0.29413941502571106
                |       |                               |       +--yes: Women,noHateSpeech [7]
                |       |                               |       +--no:  f61 > 0.34322118759155273
                |       |                               |               +--yes: Lesbians,noHateSpeech [5]
                |       |                               |               +--no:  noHateSpeech [105]
                |       |                               +--no:  Women,noHateSpeech [8]
                |       +--no:  Women,noHateSpeech [28]
                +--no:  f154 > -0.3296746611595154
                        +--yes: f205 > -0.4266137480735779
                        |       +--yes: f269 > -0.4936843812465668
                        |       |       +--yes: noHateSpeech [1642]
                        |       |       +--no:  Fatpeople,Gays,Leftwingideology,Islamists,noHateSpeech [5]
                        |       +--no:  Refugees,Origin,noHateSpeech [7]
                        +--no:  Lesbians,noHateSpeech [15]

T(22.0) Model
*************

f23 > 0.08717851340770721
+--yes: f118 > 0.11383900046348572
|       +--yes: f29 > -0.3464526832103729
|       |       +--yes: f103 > -0.10972148925065994
|       |       |       +--yes: f249 > -0.08584591001272202
|       |       |       |       +--yes: Hatespeech,noHateSpeech [238]
|       |       |       |       +--no:  f111 > -0.16362664103507996
|       |       |       |               +--yes: f208 > 0.09661374986171722
|       |       |       |               |       +--yes: Lesbians,noHateSpeech [41]
|       |       |       |               |       +--no:  f204 > -0.144244983792305
|       |       |       |               |               +--yes: noHateSpeech [30]
|       |       |       |               |               +--no:  Homophobia,Sexism,noHateSpeech [6]
|       |       |       |               +--no:  Lesbians [14]
|       |       |       +--no:  Sexism,noHateSpeech [243]
|       |       +--no:  f69 > -0.137922003865242
|       |               +--yes: Lesbians [20]
|       |               +--no:  noHateSpeech [6]
|       +--no:  f260 > 0.07969687879085541
|               +--yes: f291 > -0.24463100731372833
|               |       +--yes: f53 > -0.28135499358177185
|               |       |       +--yes: f285 > 0.2892985939979553
|               |       |       |       +--yes: Sexism [6]
|               |       |       |       +--no:  f72 > -0.39747950434684753
|               |       |       |               +--yes: f7 > 0.11092115193605423
|               |       |       |               |       +--yes: Hatespeech,noHateSpeech [89]
|               |       |       |               |       +--no:  f153 > -0.1847943365573883
|               |       |       |               |               +--yes: f49 > 0.2880856692790985
|               |       |       |               |               |       +--yes: Fatpeople,noHateSpeech [5]
|               |       |       |               |               |       +--no:  f26 > -0.4348383843898773
|               |       |       |               |               |               +--yes: f203 > 0.24190042912960052
|               |       |       |               |               |               |       +--yes: f225 > 0.19769300520420074
|               |       |       |               |               |               |       |       +--yes: OtherLifestyle [5]
|               |       |       |               |               |               |       |       +--no:  noHateSpeech [19]
|               |       |       |               |               |               |       +--no:  f184 > 0.2176276594400406
|               |       |       |               |               |               |               +--yes: Hatespeech,noHateSpeech [5]
|               |       |       |               |               |               |               +--no:  f18 > 0.28749600052833557
|               |       |       |               |               |               |                       +--yes: Hatespeech,noHateSpeech [11]
|               |       |       |               |               |               |                       +--no:  f246 > 0.34102073311805725
|               |       |       |               |               |               |                               +--yes: Hatespeech,noHateSpeech [8]
|               |       |       |               |               |               |                               +--no:  f198 > -0.22512555122375488
|               |       |       |               |               |               |                                       +--yes: f117 > -0.282640665769577
|               |       |       |               |               |               |                                       |       +--yes: f227 > -0.22659732401371002
|               |       |       |               |               |               |                                       |       |       +--yes: noHateSpeech [238]
|               |       |       |               |               |               |                                       |       |       +--no:  noHateSpeech [7]
|               |       |       |               |               |               |                                       |       +--no:  noHateSpeech [5]
|               |       |       |               |               |               |                                       +--no:  noHateSpeech [20]
|               |       |       |               |               |               +--no:  Hatespeech,noHateSpeech [14]
|               |       |       |               |               +--no:  f153 > -0.19899366796016693
|               |       |       |               |                       +--yes: Lesbians,Sexism,noHateSpeech [11]
|               |       |       |               |                       +--no:  f56 > -0.04195483401417732
|               |       |       |               |                               +--yes: noHateSpeech [36]
|               |       |       |               |                               +--no:  Women,noHateSpeech [11]
|               |       |       |               +--no:  Lesbians [5]
|               |       |       +--no:  Women,noHateSpeech [19]
|               |       +--no:  Women [5]
|               +--no:  f6 > -0.23620299994945526
|                       +--yes: f257 > 0.2940434217453003
|                       |       +--yes: Sexism,noHateSpeech [62]
|                       |       +--no:  Hatespeech,noHateSpeech [368]
|                       +--no:  Lesbians,Women [13]
+--no:  f8 > 0.01672549918293953
        +--yes: f230 > -0.17901751399040222
        |       +--yes: f31 > 0.21898040175437927
        |       |       +--yes: Hatespeech,noHateSpeech [96]
        |       |       +--no:  f129 > 0.393354594707489
        |       |               +--yes: Blackpeople,Women [6]
        |       |               +--no:  f144 > -0.12988123297691345
        |       |                       +--yes: noHateSpeech [1544]
        |       |                       +--no:  f140 > 0.0751740038394928
        |       |                               +--yes: Sexism,noHateSpeech [31]
        |       |                               +--no:  f60 > -0.29667073488235474
        |       |                                       +--yes: f3 > -0.27944236993789673
        |       |                                       |       +--yes: f203 > -0.21304064989089966
        |       |                                       |       |       +--yes: f69 > -0.26202088594436646
        |       |                                       |       |       |       +--yes: f150 > -0.09083691239356995
        |       |                                       |       |       |       |       +--yes: f77 > 0.21881063282489777
        |       |                                       |       |       |       |       |       +--yes: noHateSpeech [5]
        |       |                                       |       |       |       |       |       +--no:  f22 > 0.3584330081939697
        |       |                                       |       |       |       |       |               +--yes: noHateSpeech [5]
        |       |                                       |       |       |       |       |               +--no:  f48 > 0.37033510208129883
        |       |                                       |       |       |       |       |                       +--yes: noHateSpeech [5]
        |       |                                       |       |       |       |       |                       +--no:  noHateSpeech [174]
        |       |                                       |       |       |       |       +--no:  Hatespeech,noHateSpeech [12]
        |       |                                       |       |       |       +--no:  Hatespeech,noHateSpeech [6]
        |       |                                       |       |       +--no:  Hatespeech,noHateSpeech [5]
        |       |                                       |       +--no:  Feminists,noHateSpeech [6]
        |       |                                       +--no:  Women,noHateSpeech [7]
        |       +--no:  f173 > 0.05849942937493324
        |               +--yes: f216 > -0.22850656509399414
        |               |       +--yes: noHateSpeech [53]
        |               |       +--no:  Homossexuals,noHateSpeech [10]
        |               +--no:  Hatespeech,noHateSpeech [251]
        +--no:  f214 > 0.4979536831378937
                +--yes: f205 > -0.255442351102829
                |       +--yes: f52 > 0.15163028240203857
                |       |       +--yes: f138 > -0.0951944962143898
                |       |       |       +--yes: Women [11]
                |       |       |       +--no:  noHateSpeech [6]
                |       |       +--no:  f9 > 0.17227399349212646
                |       |               +--yes: Hatespeech,noHateSpeech [38]
                |       |               +--no:  f281 > 0.14158035814762115
                |       |                       +--yes: Women,noHateSpeech [15]
                |       |                       +--no:  f82 > -0.17217811942100525
                |       |                               +--yes: f58 > 0.29413941502571106
                |       |                               |       +--yes: Women,noHateSpeech [7]
                |       |                               |       +--no:  f61 > 0.34322118759155273
                |       |                               |               +--yes: Lesbians,noHateSpeech [5]
                |       |                               |               +--no:  noHateSpeech [105]
                |       |                               +--no:  Women,noHateSpeech [8]
                |       +--no:  Women,noHateSpeech [28]
                +--no:  f154 > -0.3296746611595154
                        +--yes: f205 > -0.4266137480735779
                        |       +--yes: f269 > -0.4936843812465668
                        |       |       +--yes: noHateSpeech [1642]
                        |       |       +--no:  Hatespeech [5]
                        |       +--no:  Refugees,Origin,noHateSpeech [7]
                        +--no:  Homophobia,noHateSpeech [15]

T(24.0) Model
*************

f23 > 0.08717851340770721
+--yes: f118 > 0.11383900046348572
|       +--yes: f29 > -0.3464526832103729
|       |       +--yes: f103 > -0.10972148925065994
|       |       |       +--yes: f249 > -0.08584591001272202
|       |       |       |       +--yes: Hatespeech,noHateSpeech [238]
|       |       |       |       +--no:  f111 > -0.16362664103507996
|       |       |       |               +--yes: f208 > 0.09661374986171722
|       |       |       |               |       +--yes: Lesbians,noHateSpeech [41]
|       |       |       |               |       +--no:  f204 > -0.144244983792305
|       |       |       |               |               +--yes: noHateSpeech [30]
|       |       |       |               |               +--no:  Homophobia,Sexism,noHateSpeech [6]
|       |       |       |               +--no:  Lesbians [14]
|       |       |       +--no:  Sexism,noHateSpeech [243]
|       |       +--no:  f69 > -0.137922003865242
|       |               +--yes: Lesbians [20]
|       |               +--no:  noHateSpeech [6]
|       +--no:  f260 > 0.07969687879085541
|               +--yes: f291 > -0.24463100731372833
|               |       +--yes: f53 > -0.28135499358177185
|               |       |       +--yes: f285 > 0.2892985939979553
|               |       |       |       +--yes: Sexism [6]
|               |       |       |       +--no:  f72 > -0.39747950434684753
|               |       |       |               +--yes: f7 > 0.11092115193605423
|               |       |       |               |       +--yes: Hatespeech,noHateSpeech [89]
|               |       |       |               |       +--no:  f153 > -0.1847943365573883
|               |       |       |               |               +--yes: f49 > 0.2880856692790985
|               |       |       |               |               |       +--yes: Fatpeople,noHateSpeech [5]
|               |       |       |               |               |       +--no:  f26 > -0.4348383843898773
|               |       |       |               |               |               +--yes: f203 > 0.24190042912960052
|               |       |       |               |               |               |       +--yes: f225 > 0.19769300520420074
|               |       |       |               |               |               |       |       +--yes: OtherLifestyle [5]
|               |       |       |               |               |               |       |       +--no:  noHateSpeech [19]
|               |       |       |               |               |               |       +--no:  f184 > 0.2176276594400406
|               |       |       |               |               |               |               +--yes: Hatespeech,noHateSpeech [5]
|               |       |       |               |               |               |               +--no:  f18 > 0.28749600052833557
|               |       |       |               |               |               |                       +--yes: Hatespeech,noHateSpeech [11]
|               |       |       |               |               |               |                       +--no:  f246 > 0.34102073311805725
|               |       |       |               |               |               |                               +--yes: Hatespeech,noHateSpeech [8]
|               |       |       |               |               |               |                               +--no:  f198 > -0.22512555122375488
|               |       |       |               |               |               |                                       +--yes: f117 > -0.282640665769577
|               |       |       |               |               |               |                                       |       +--yes: f227 > -0.22659732401371002
|               |       |       |               |               |               |                                       |       |       +--yes: noHateSpeech [238]
|               |       |       |               |               |               |                                       |       |       +--no:  noHateSpeech [7]
|               |       |       |               |               |               |                                       |       +--no:  noHateSpeech [5]
|               |       |       |               |               |               |                                       +--no:  noHateSpeech [20]
|               |       |       |               |               |               +--no:  Hatespeech,noHateSpeech [14]
|               |       |       |               |               +--no:  f153 > -0.19899366796016693
|               |       |       |               |                       +--yes: Lesbians,Sexism,noHateSpeech [11]
|               |       |       |               |                       +--no:  f56 > -0.04195483401417732
|               |       |       |               |                               +--yes: noHateSpeech [36]
|               |       |       |               |                               +--no:  Women,noHateSpeech [11]
|               |       |       |               +--no:  Lesbians [5]
|               |       |       +--no:  Women,noHateSpeech [19]
|               |       +--no:  Women [5]
|               +--no:  f6 > -0.23620299994945526
|                       +--yes: f257 > 0.2940434217453003
|                       |       +--yes: Sexism,noHateSpeech [62]
|                       |       +--no:  Hatespeech,noHateSpeech [368]
|                       +--no:  Lesbians,Women [13]
+--no:  f8 > 0.01672549918293953
        +--yes: f230 > -0.17901751399040222
        |       +--yes: f31 > 0.21898040175437927
        |       |       +--yes: Hatespeech,noHateSpeech [96]
        |       |       +--no:  f129 > 0.393354594707489
        |       |               +--yes: Blackpeople,Women [6]
        |       |               +--no:  f144 > -0.12988123297691345
        |       |                       +--yes: noHateSpeech [1544]
        |       |                       +--no:  f140 > 0.0751740038394928
        |       |                               +--yes: Hatespeech,noHateSpeech [31]
        |       |                               +--no:  f60 > -0.29667073488235474
        |       |                                       +--yes: f3 > -0.27944236993789673
        |       |                                       |       +--yes: f203 > -0.21304064989089966
        |       |                                       |       |       +--yes: f69 > -0.26202088594436646
        |       |                                       |       |       |       +--yes: f150 > -0.09083691239356995
        |       |                                       |       |       |       |       +--yes: f77 > 0.21881063282489777
        |       |                                       |       |       |       |       |       +--yes: noHateSpeech [5]
        |       |                                       |       |       |       |       |       +--no:  f22 > 0.3584330081939697
        |       |                                       |       |       |       |       |               +--yes: noHateSpeech [5]
        |       |                                       |       |       |       |       |               +--no:  f48 > 0.37033510208129883
        |       |                                       |       |       |       |       |                       +--yes: noHateSpeech [5]
        |       |                                       |       |       |       |       |                       +--no:  noHateSpeech [174]
        |       |                                       |       |       |       |       +--no:  Hatespeech,noHateSpeech [12]
        |       |                                       |       |       |       +--no:  Hatespeech,noHateSpeech [6]
        |       |                                       |       |       +--no:  Hatespeech,noHateSpeech [5]
        |       |                                       |       +--no:  Feminists,noHateSpeech [6]
        |       |                                       +--no:  Women,noHateSpeech [7]
        |       +--no:  f173 > 0.05849942937493324
        |               +--yes: f216 > -0.22850656509399414
        |               |       +--yes: noHateSpeech [53]
        |               |       +--no:  Homossexuals,noHateSpeech [10]
        |               +--no:  Hatespeech,noHateSpeech [251]
        +--no:  f214 > 0.4979536831378937
                +--yes: f205 > -0.255442351102829
                |       +--yes: f52 > 0.15163028240203857
                |       |       +--yes: f138 > -0.0951944962143898
                |       |       |       +--yes: Women [11]
                |       |       |       +--no:  noHateSpeech [6]
                |       |       +--no:  f9 > 0.17227399349212646
                |       |               +--yes: Hatespeech,noHateSpeech [38]
                |       |               +--no:  f281 > 0.14158035814762115
                |       |                       +--yes: Women,noHateSpeech [15]
                |       |                       +--no:  f82 > -0.17217811942100525
                |       |                               +--yes: f58 > 0.29413941502571106
                |       |                               |       +--yes: Women,noHateSpeech [7]
                |       |                               |       +--no:  f61 > 0.34322118759155273
                |       |                               |               +--yes: Lesbians,noHateSpeech [5]
                |       |                               |               +--no:  noHateSpeech [105]
                |       |                               +--no:  Women,noHateSpeech [8]
                |       +--no:  Women,noHateSpeech [28]
                +--no:  f154 > -0.3296746611595154
                        +--yes: f205 > -0.4266137480735779
                        |       +--yes: f269 > -0.4936843812465668
                        |       |       +--yes: noHateSpeech [1642]
                        |       |       +--no:  Hatespeech [5]
                        |       +--no:  Refugees,Origin,noHateSpeech [7]
                        +--no:  Homophobia,noHateSpeech [15]

T(26.0) Model
*************

f23 > 0.08717851340770721
+--yes: f118 > 0.11383900046348572
|       +--yes: f29 > -0.3464526832103729
|       |       +--yes: f103 > -0.10972148925065994
|       |       |       +--yes: f249 > -0.08584591001272202
|       |       |       |       +--yes: Hatespeech,noHateSpeech [238]
|       |       |       |       +--no:  f111 > -0.16362664103507996
|       |       |       |               +--yes: f208 > 0.09661374986171722
|       |       |       |               |       +--yes: Lesbians,noHateSpeech [41]
|       |       |       |               |       +--no:  f204 > -0.144244983792305
|       |       |       |               |               +--yes: noHateSpeech [30]
|       |       |       |               |               +--no:  Homophobia,Sexism,noHateSpeech [6]
|       |       |       |               +--no:  Lesbians [14]
|       |       |       +--no:  Hatespeech,noHateSpeech [243]
|       |       +--no:  f69 > -0.137922003865242
|       |               +--yes: Lesbians [20]
|       |               +--no:  noHateSpeech [6]
|       +--no:  f260 > 0.07969687879085541
|               +--yes: f291 > -0.24463100731372833
|               |       +--yes: f53 > -0.28135499358177185
|               |       |       +--yes: f285 > 0.2892985939979553
|               |       |       |       +--yes: Sexism [6]
|               |       |       |       +--no:  f72 > -0.39747950434684753
|               |       |       |               +--yes: f7 > 0.11092115193605423
|               |       |       |               |       +--yes: Hatespeech,noHateSpeech [89]
|               |       |       |               |       +--no:  f153 > -0.1847943365573883
|               |       |       |               |               +--yes: f49 > 0.2880856692790985
|               |       |       |               |               |       +--yes: Fatpeople,noHateSpeech [5]
|               |       |       |               |               |       +--no:  f26 > -0.4348383843898773
|               |       |       |               |               |               +--yes: f203 > 0.24190042912960052
|               |       |       |               |               |               |       +--yes: f225 > 0.19769300520420074
|               |       |       |               |               |               |       |       +--yes: OtherLifestyle [5]
|               |       |       |               |               |               |       |       +--no:  noHateSpeech [19]
|               |       |       |               |               |               |       +--no:  f184 > 0.2176276594400406
|               |       |       |               |               |               |               +--yes: Hatespeech,noHateSpeech [5]
|               |       |       |               |               |               |               +--no:  f18 > 0.28749600052833557
|               |       |       |               |               |               |                       +--yes: Hatespeech,noHateSpeech [11]
|               |       |       |               |               |               |                       +--no:  f246 > 0.34102073311805725
|               |       |       |               |               |               |                               +--yes: noHateSpeech [8]
|               |       |       |               |               |               |                               +--no:  f198 > -0.22512555122375488
|               |       |       |               |               |               |                                       +--yes: f117 > -0.282640665769577
|               |       |       |               |               |               |                                       |       +--yes: f227 > -0.22659732401371002
|               |       |       |               |               |               |                                       |       |       +--yes: noHateSpeech [238]
|               |       |       |               |               |               |                                       |       |       +--no:  noHateSpeech [7]
|               |       |       |               |               |               |                                       |       +--no:  noHateSpeech [5]
|               |       |       |               |               |               |                                       +--no:  noHateSpeech [20]
|               |       |       |               |               |               +--no:  Hatespeech,noHateSpeech [14]
|               |       |       |               |               +--no:  f153 > -0.19899366796016693
|               |       |       |               |                       +--yes: Lesbians,Sexism,noHateSpeech [11]
|               |       |       |               |                       +--no:  f56 > -0.04195483401417732
|               |       |       |               |                               +--yes: noHateSpeech [36]
|               |       |       |               |                               +--no:  Women,noHateSpeech [11]
|               |       |       |               +--no:  Lesbians [5]
|               |       |       +--no:  Women,noHateSpeech [19]
|               |       +--no:  Women [5]
|               +--no:  f6 > -0.23620299994945526
|                       +--yes: f257 > 0.2940434217453003
|                       |       +--yes: Hatespeech,noHateSpeech [62]
|                       |       +--no:  noHateSpeech [368]
|                       +--no:  Lesbians,Women [13]
+--no:  f8 > 0.01672549918293953
        +--yes: f230 > -0.17901751399040222
        |       +--yes: f31 > 0.21898040175437927
        |       |       +--yes: Hatespeech,noHateSpeech [96]
        |       |       +--no:  f129 > 0.393354594707489
        |       |               +--yes: Blackpeople,Women [6]
        |       |               +--no:  f144 > -0.12988123297691345
        |       |                       +--yes: noHateSpeech [1544]
        |       |                       +--no:  f140 > 0.0751740038394928
        |       |                               +--yes: Hatespeech,noHateSpeech [31]
        |       |                               +--no:  f60 > -0.29667073488235474
        |       |                                       +--yes: f3 > -0.27944236993789673
        |       |                                       |       +--yes: f203 > -0.21304064989089966
        |       |                                       |       |       +--yes: f69 > -0.26202088594436646
        |       |                                       |       |       |       +--yes: f150 > -0.09083691239356995
        |       |                                       |       |       |       |       +--yes: f77 > 0.21881063282489777
        |       |                                       |       |       |       |       |       +--yes: noHateSpeech [5]
        |       |                                       |       |       |       |       |       +--no:  f22 > 0.3584330081939697
        |       |                                       |       |       |       |       |               +--yes: noHateSpeech [5]
        |       |                                       |       |       |       |       |               +--no:  f48 > 0.37033510208129883
        |       |                                       |       |       |       |       |                       +--yes: noHateSpeech [5]
        |       |                                       |       |       |       |       |                       +--no:  noHateSpeech [174]
        |       |                                       |       |       |       |       +--no:  noHateSpeech [12]
        |       |                                       |       |       |       +--no:  Hatespeech,noHateSpeech [6]
        |       |                                       |       |       +--no:  Hatespeech,noHateSpeech [5]
        |       |                                       |       +--no:  Feminists,noHateSpeech [6]
        |       |                                       +--no:  Women,noHateSpeech [7]
        |       +--no:  f173 > 0.05849942937493324
        |               +--yes: f216 > -0.22850656509399414
        |               |       +--yes: noHateSpeech [53]
        |               |       +--no:  Homossexuals,noHateSpeech [10]
        |               +--no:  Hatespeech,noHateSpeech [251]
        +--no:  f214 > 0.4979536831378937
                +--yes: f205 > -0.255442351102829
                |       +--yes: f52 > 0.15163028240203857
                |       |       +--yes: f138 > -0.0951944962143898
                |       |       |       +--yes: Women [11]
                |       |       |       +--no:  noHateSpeech [6]
                |       |       +--no:  f9 > 0.17227399349212646
                |       |               +--yes: Hatespeech,noHateSpeech [38]
                |       |               +--no:  f281 > 0.14158035814762115
                |       |                       +--yes: Women,noHateSpeech [15]
                |       |                       +--no:  f82 > -0.17217811942100525
                |       |                               +--yes: f58 > 0.29413941502571106
                |       |                               |       +--yes: Women,noHateSpeech [7]
                |       |                               |       +--no:  f61 > 0.34322118759155273
                |       |                               |               +--yes: Lesbians,noHateSpeech [5]
                |       |                               |               +--no:  noHateSpeech [105]
                |       |                               +--no:  Sexism,noHateSpeech [8]
                |       +--no:  Women,noHateSpeech [28]
                +--no:  f154 > -0.3296746611595154
                        +--yes: f205 > -0.4266137480735779
                        |       +--yes: f269 > -0.4936843812465668
                        |       |       +--yes: noHateSpeech [1642]
                        |       |       +--no:  Hatespeech [5]
                        |       +--no:  Refugees,Origin,noHateSpeech [7]
                        +--no:  Homophobia,noHateSpeech [15]

T(28.0) Model
*************

f23 > 0.08717851340770721
+--yes: f118 > 0.11383900046348572
|       +--yes: f29 > -0.3464526832103729
|       |       +--yes: f103 > -0.10972148925065994
|       |       |       +--yes: f249 > -0.08584591001272202
|       |       |       |       +--yes: noHateSpeech [238]
|       |       |       |       +--no:  f111 > -0.16362664103507996
|       |       |       |               +--yes: f208 > 0.09661374986171722
|       |       |       |               |       +--yes: Lesbians,noHateSpeech [41]
|       |       |       |               |       +--no:  f204 > -0.144244983792305
|       |       |       |               |               +--yes: noHateSpeech [30]
|       |       |       |               |               +--no:  Homophobia,Sexism,noHateSpeech [6]
|       |       |       |               +--no:  Lesbians [14]
|       |       |       +--no:  Hatespeech,noHateSpeech [243]
|       |       +--no:  f69 > -0.137922003865242
|       |               +--yes: Lesbians [20]
|       |               +--no:  noHateSpeech [6]
|       +--no:  f260 > 0.07969687879085541
|               +--yes: f291 > -0.24463100731372833
|               |       +--yes: f53 > -0.28135499358177185
|               |       |       +--yes: f285 > 0.2892985939979553
|               |       |       |       +--yes: Sexism [6]
|               |       |       |       +--no:  f72 > -0.39747950434684753
|               |       |       |               +--yes: f7 > 0.11092115193605423
|               |       |       |               |       +--yes: Hatespeech,noHateSpeech [89]
|               |       |       |               |       +--no:  f153 > -0.1847943365573883
|               |       |       |               |               +--yes: f49 > 0.2880856692790985
|               |       |       |               |               |       +--yes: Fatpeople,noHateSpeech [5]
|               |       |       |               |               |       +--no:  f26 > -0.4348383843898773
|               |       |       |               |               |               +--yes: f203 > 0.24190042912960052
|               |       |       |               |               |               |       +--yes: f225 > 0.19769300520420074
|               |       |       |               |               |               |       |       +--yes: OtherLifestyle [5]
|               |       |       |               |               |               |       |       +--no:  noHateSpeech [19]
|               |       |       |               |               |               |       +--no:  f184 > 0.2176276594400406
|               |       |       |               |               |               |               +--yes: Hatespeech,noHateSpeech [5]
|               |       |       |               |               |               |               +--no:  f18 > 0.28749600052833557
|               |       |       |               |               |               |                       +--yes: noHateSpeech [11]
|               |       |       |               |               |               |                       +--no:  f246 > 0.34102073311805725
|               |       |       |               |               |               |                               +--yes: noHateSpeech [8]
|               |       |       |               |               |               |                               +--no:  f198 > -0.22512555122375488
|               |       |       |               |               |               |                                       +--yes: f117 > -0.282640665769577
|               |       |       |               |               |               |                                       |       +--yes: f227 > -0.22659732401371002
|               |       |       |               |               |               |                                       |       |       +--yes: noHateSpeech [238]
|               |       |       |               |               |               |                                       |       |       +--no:  noHateSpeech [7]
|               |       |       |               |               |               |                                       |       +--no:  noHateSpeech [5]
|               |       |       |               |               |               |                                       +--no:  noHateSpeech [20]
|               |       |       |               |               |               +--no:  Hatespeech,noHateSpeech [14]
|               |       |       |               |               +--no:  f153 > -0.19899366796016693
|               |       |       |               |                       +--yes: Lesbians [11]
|               |       |       |               |                       +--no:  f56 > -0.04195483401417732
|               |       |       |               |                               +--yes: noHateSpeech [36]
|               |       |       |               |                               +--no:  Women,noHateSpeech [11]
|               |       |       |               +--no:  Lesbians [5]
|               |       |       +--no:  Hatespeech,noHateSpeech [19]
|               |       +--no:  Women [5]
|               +--no:  f6 > -0.23620299994945526
|                       +--yes: f257 > 0.2940434217453003
|                       |       +--yes: Hatespeech,noHateSpeech [62]
|                       |       +--no:  noHateSpeech [368]
|                       +--no:  Lesbians,Women [13]
+--no:  f8 > 0.01672549918293953
        +--yes: f230 > -0.17901751399040222
        |       +--yes: f31 > 0.21898040175437927
        |       |       +--yes: Hatespeech,noHateSpeech [96]
        |       |       +--no:  f129 > 0.393354594707489
        |       |               +--yes: Blackpeople,Women [6]
        |       |               +--no:  f144 > -0.12988123297691345
        |       |                       +--yes: noHateSpeech [1544]
        |       |                       +--no:  f140 > 0.0751740038394928
        |       |                               +--yes: Hatespeech,noHateSpeech [31]
        |       |                               +--no:  f60 > -0.29667073488235474
        |       |                                       +--yes: f3 > -0.27944236993789673
        |       |                                       |       +--yes: f203 > -0.21304064989089966
        |       |                                       |       |       +--yes: f69 > -0.26202088594436646
        |       |                                       |       |       |       +--yes: f150 > -0.09083691239356995
        |       |                                       |       |       |       |       +--yes: f77 > 0.21881063282489777
        |       |                                       |       |       |       |       |       +--yes: noHateSpeech [5]
        |       |                                       |       |       |       |       |       +--no:  f22 > 0.3584330081939697
        |       |                                       |       |       |       |       |               +--yes: noHateSpeech [5]
        |       |                                       |       |       |       |       |               +--no:  f48 > 0.37033510208129883
        |       |                                       |       |       |       |       |                       +--yes: noHateSpeech [5]
        |       |                                       |       |       |       |       |                       +--no:  noHateSpeech [174]
        |       |                                       |       |       |       |       +--no:  noHateSpeech [12]
        |       |                                       |       |       |       +--no:  Hatespeech,noHateSpeech [6]
        |       |                                       |       |       +--no:  Hatespeech,noHateSpeech [5]
        |       |                                       |       +--no:  Feminists,noHateSpeech [6]
        |       |                                       +--no:  Women,noHateSpeech [7]
        |       +--no:  f173 > 0.05849942937493324
        |               +--yes: f216 > -0.22850656509399414
        |               |       +--yes: noHateSpeech [53]
        |               |       +--no:  Homossexuals,noHateSpeech [10]
        |               +--no:  Hatespeech,noHateSpeech [251]
        +--no:  f214 > 0.4979536831378937
                +--yes: f205 > -0.255442351102829
                |       +--yes: f52 > 0.15163028240203857
                |       |       +--yes: f138 > -0.0951944962143898
                |       |       |       +--yes: Women [11]
                |       |       |       +--no:  noHateSpeech [6]
                |       |       +--no:  f9 > 0.17227399349212646
                |       |               +--yes: Hatespeech,noHateSpeech [38]
                |       |               +--no:  f281 > 0.14158035814762115
                |       |                       +--yes: Sexism,noHateSpeech [15]
                |       |                       +--no:  f82 > -0.17217811942100525
                |       |                               +--yes: f58 > 0.29413941502571106
                |       |                               |       +--yes: Women,noHateSpeech [7]
                |       |                               |       +--no:  f61 > 0.34322118759155273
                |       |                               |               +--yes: Lesbians,noHateSpeech [5]
                |       |                               |               +--no:  noHateSpeech [105]
                |       |                               +--no:  Sexism,noHateSpeech [8]
                |       +--no:  Women,noHateSpeech [28]
                +--no:  f154 > -0.3296746611595154
                        +--yes: f205 > -0.4266137480735779
                        |       +--yes: f269 > -0.4936843812465668
                        |       |       +--yes: noHateSpeech [1642]
                        |       |       +--no:  Hatespeech [5]
                        |       +--no:  Refugees,Origin,noHateSpeech [7]
                        +--no:  Hatespeech,noHateSpeech [15]

T(30.0) Model
*************

f23 > 0.08717851340770721
+--yes: f118 > 0.11383900046348572
|       +--yes: f29 > -0.3464526832103729
|       |       +--yes: f103 > -0.10972148925065994
|       |       |       +--yes: f249 > -0.08584591001272202
|       |       |       |       +--yes: noHateSpeech [238]
|       |       |       |       +--no:  f111 > -0.16362664103507996
|       |       |       |               +--yes: f208 > 0.09661374986171722
|       |       |       |               |       +--yes: Homossexuals,noHateSpeech [41]
|       |       |       |               |       +--no:  f204 > -0.144244983792305
|       |       |       |               |               +--yes: noHateSpeech [30]
|       |       |       |               |               +--no:  Homophobia,Sexism,noHateSpeech [6]
|       |       |       |               +--no:  Lesbians [14]
|       |       |       +--no:  Hatespeech,noHateSpeech [243]
|       |       +--no:  f69 > -0.137922003865242
|       |               +--yes: Lesbians [20]
|       |               +--no:  noHateSpeech [6]
|       +--no:  f260 > 0.07969687879085541
|               +--yes: f291 > -0.24463100731372833
|               |       +--yes: f53 > -0.28135499358177185
|               |       |       +--yes: f285 > 0.2892985939979553
|               |       |       |       +--yes: Sexism [6]
|               |       |       |       +--no:  f72 > -0.39747950434684753
|               |       |       |               +--yes: f7 > 0.11092115193605423
|               |       |       |               |       +--yes: noHateSpeech [89]
|               |       |       |               |       +--no:  f153 > -0.1847943365573883
|               |       |       |               |               +--yes: f49 > 0.2880856692790985
|               |       |       |               |               |       +--yes: Fatpeople,noHateSpeech [5]
|               |       |       |               |               |       +--no:  f26 > -0.4348383843898773
|               |       |       |               |               |               +--yes: f203 > 0.24190042912960052
|               |       |       |               |               |               |       +--yes: f225 > 0.19769300520420074
|               |       |       |               |               |               |       |       +--yes: OtherLifestyle [5]
|               |       |       |               |               |               |       |       +--no:  noHateSpeech [19]
|               |       |       |               |               |               |       +--no:  f184 > 0.2176276594400406
|               |       |       |               |               |               |               +--yes: Hatespeech,noHateSpeech [5]
|               |       |       |               |               |               |               +--no:  f18 > 0.28749600052833557
|               |       |       |               |               |               |                       +--yes: noHateSpeech [11]
|               |       |       |               |               |               |                       +--no:  f246 > 0.34102073311805725
|               |       |       |               |               |               |                               +--yes: noHateSpeech [8]
|               |       |       |               |               |               |                               +--no:  f198 > -0.22512555122375488
|               |       |       |               |               |               |                                       +--yes: f117 > -0.282640665769577
|               |       |       |               |               |               |                                       |       +--yes: f227 > -0.22659732401371002
|               |       |       |               |               |               |                                       |       |       +--yes: noHateSpeech [238]
|               |       |       |               |               |               |                                       |       |       +--no:  noHateSpeech [7]
|               |       |       |               |               |               |                                       |       +--no:  noHateSpeech [5]
|               |       |       |               |               |               |                                       +--no:  noHateSpeech [20]
|               |       |       |               |               |               +--no:  Hatespeech,noHateSpeech [14]
|               |       |       |               |               +--no:  f153 > -0.19899366796016693
|               |       |       |               |                       +--yes: Lesbians [11]
|               |       |       |               |                       +--no:  f56 > -0.04195483401417732
|               |       |       |               |                               +--yes: noHateSpeech [36]
|               |       |       |               |                               +--no:  Women,noHateSpeech [11]
|               |       |       |               +--no:  Lesbians [5]
|               |       |       +--no:  Hatespeech,noHateSpeech [19]
|               |       +--no:  Women [5]
|               +--no:  f6 > -0.23620299994945526
|                       +--yes: f257 > 0.2940434217453003
|                       |       +--yes: Hatespeech,noHateSpeech [62]
|                       |       +--no:  noHateSpeech [368]
|                       +--no:  Lesbians,Women [13]
+--no:  f8 > 0.01672549918293953
        +--yes: f230 > -0.17901751399040222
        |       +--yes: f31 > 0.21898040175437927
        |       |       +--yes: Hatespeech,noHateSpeech [96]
        |       |       +--no:  f129 > 0.393354594707489
        |       |               +--yes: Blackpeople,Women [6]
        |       |               +--no:  f144 > -0.12988123297691345
        |       |                       +--yes: noHateSpeech [1544]
        |       |                       +--no:  f140 > 0.0751740038394928
        |       |                               +--yes: Hatespeech,noHateSpeech [31]
        |       |                               +--no:  f60 > -0.29667073488235474
        |       |                                       +--yes: f3 > -0.27944236993789673
        |       |                                       |       +--yes: f203 > -0.21304064989089966
        |       |                                       |       |       +--yes: f69 > -0.26202088594436646
        |       |                                       |       |       |       +--yes: f150 > -0.09083691239356995
        |       |                                       |       |       |       |       +--yes: f77 > 0.21881063282489777
        |       |                                       |       |       |       |       |       +--yes: noHateSpeech [5]
        |       |                                       |       |       |       |       |       +--no:  f22 > 0.3584330081939697
        |       |                                       |       |       |       |       |               +--yes: noHateSpeech [5]
        |       |                                       |       |       |       |       |               +--no:  f48 > 0.37033510208129883
        |       |                                       |       |       |       |       |                       +--yes: noHateSpeech [5]
        |       |                                       |       |       |       |       |                       +--no:  noHateSpeech [174]
        |       |                                       |       |       |       |       +--no:  noHateSpeech [12]
        |       |                                       |       |       |       +--no:  Hatespeech,noHateSpeech [6]
        |       |                                       |       |       +--no:  Hatespeech,noHateSpeech [5]
        |       |                                       |       +--no:  Feminists,noHateSpeech [6]
        |       |                                       +--no:  Hatespeech,noHateSpeech [7]
        |       +--no:  f173 > 0.05849942937493324
        |               +--yes: f216 > -0.22850656509399414
        |               |       +--yes: noHateSpeech [53]
        |               |       +--no:  Homossexuals,noHateSpeech [10]
        |               +--no:  Hatespeech,noHateSpeech [251]
        +--no:  f214 > 0.4979536831378937
                +--yes: f205 > -0.255442351102829
                |       +--yes: f52 > 0.15163028240203857
                |       |       +--yes: f138 > -0.0951944962143898
                |       |       |       +--yes: Women [11]
                |       |       |       +--no:  noHateSpeech [6]
                |       |       +--no:  f9 > 0.17227399349212646
                |       |               +--yes: Hatespeech,noHateSpeech [38]
                |       |               +--no:  f281 > 0.14158035814762115
                |       |                       +--yes: Sexism,noHateSpeech [15]
                |       |                       +--no:  f82 > -0.17217811942100525
                |       |                               +--yes: f58 > 0.29413941502571106
                |       |                               |       +--yes: Hatespeech,noHateSpeech [7]
                |       |                               |       +--no:  f61 > 0.34322118759155273
                |       |                               |               +--yes: Lesbians,noHateSpeech [5]
                |       |                               |               +--no:  noHateSpeech [105]
                |       |                               +--no:  Sexism,noHateSpeech [8]
                |       +--no:  Sexism,noHateSpeech [28]
                +--no:  f154 > -0.3296746611595154
                        +--yes: f205 > -0.4266137480735779
                        |       +--yes: f269 > -0.4936843812465668
                        |       |       +--yes: noHateSpeech [1642]
                        |       |       +--no:  Hatespeech [5]
                        |       +--no:  Refugees,Origin,noHateSpeech [7]
                        +--no:  Hatespeech,noHateSpeech [15]

T(32.0) Model
*************

f23 > 0.08717851340770721
+--yes: f118 > 0.11383900046348572
|       +--yes: f29 > -0.3464526832103729
|       |       +--yes: f103 > -0.10972148925065994
|       |       |       +--yes: f249 > -0.08584591001272202
|       |       |       |       +--yes: noHateSpeech [238]
|       |       |       |       +--no:  f111 > -0.16362664103507996
|       |       |       |               +--yes: f208 > 0.09661374986171722
|       |       |       |               |       +--yes: Hatespeech,noHateSpeech [41]
|       |       |       |               |       +--no:  f204 > -0.144244983792305
|       |       |       |               |               +--yes: noHateSpeech [30]
|       |       |       |               |               +--no:  Homophobia,Sexism,noHateSpeech [6]
|       |       |       |               +--no:  Lesbians [14]
|       |       |       +--no:  Hatespeech,noHateSpeech [243]
|       |       +--no:  f69 > -0.137922003865242
|       |               +--yes: Lesbians [20]
|       |               +--no:  noHateSpeech [6]
|       +--no:  f260 > 0.07969687879085541
|               +--yes: f291 > -0.24463100731372833
|               |       +--yes: f53 > -0.28135499358177185
|               |       |       +--yes: f285 > 0.2892985939979553
|               |       |       |       +--yes: Sexism [6]
|               |       |       |       +--no:  f72 > -0.39747950434684753
|               |       |       |               +--yes: f7 > 0.11092115193605423
|               |       |       |               |       +--yes: noHateSpeech [89]
|               |       |       |               |       +--no:  f153 > -0.1847943365573883
|               |       |       |               |               +--yes: f49 > 0.2880856692790985
|               |       |       |               |               |       +--yes: Fatpeople,noHateSpeech [5]
|               |       |       |               |               |       +--no:  f26 > -0.4348383843898773
|               |       |       |               |               |               +--yes: f203 > 0.24190042912960052
|               |       |       |               |               |               |       +--yes: f225 > 0.19769300520420074
|               |       |       |               |               |               |       |       +--yes: OtherLifestyle [5]
|               |       |       |               |               |               |       |       +--no:  noHateSpeech [19]
|               |       |       |               |               |               |       +--no:  f184 > 0.2176276594400406
|               |       |       |               |               |               |               +--yes: Hatespeech,noHateSpeech [5]
|               |       |       |               |               |               |               +--no:  f18 > 0.28749600052833557
|               |       |       |               |               |               |                       +--yes: noHateSpeech [11]
|               |       |       |               |               |               |                       +--no:  f246 > 0.34102073311805725
|               |       |       |               |               |               |                               +--yes: noHateSpeech [8]
|               |       |       |               |               |               |                               +--no:  f198 > -0.22512555122375488
|               |       |       |               |               |               |                                       +--yes: f117 > -0.282640665769577
|               |       |       |               |               |               |                                       |       +--yes: f227 > -0.22659732401371002
|               |       |       |               |               |               |                                       |       |       +--yes: noHateSpeech [238]
|               |       |       |               |               |               |                                       |       |       +--no:  noHateSpeech [7]
|               |       |       |               |               |               |                                       |       +--no:  noHateSpeech [5]
|               |       |       |               |               |               |                                       +--no:  noHateSpeech [20]
|               |       |       |               |               |               +--no:  Hatespeech,noHateSpeech [14]
|               |       |       |               |               +--no:  f153 > -0.19899366796016693
|               |       |       |               |                       +--yes: Lesbians [11]
|               |       |       |               |                       +--no:  f56 > -0.04195483401417732
|               |       |       |               |                               +--yes: noHateSpeech [36]
|               |       |       |               |                               +--no:  Women,noHateSpeech [11]
|               |       |       |               +--no:  Lesbians [5]
|               |       |       +--no:  Hatespeech,noHateSpeech [19]
|               |       +--no:  Women [5]
|               +--no:  f6 > -0.23620299994945526
|                       +--yes: f257 > 0.2940434217453003
|                       |       +--yes: Hatespeech,noHateSpeech [62]
|                       |       +--no:  noHateSpeech [368]
|                       +--no:  Homossexuals [13]
+--no:  f8 > 0.01672549918293953
        +--yes: f230 > -0.17901751399040222
        |       +--yes: f31 > 0.21898040175437927
        |       |       +--yes: Hatespeech,noHateSpeech [96]
        |       |       +--no:  f129 > 0.393354594707489
        |       |               +--yes: Blackpeople,Women [6]
        |       |               +--no:  f144 > -0.12988123297691345
        |       |                       +--yes: noHateSpeech [1544]
        |       |                       +--no:  f140 > 0.0751740038394928
        |       |                               +--yes: Hatespeech,noHateSpeech [31]
        |       |                               +--no:  f60 > -0.29667073488235474
        |       |                                       +--yes: f3 > -0.27944236993789673
        |       |                                       |       +--yes: f203 > -0.21304064989089966
        |       |                                       |       |       +--yes: f69 > -0.26202088594436646
        |       |                                       |       |       |       +--yes: f150 > -0.09083691239356995
        |       |                                       |       |       |       |       +--yes: f77 > 0.21881063282489777
        |       |                                       |       |       |       |       |       +--yes: noHateSpeech [5]
        |       |                                       |       |       |       |       |       +--no:  f22 > 0.3584330081939697
        |       |                                       |       |       |       |       |               +--yes: noHateSpeech [5]
        |       |                                       |       |       |       |       |               +--no:  f48 > 0.37033510208129883
        |       |                                       |       |       |       |       |                       +--yes: noHateSpeech [5]
        |       |                                       |       |       |       |       |                       +--no:  noHateSpeech [174]
        |       |                                       |       |       |       |       +--no:  noHateSpeech [12]
        |       |                                       |       |       |       +--no:  Hatespeech,noHateSpeech [6]
        |       |                                       |       |       +--no:  Hatespeech,noHateSpeech [5]
        |       |                                       |       +--no:  Feminists,noHateSpeech [6]
        |       |                                       +--no:  Hatespeech,noHateSpeech [7]
        |       +--no:  f173 > 0.05849942937493324
        |               +--yes: f216 > -0.22850656509399414
        |               |       +--yes: noHateSpeech [53]
        |               |       +--no:  Hatespeech,noHateSpeech [10]
        |               +--no:  Hatespeech,noHateSpeech [251]
        +--no:  f214 > 0.4979536831378937
                +--yes: f205 > -0.255442351102829
                |       +--yes: f52 > 0.15163028240203857
                |       |       +--yes: f138 > -0.0951944962143898
                |       |       |       +--yes: Women [11]
                |       |       |       +--no:  noHateSpeech [6]
                |       |       +--no:  f9 > 0.17227399349212646
                |       |               +--yes: Hatespeech,noHateSpeech [38]
                |       |               +--no:  f281 > 0.14158035814762115
                |       |                       +--yes: Sexism,noHateSpeech [15]
                |       |                       +--no:  f82 > -0.17217811942100525
                |       |                               +--yes: f58 > 0.29413941502571106
                |       |                               |       +--yes: Hatespeech,noHateSpeech [7]
                |       |                               |       +--no:  f61 > 0.34322118759155273
                |       |                               |               +--yes: Lesbians,noHateSpeech [5]
                |       |                               |               +--no:  noHateSpeech [105]
                |       |                               +--no:  Sexism,noHateSpeech [8]
                |       +--no:  Sexism,noHateSpeech [28]
                +--no:  f154 > -0.3296746611595154
                        +--yes: f205 > -0.4266137480735779
                        |       +--yes: f269 > -0.4936843812465668
                        |       |       +--yes: noHateSpeech [1642]
                        |       |       +--no:  Hatespeech [5]
                        |       +--no:  Refugees,Origin,noHateSpeech [7]
                        +--no:  Hatespeech,noHateSpeech [15]

T(34.0) Model
*************

f23 > 0.08717851340770721
+--yes: f118 > 0.11383900046348572
|       +--yes: f29 > -0.3464526832103729
|       |       +--yes: f103 > -0.10972148925065994
|       |       |       +--yes: f249 > -0.08584591001272202
|       |       |       |       +--yes: noHateSpeech [238]
|       |       |       |       +--no:  f111 > -0.16362664103507996
|       |       |       |               +--yes: f208 > 0.09661374986171722
|       |       |       |               |       +--yes: Hatespeech,noHateSpeech [41]
|       |       |       |               |       +--no:  f204 > -0.144244983792305
|       |       |       |               |               +--yes: noHateSpeech [30]
|       |       |       |               |               +--no:  Hatespeech [6]
|       |       |       |               +--no:  Lesbians [14]
|       |       |       +--no:  Hatespeech,noHateSpeech [243]
|       |       +--no:  f69 > -0.137922003865242
|       |               +--yes: Lesbians [20]
|       |               +--no:  noHateSpeech [6]
|       +--no:  f260 > 0.07969687879085541
|               +--yes: f291 > -0.24463100731372833
|               |       +--yes: f53 > -0.28135499358177185
|               |       |       +--yes: f285 > 0.2892985939979553
|               |       |       |       +--yes: Hatespeech [6]
|               |       |       |       +--no:  f72 > -0.39747950434684753
|               |       |       |               +--yes: f7 > 0.11092115193605423
|               |       |       |               |       +--yes: noHateSpeech [89]
|               |       |       |               |       +--no:  f153 > -0.1847943365573883
|               |       |       |               |               +--yes: f49 > 0.2880856692790985
|               |       |       |               |               |       +--yes: Fatpeople,noHateSpeech [5]
|               |       |       |               |               |       +--no:  f26 > -0.4348383843898773
|               |       |       |               |               |               +--yes: f203 > 0.24190042912960052
|               |       |       |               |               |               |       +--yes: f225 > 0.19769300520420074
|               |       |       |               |               |               |       |       +--yes: OtherLifestyle [5]
|               |       |       |               |               |               |       |       +--no:  noHateSpeech [19]
|               |       |       |               |               |               |       +--no:  f184 > 0.2176276594400406
|               |       |       |               |               |               |               +--yes: Hatespeech,noHateSpeech [5]
|               |       |       |               |               |               |               +--no:  f18 > 0.28749600052833557
|               |       |       |               |               |               |                       +--yes: noHateSpeech [11]
|               |       |       |               |               |               |                       +--no:  f246 > 0.34102073311805725
|               |       |       |               |               |               |                               +--yes: noHateSpeech [8]
|               |       |       |               |               |               |                               +--no:  f198 > -0.22512555122375488
|               |       |       |               |               |               |                                       +--yes: f117 > -0.282640665769577
|               |       |       |               |               |               |                                       |       +--yes: f227 > -0.22659732401371002
|               |       |       |               |               |               |                                       |       |       +--yes: noHateSpeech [238]
|               |       |       |               |               |               |                                       |       |       +--no:  noHateSpeech [7]
|               |       |       |               |               |               |                                       |       +--no:  noHateSpeech [5]
|               |       |       |               |               |               |                                       +--no:  noHateSpeech [20]
|               |       |       |               |               |               +--no:  Hatespeech,noHateSpeech [14]
|               |       |       |               |               +--no:  f153 > -0.19899366796016693
|               |       |       |               |                       +--yes: Lesbians [11]
|               |       |       |               |                       +--no:  f56 > -0.04195483401417732
|               |       |       |               |                               +--yes: noHateSpeech [36]
|               |       |       |               |                               +--no:  Women,noHateSpeech [11]
|               |       |       |               +--no:  Lesbians [5]
|               |       |       +--no:  Hatespeech,noHateSpeech [19]
|               |       +--no:  Women [5]
|               +--no:  f6 > -0.23620299994945526
|                       +--yes: f257 > 0.2940434217453003
|                       |       +--yes: Hatespeech,noHateSpeech [62]
|                       |       +--no:  noHateSpeech [368]
|                       +--no:  Homossexuals [13]
+--no:  f8 > 0.01672549918293953
        +--yes: f230 > -0.17901751399040222
        |       +--yes: f31 > 0.21898040175437927
        |       |       +--yes: Hatespeech,noHateSpeech [96]
        |       |       +--no:  f129 > 0.393354594707489
        |       |               +--yes: Sexism [6]
        |       |               +--no:  f144 > -0.12988123297691345
        |       |                       +--yes: noHateSpeech [1544]
        |       |                       +--no:  f140 > 0.0751740038394928
        |       |                               +--yes: noHateSpeech [31]
        |       |                               +--no:  f60 > -0.29667073488235474
        |       |                                       +--yes: f3 > -0.27944236993789673
        |       |                                       |       +--yes: f203 > -0.21304064989089966
        |       |                                       |       |       +--yes: f69 > -0.26202088594436646
        |       |                                       |       |       |       +--yes: f150 > -0.09083691239356995
        |       |                                       |       |       |       |       +--yes: f77 > 0.21881063282489777
        |       |                                       |       |       |       |       |       +--yes: noHateSpeech [5]
        |       |                                       |       |       |       |       |       +--no:  f22 > 0.3584330081939697
        |       |                                       |       |       |       |       |               +--yes: noHateSpeech [5]
        |       |                                       |       |       |       |       |               +--no:  f48 > 0.37033510208129883
        |       |                                       |       |       |       |       |                       +--yes: noHateSpeech [5]
        |       |                                       |       |       |       |       |                       +--no:  noHateSpeech [174]
        |       |                                       |       |       |       |       +--no:  noHateSpeech [12]
        |       |                                       |       |       |       +--no:  noHateSpeech [6]
        |       |                                       |       |       +--no:  Hatespeech,noHateSpeech [5]
        |       |                                       |       +--no:  noHateSpeech [6]
        |       |                                       +--no:  Hatespeech,noHateSpeech [7]
        |       +--no:  f173 > 0.05849942937493324
        |               +--yes: f216 > -0.22850656509399414
        |               |       +--yes: noHateSpeech [53]
        |               |       +--no:  Hatespeech,noHateSpeech [10]
        |               +--no:  Hatespeech,noHateSpeech [251]
        +--no:  f214 > 0.4979536831378937
                +--yes: f205 > -0.255442351102829
                |       +--yes: f52 > 0.15163028240203857
                |       |       +--yes: f138 > -0.0951944962143898
                |       |       |       +--yes: Women [11]
                |       |       |       +--no:  noHateSpeech [6]
                |       |       +--no:  f9 > 0.17227399349212646
                |       |               +--yes: Hatespeech,noHateSpeech [38]
                |       |               +--no:  f281 > 0.14158035814762115
                |       |                       +--yes: Hatespeech,noHateSpeech [15]
                |       |                       +--no:  f82 > -0.17217811942100525
                |       |                               +--yes: f58 > 0.29413941502571106
                |       |                               |       +--yes: Hatespeech,noHateSpeech [7]
                |       |                               |       +--no:  f61 > 0.34322118759155273
                |       |                               |               +--yes: Lesbians,noHateSpeech [5]
                |       |                               |               +--no:  noHateSpeech [105]
                |       |                               +--no:  Sexism,noHateSpeech [8]
                |       +--no:  Sexism,noHateSpeech [28]
                +--no:  f154 > -0.3296746611595154
                        +--yes: f205 > -0.4266137480735779
                        |       +--yes: f269 > -0.4936843812465668
                        |       |       +--yes: noHateSpeech [1642]
                        |       |       +--no:  Hatespeech [5]
                        |       +--no:  Refugees,Origin,noHateSpeech [7]
                        +--no:  Hatespeech,noHateSpeech [15]

T(36.0) Model
*************

f23 > 0.08717851340770721
+--yes: f118 > 0.11383900046348572
|       +--yes: f29 > -0.3464526832103729
|       |       +--yes: f103 > -0.10972148925065994
|       |       |       +--yes: f249 > -0.08584591001272202
|       |       |       |       +--yes: noHateSpeech [238]
|       |       |       |       +--no:  f111 > -0.16362664103507996
|       |       |       |               +--yes: f208 > 0.09661374986171722
|       |       |       |               |       +--yes: Hatespeech,noHateSpeech [41]
|       |       |       |               |       +--no:  f204 > -0.144244983792305
|       |       |       |               |               +--yes: noHateSpeech [30]
|       |       |       |               |               +--no:  Hatespeech [6]
|       |       |       |               +--no:  Lesbians [14]
|       |       |       +--no:  Hatespeech,noHateSpeech [243]
|       |       +--no:  f69 > -0.137922003865242
|       |               +--yes: Lesbians [20]
|       |               +--no:  noHateSpeech [6]
|       +--no:  f260 > 0.07969687879085541
|               +--yes: f291 > -0.24463100731372833
|               |       +--yes: f53 > -0.28135499358177185
|               |       |       +--yes: f285 > 0.2892985939979553
|               |       |       |       +--yes: Hatespeech [6]
|               |       |       |       +--no:  f72 > -0.39747950434684753
|               |       |       |               +--yes: f7 > 0.11092115193605423
|               |       |       |               |       +--yes: noHateSpeech [89]
|               |       |       |               |       +--no:  f153 > -0.1847943365573883
|               |       |       |               |               +--yes: f49 > 0.2880856692790985
|               |       |       |               |               |       +--yes: Fatpeople,noHateSpeech [5]
|               |       |       |               |               |       +--no:  f26 > -0.4348383843898773
|               |       |       |               |               |               +--yes: f203 > 0.24190042912960052
|               |       |       |               |               |               |       +--yes: f225 > 0.19769300520420074
|               |       |       |               |               |               |       |       +--yes: OtherLifestyle [5]
|               |       |       |               |               |               |       |       +--no:  noHateSpeech [19]
|               |       |       |               |               |               |       +--no:  f184 > 0.2176276594400406
|               |       |       |               |               |               |               +--yes: Hatespeech,noHateSpeech [5]
|               |       |       |               |               |               |               +--no:  f18 > 0.28749600052833557
|               |       |       |               |               |               |                       +--yes: noHateSpeech [11]
|               |       |       |               |               |               |                       +--no:  f246 > 0.34102073311805725
|               |       |       |               |               |               |                               +--yes: noHateSpeech [8]
|               |       |       |               |               |               |                               +--no:  f198 > -0.22512555122375488
|               |       |       |               |               |               |                                       +--yes: f117 > -0.282640665769577
|               |       |       |               |               |               |                                       |       +--yes: f227 > -0.22659732401371002
|               |       |       |               |               |               |                                       |       |       +--yes: noHateSpeech [238]
|               |       |       |               |               |               |                                       |       |       +--no:  noHateSpeech [7]
|               |       |       |               |               |               |                                       |       +--no:  noHateSpeech [5]
|               |       |       |               |               |               |                                       +--no:  noHateSpeech [20]
|               |       |       |               |               |               +--no:  noHateSpeech [14]
|               |       |       |               |               +--no:  f153 > -0.19899366796016693
|               |       |       |               |                       +--yes: Lesbians [11]
|               |       |       |               |                       +--no:  f56 > -0.04195483401417732
|               |       |       |               |                               +--yes: noHateSpeech [36]
|               |       |       |               |                               +--no:  Women,noHateSpeech [11]
|               |       |       |               +--no:  Lesbians [5]
|               |       |       +--no:  Hatespeech,noHateSpeech [19]
|               |       +--no:  Women [5]
|               +--no:  f6 > -0.23620299994945526
|                       +--yes: f257 > 0.2940434217453003
|                       |       +--yes: Hatespeech,noHateSpeech [62]
|                       |       +--no:  noHateSpeech [368]
|                       +--no:  Homossexuals [13]
+--no:  f8 > 0.01672549918293953
        +--yes: f230 > -0.17901751399040222
        |       +--yes: f31 > 0.21898040175437927
        |       |       +--yes: Hatespeech,noHateSpeech [96]
        |       |       +--no:  f129 > 0.393354594707489
        |       |               +--yes: Sexism [6]
        |       |               +--no:  f144 > -0.12988123297691345
        |       |                       +--yes: noHateSpeech [1544]
        |       |                       +--no:  f140 > 0.0751740038394928
        |       |                               +--yes: noHateSpeech [31]
        |       |                               +--no:  f60 > -0.29667073488235474
        |       |                                       +--yes: f3 > -0.27944236993789673
        |       |                                       |       +--yes: f203 > -0.21304064989089966
        |       |                                       |       |       +--yes: f69 > -0.26202088594436646
        |       |                                       |       |       |       +--yes: f150 > -0.09083691239356995
        |       |                                       |       |       |       |       +--yes: f77 > 0.21881063282489777
        |       |                                       |       |       |       |       |       +--yes: noHateSpeech [5]
        |       |                                       |       |       |       |       |       +--no:  f22 > 0.3584330081939697
        |       |                                       |       |       |       |       |               +--yes: noHateSpeech [5]
        |       |                                       |       |       |       |       |               +--no:  f48 > 0.37033510208129883
        |       |                                       |       |       |       |       |                       +--yes: noHateSpeech [5]
        |       |                                       |       |       |       |       |                       +--no:  noHateSpeech [174]
        |       |                                       |       |       |       |       +--no:  noHateSpeech [12]
        |       |                                       |       |       |       +--no:  noHateSpeech [6]
        |       |                                       |       |       +--no:  Hatespeech,noHateSpeech [5]
        |       |                                       |       +--no:  noHateSpeech [6]
        |       |                                       +--no:  Hatespeech,noHateSpeech [7]
        |       +--no:  f173 > 0.05849942937493324
        |               +--yes: f216 > -0.22850656509399414
        |               |       +--yes: noHateSpeech [53]
        |               |       +--no:  Hatespeech,noHateSpeech [10]
        |               +--no:  Hatespeech,noHateSpeech [251]
        +--no:  f214 > 0.4979536831378937
                +--yes: f205 > -0.255442351102829
                |       +--yes: f52 > 0.15163028240203857
                |       |       +--yes: f138 > -0.0951944962143898
                |       |       |       +--yes: Women [11]
                |       |       |       +--no:  noHateSpeech [6]
                |       |       +--no:  f9 > 0.17227399349212646
                |       |               +--yes: Hatespeech,noHateSpeech [38]
                |       |               +--no:  f281 > 0.14158035814762115
                |       |                       +--yes: Hatespeech,noHateSpeech [15]
                |       |                       +--no:  f82 > -0.17217811942100525
                |       |                               +--yes: f58 > 0.29413941502571106
                |       |                               |       +--yes: Hatespeech,noHateSpeech [7]
                |       |                               |       +--no:  f61 > 0.34322118759155273
                |       |                               |               +--yes: Lesbians,noHateSpeech [5]
                |       |                               |               +--no:  noHateSpeech [105]
                |       |                               +--no:  Sexism,noHateSpeech [8]
                |       +--no:  Hatespeech [28]
                +--no:  f154 > -0.3296746611595154
                        +--yes: f205 > -0.4266137480735779
                        |       +--yes: f269 > -0.4936843812465668
                        |       |       +--yes: noHateSpeech [1642]
                        |       |       +--no:  Hatespeech [5]
                        |       +--no:  Refugees,Origin,noHateSpeech [7]
                        +--no:  Hatespeech,noHateSpeech [15]

T(38.0) Model
*************

f23 > 0.08717851340770721
+--yes: f118 > 0.11383900046348572
|       +--yes: f29 > -0.3464526832103729
|       |       +--yes: f103 > -0.10972148925065994
|       |       |       +--yes: f249 > -0.08584591001272202
|       |       |       |       +--yes: noHateSpeech [238]
|       |       |       |       +--no:  f111 > -0.16362664103507996
|       |       |       |               +--yes: f208 > 0.09661374986171722
|       |       |       |               |       +--yes: Hatespeech [41]
|       |       |       |               |       +--no:  f204 > -0.144244983792305
|       |       |       |               |               +--yes: noHateSpeech [30]
|       |       |       |               |               +--no:  Hatespeech [6]
|       |       |       |               +--no:  Lesbians [14]
|       |       |       +--no:  Hatespeech,noHateSpeech [243]
|       |       +--no:  f69 > -0.137922003865242
|       |               +--yes: Lesbians [20]
|       |               +--no:  noHateSpeech [6]
|       +--no:  f260 > 0.07969687879085541
|               +--yes: f291 > -0.24463100731372833
|               |       +--yes: f53 > -0.28135499358177185
|               |       |       +--yes: f285 > 0.2892985939979553
|               |       |       |       +--yes: Hatespeech [6]
|               |       |       |       +--no:  f72 > -0.39747950434684753
|               |       |       |               +--yes: f7 > 0.11092115193605423
|               |       |       |               |       +--yes: noHateSpeech [89]
|               |       |       |               |       +--no:  f153 > -0.1847943365573883
|               |       |       |               |               +--yes: f49 > 0.2880856692790985
|               |       |       |               |               |       +--yes: Fatpeople,noHateSpeech [5]
|               |       |       |               |               |       +--no:  f26 > -0.4348383843898773
|               |       |       |               |               |               +--yes: f203 > 0.24190042912960052
|               |       |       |               |               |               |       +--yes: f225 > 0.19769300520420074
|               |       |       |               |               |               |       |       +--yes: OtherLifestyle [5]
|               |       |       |               |               |               |       |       +--no:  noHateSpeech [19]
|               |       |       |               |               |               |       +--no:  f184 > 0.2176276594400406
|               |       |       |               |               |               |               +--yes: Hatespeech,noHateSpeech [5]
|               |       |       |               |               |               |               +--no:  f18 > 0.28749600052833557
|               |       |       |               |               |               |                       +--yes: noHateSpeech [11]
|               |       |       |               |               |               |                       +--no:  f246 > 0.34102073311805725
|               |       |       |               |               |               |                               +--yes: noHateSpeech [8]
|               |       |       |               |               |               |                               +--no:  f198 > -0.22512555122375488
|               |       |       |               |               |               |                                       +--yes: f117 > -0.282640665769577
|               |       |       |               |               |               |                                       |       +--yes: f227 > -0.22659732401371002
|               |       |       |               |               |               |                                       |       |       +--yes: noHateSpeech [238]
|               |       |       |               |               |               |                                       |       |       +--no:  noHateSpeech [7]
|               |       |       |               |               |               |                                       |       +--no:  noHateSpeech [5]
|               |       |       |               |               |               |                                       +--no:  noHateSpeech [20]
|               |       |       |               |               |               +--no:  noHateSpeech [14]
|               |       |       |               |               +--no:  f153 > -0.19899366796016693
|               |       |       |               |                       +--yes: Hatespeech [11]
|               |       |       |               |                       +--no:  f56 > -0.04195483401417732
|               |       |       |               |                               +--yes: noHateSpeech [36]
|               |       |       |               |                               +--no:  Hatespeech,noHateSpeech [11]
|               |       |       |               +--no:  Lesbians [5]
|               |       |       +--no:  Hatespeech,noHateSpeech [19]
|               |       +--no:  Women [5]
|               +--no:  f6 > -0.23620299994945526
|                       +--yes: f257 > 0.2940434217453003
|                       |       +--yes: Hatespeech,noHateSpeech [62]
|                       |       +--no:  noHateSpeech [368]
|                       +--no:  Homossexuals [13]
+--no:  f8 > 0.01672549918293953
        +--yes: f230 > -0.17901751399040222
        |       +--yes: f31 > 0.21898040175437927
        |       |       +--yes: Hatespeech,noHateSpeech [96]
        |       |       +--no:  f129 > 0.393354594707489
        |       |               +--yes: Sexism [6]
        |       |               +--no:  f144 > -0.12988123297691345
        |       |                       +--yes: noHateSpeech [1544]
        |       |                       +--no:  f140 > 0.0751740038394928
        |       |                               +--yes: noHateSpeech [31]
        |       |                               +--no:  f60 > -0.29667073488235474
        |       |                                       +--yes: f3 > -0.27944236993789673
        |       |                                       |       +--yes: f203 > -0.21304064989089966
        |       |                                       |       |       +--yes: f69 > -0.26202088594436646
        |       |                                       |       |       |       +--yes: f150 > -0.09083691239356995
        |       |                                       |       |       |       |       +--yes: f77 > 0.21881063282489777
        |       |                                       |       |       |       |       |       +--yes: noHateSpeech [5]
        |       |                                       |       |       |       |       |       +--no:  f22 > 0.3584330081939697
        |       |                                       |       |       |       |       |               +--yes: noHateSpeech [5]
        |       |                                       |       |       |       |       |               +--no:  f48 > 0.37033510208129883
        |       |                                       |       |       |       |       |                       +--yes: noHateSpeech [5]
        |       |                                       |       |       |       |       |                       +--no:  noHateSpeech [174]
        |       |                                       |       |       |       |       +--no:  noHateSpeech [12]
        |       |                                       |       |       |       +--no:  noHateSpeech [6]
        |       |                                       |       |       +--no:  Hatespeech,noHateSpeech [5]
        |       |                                       |       +--no:  noHateSpeech [6]
        |       |                                       +--no:  Hatespeech,noHateSpeech [7]
        |       +--no:  f173 > 0.05849942937493324
        |               +--yes: f216 > -0.22850656509399414
        |               |       +--yes: noHateSpeech [53]
        |               |       +--no:  Hatespeech,noHateSpeech [10]
        |               +--no:  noHateSpeech [251]
        +--no:  f214 > 0.4979536831378937
                +--yes: f205 > -0.255442351102829
                |       +--yes: f52 > 0.15163028240203857
                |       |       +--yes: f138 > -0.0951944962143898
                |       |       |       +--yes: Women [11]
                |       |       |       +--no:  noHateSpeech [6]
                |       |       +--no:  f9 > 0.17227399349212646
                |       |               +--yes: Hatespeech,noHateSpeech [38]
                |       |               +--no:  f281 > 0.14158035814762115
                |       |                       +--yes: Hatespeech,noHateSpeech [15]
                |       |                       +--no:  f82 > -0.17217811942100525
                |       |                               +--yes: f58 > 0.29413941502571106
                |       |                               |       +--yes: Hatespeech,noHateSpeech [7]
                |       |                               |       +--no:  f61 > 0.34322118759155273
                |       |                               |               +--yes: Lesbians,noHateSpeech [5]
                |       |                               |               +--no:  noHateSpeech [105]
                |       |                               +--no:  Hatespeech,noHateSpeech [8]
                |       +--no:  Hatespeech [28]
                +--no:  f154 > -0.3296746611595154
                        +--yes: f205 > -0.4266137480735779
                        |       +--yes: f269 > -0.4936843812465668
                        |       |       +--yes: noHateSpeech [1642]
                        |       |       +--no:  Hatespeech [5]
                        |       +--no:  Refugees,Origin,noHateSpeech [7]
                        +--no:  Hatespeech,noHateSpeech [15]

T(40.0) Model
*************

f23 > 0.08717851340770721
+--yes: f118 > 0.11383900046348572
|       +--yes: f29 > -0.3464526832103729
|       |       +--yes: f103 > -0.10972148925065994
|       |       |       +--yes: f249 > -0.08584591001272202
|       |       |       |       +--yes: noHateSpeech [238]
|       |       |       |       +--no:  f111 > -0.16362664103507996
|       |       |       |               +--yes: f208 > 0.09661374986171722
|       |       |       |               |       +--yes: Hatespeech [41]
|       |       |       |               |       +--no:  f204 > -0.144244983792305
|       |       |       |               |               +--yes: noHateSpeech [30]
|       |       |       |               |               +--no:  Hatespeech [6]
|       |       |       |               +--no:  Lesbians [14]
|       |       |       +--no:  Hatespeech,noHateSpeech [243]
|       |       +--no:  f69 > -0.137922003865242
|       |               +--yes: Lesbians [20]
|       |               +--no:  noHateSpeech [6]
|       +--no:  f260 > 0.07969687879085541
|               +--yes: f291 > -0.24463100731372833
|               |       +--yes: f53 > -0.28135499358177185
|               |       |       +--yes: f285 > 0.2892985939979553
|               |       |       |       +--yes: Hatespeech [6]
|               |       |       |       +--no:  f72 > -0.39747950434684753
|               |       |       |               +--yes: f7 > 0.11092115193605423
|               |       |       |               |       +--yes: noHateSpeech [89]
|               |       |       |               |       +--no:  f153 > -0.1847943365573883
|               |       |       |               |               +--yes: f49 > 0.2880856692790985
|               |       |       |               |               |       +--yes: Fatpeople,noHateSpeech [5]
|               |       |       |               |               |       +--no:  f26 > -0.4348383843898773
|               |       |       |               |               |               +--yes: f203 > 0.24190042912960052
|               |       |       |               |               |               |       +--yes: f225 > 0.19769300520420074
|               |       |       |               |               |               |       |       +--yes: OtherLifestyle [5]
|               |       |       |               |               |               |       |       +--no:  noHateSpeech [19]
|               |       |       |               |               |               |       +--no:  f184 > 0.2176276594400406
|               |       |       |               |               |               |               +--yes: Hatespeech,noHateSpeech [5]
|               |       |       |               |               |               |               +--no:  f18 > 0.28749600052833557
|               |       |       |               |               |               |                       +--yes: noHateSpeech [11]
|               |       |       |               |               |               |                       +--no:  f246 > 0.34102073311805725
|               |       |       |               |               |               |                               +--yes: noHateSpeech [8]
|               |       |       |               |               |               |                               +--no:  f198 > -0.22512555122375488
|               |       |       |               |               |               |                                       +--yes: f117 > -0.282640665769577
|               |       |       |               |               |               |                                       |       +--yes: f227 > -0.22659732401371002
|               |       |       |               |               |               |                                       |       |       +--yes: noHateSpeech [238]
|               |       |       |               |               |               |                                       |       |       +--no:  noHateSpeech [7]
|               |       |       |               |               |               |                                       |       +--no:  noHateSpeech [5]
|               |       |       |               |               |               |                                       +--no:  noHateSpeech [20]
|               |       |       |               |               |               +--no:  noHateSpeech [14]
|               |       |       |               |               +--no:  f153 > -0.19899366796016693
|               |       |       |               |                       +--yes: Hatespeech [11]
|               |       |       |               |                       +--no:  f56 > -0.04195483401417732
|               |       |       |               |                               +--yes: noHateSpeech [36]
|               |       |       |               |                               +--no:  Hatespeech,noHateSpeech [11]
|               |       |       |               +--no:  Lesbians [5]
|               |       |       +--no:  Hatespeech,noHateSpeech [19]
|               |       +--no:  Women [5]
|               +--no:  f6 > -0.23620299994945526
|                       +--yes: f257 > 0.2940434217453003
|                       |       +--yes: Hatespeech,noHateSpeech [62]
|                       |       +--no:  noHateSpeech [368]
|                       +--no:  Homophobia [13]
+--no:  f8 > 0.01672549918293953
        +--yes: f230 > -0.17901751399040222
        |       +--yes: f31 > 0.21898040175437927
        |       |       +--yes: noHateSpeech [96]
        |       |       +--no:  f129 > 0.393354594707489
        |       |               +--yes: Sexism [6]
        |       |               +--no:  f144 > -0.12988123297691345
        |       |                       +--yes: noHateSpeech [1544]
        |       |                       +--no:  f140 > 0.0751740038394928
        |       |                               +--yes: noHateSpeech [31]
        |       |                               +--no:  f60 > -0.29667073488235474
        |       |                                       +--yes: f3 > -0.27944236993789673
        |       |                                       |       +--yes: f203 > -0.21304064989089966
        |       |                                       |       |       +--yes: f69 > -0.26202088594436646
        |       |                                       |       |       |       +--yes: f150 > -0.09083691239356995
        |       |                                       |       |       |       |       +--yes: f77 > 0.21881063282489777
        |       |                                       |       |       |       |       |       +--yes: noHateSpeech [5]
        |       |                                       |       |       |       |       |       +--no:  f22 > 0.3584330081939697
        |       |                                       |       |       |       |       |               +--yes: noHateSpeech [5]
        |       |                                       |       |       |       |       |               +--no:  f48 > 0.37033510208129883
        |       |                                       |       |       |       |       |                       +--yes: noHateSpeech [5]
        |       |                                       |       |       |       |       |                       +--no:  noHateSpeech [174]
        |       |                                       |       |       |       |       +--no:  noHateSpeech [12]
        |       |                                       |       |       |       +--no:  noHateSpeech [6]
        |       |                                       |       |       +--no:  Hatespeech,noHateSpeech [5]
        |       |                                       |       +--no:  noHateSpeech [6]
        |       |                                       +--no:  Hatespeech,noHateSpeech [7]
        |       +--no:  f173 > 0.05849942937493324
        |               +--yes: f216 > -0.22850656509399414
        |               |       +--yes: noHateSpeech [53]
        |               |       +--no:  Hatespeech,noHateSpeech [10]
        |               +--no:  noHateSpeech [251]
        +--no:  f214 > 0.4979536831378937
                +--yes: f205 > -0.255442351102829
                |       +--yes: f52 > 0.15163028240203857
                |       |       +--yes: f138 > -0.0951944962143898
                |       |       |       +--yes: Women [11]
                |       |       |       +--no:  noHateSpeech [6]
                |       |       +--no:  f9 > 0.17227399349212646
                |       |               +--yes: Hatespeech,noHateSpeech [38]
                |       |               +--no:  f281 > 0.14158035814762115
                |       |                       +--yes: Hatespeech,noHateSpeech [15]
                |       |                       +--no:  f82 > -0.17217811942100525
                |       |                               +--yes: f58 > 0.29413941502571106
                |       |                               |       +--yes: Hatespeech,noHateSpeech [7]
                |       |                               |       +--no:  f61 > 0.34322118759155273
                |       |                               |               +--yes: Lesbians,noHateSpeech [5]
                |       |                               |               +--no:  noHateSpeech [105]
                |       |                               +--no:  Hatespeech,noHateSpeech [8]
                |       +--no:  Hatespeech [28]
                +--no:  f154 > -0.3296746611595154
                        +--yes: f205 > -0.4266137480735779
                        |       +--yes: f269 > -0.4936843812465668
                        |       |       +--yes: noHateSpeech [1642]
                        |       |       +--no:  Hatespeech [5]
                        |       +--no:  Refugees,Origin,noHateSpeech [7]
                        +--no:  Hatespeech,noHateSpeech [15]

T(42.0) Model
*************

f23 > 0.08717851340770721
+--yes: f118 > 0.11383900046348572
|       +--yes: f29 > -0.3464526832103729
|       |       +--yes: f103 > -0.10972148925065994
|       |       |       +--yes: f249 > -0.08584591001272202
|       |       |       |       +--yes: noHateSpeech [238]
|       |       |       |       +--no:  f111 > -0.16362664103507996
|       |       |       |               +--yes: f208 > 0.09661374986171722
|       |       |       |               |       +--yes: Hatespeech [41]
|       |       |       |               |       +--no:  f204 > -0.144244983792305
|       |       |       |               |               +--yes: noHateSpeech [30]
|       |       |       |               |               +--no:  Hatespeech [6]
|       |       |       |               +--no:  Lesbians [14]
|       |       |       +--no:  Hatespeech,noHateSpeech [243]
|       |       +--no:  f69 > -0.137922003865242
|       |               +--yes: Lesbians [20]
|       |               +--no:  noHateSpeech [6]
|       +--no:  f260 > 0.07969687879085541
|               +--yes: f291 > -0.24463100731372833
|               |       +--yes: f53 > -0.28135499358177185
|               |       |       +--yes: f285 > 0.2892985939979553
|               |       |       |       +--yes: Hatespeech [6]
|               |       |       |       +--no:  f72 > -0.39747950434684753
|               |       |       |               +--yes: f7 > 0.11092115193605423
|               |       |       |               |       +--yes: noHateSpeech [89]
|               |       |       |               |       +--no:  f153 > -0.1847943365573883
|               |       |       |               |               +--yes: f49 > 0.2880856692790985
|               |       |       |               |               |       +--yes: Hatespeech [5]
|               |       |       |               |               |       +--no:  f26 > -0.4348383843898773
|               |       |       |               |               |               +--yes: f203 > 0.24190042912960052
|               |       |       |               |               |               |       +--yes: f225 > 0.19769300520420074
|               |       |       |               |               |               |       |       +--yes: Hatespeech [5]
|               |       |       |               |               |               |       |       +--no:  noHateSpeech [19]
|               |       |       |               |               |               |       +--no:  f184 > 0.2176276594400406
|               |       |       |               |               |               |               +--yes: noHateSpeech [5]
|               |       |       |               |               |               |               +--no:  f18 > 0.28749600052833557
|               |       |       |               |               |               |                       +--yes: noHateSpeech [11]
|               |       |       |               |               |               |                       +--no:  f246 > 0.34102073311805725
|               |       |       |               |               |               |                               +--yes: noHateSpeech [8]
|               |       |       |               |               |               |                               +--no:  f198 > -0.22512555122375488
|               |       |       |               |               |               |                                       +--yes: f117 > -0.282640665769577
|               |       |       |               |               |               |                                       |       +--yes: f227 > -0.22659732401371002
|               |       |       |               |               |               |                                       |       |       +--yes: noHateSpeech [238]
|               |       |       |               |               |               |                                       |       |       +--no:  noHateSpeech [7]
|               |       |       |               |               |               |                                       |       +--no:  noHateSpeech [5]
|               |       |       |               |               |               |                                       +--no:  noHateSpeech [20]
|               |       |       |               |               |               +--no:  noHateSpeech [14]
|               |       |       |               |               +--no:  f153 > -0.19899366796016693
|               |       |       |               |                       +--yes: Hatespeech [11]
|               |       |       |               |                       +--no:  f56 > -0.04195483401417732
|               |       |       |               |                               +--yes: noHateSpeech [36]
|               |       |       |               |                               +--no:  Hatespeech,noHateSpeech [11]
|               |       |       |               +--no:  Hatespeech [5]
|               |       |       +--no:  Hatespeech,noHateSpeech [19]
|               |       +--no:  Sexism [5]
|               +--no:  f6 > -0.23620299994945526
|                       +--yes: f257 > 0.2940434217453003
|                       |       +--yes: Hatespeech,noHateSpeech [62]
|                       |       +--no:  noHateSpeech [368]
|                       +--no:  Homophobia [13]
+--no:  f8 > 0.01672549918293953
        +--yes: f230 > -0.17901751399040222
        |       +--yes: f31 > 0.21898040175437927
        |       |       +--yes: noHateSpeech [96]
        |       |       +--no:  f129 > 0.393354594707489
        |       |               +--yes: Sexism [6]
        |       |               +--no:  f144 > -0.12988123297691345
        |       |                       +--yes: noHateSpeech [1544]
        |       |                       +--no:  f140 > 0.0751740038394928
        |       |                               +--yes: noHateSpeech [31]
        |       |                               +--no:  f60 > -0.29667073488235474
        |       |                                       +--yes: f3 > -0.27944236993789673
        |       |                                       |       +--yes: f203 > -0.21304064989089966
        |       |                                       |       |       +--yes: f69 > -0.26202088594436646
        |       |                                       |       |       |       +--yes: f150 > -0.09083691239356995
        |       |                                       |       |       |       |       +--yes: f77 > 0.21881063282489777
        |       |                                       |       |       |       |       |       +--yes: noHateSpeech [5]
        |       |                                       |       |       |       |       |       +--no:  f22 > 0.3584330081939697
        |       |                                       |       |       |       |       |               +--yes: noHateSpeech [5]
        |       |                                       |       |       |       |       |               +--no:  f48 > 0.37033510208129883
        |       |                                       |       |       |       |       |                       +--yes: noHateSpeech [5]
        |       |                                       |       |       |       |       |                       +--no:  noHateSpeech [174]
        |       |                                       |       |       |       |       +--no:  noHateSpeech [12]
        |       |                                       |       |       |       +--no:  noHateSpeech [6]
        |       |                                       |       |       +--no:  noHateSpeech [5]
        |       |                                       |       +--no:  noHateSpeech [6]
        |       |                                       +--no:  Hatespeech,noHateSpeech [7]
        |       +--no:  f173 > 0.05849942937493324
        |               +--yes: f216 > -0.22850656509399414
        |               |       +--yes: noHateSpeech [53]
        |               |       +--no:  Hatespeech,noHateSpeech [10]
        |               +--no:  noHateSpeech [251]
        +--no:  f214 > 0.4979536831378937
                +--yes: f205 > -0.255442351102829
                |       +--yes: f52 > 0.15163028240203857
                |       |       +--yes: f138 > -0.0951944962143898
                |       |       |       +--yes: Women [11]
                |       |       |       +--no:  noHateSpeech [6]
                |       |       +--no:  f9 > 0.17227399349212646
                |       |               +--yes: Hatespeech,noHateSpeech [38]
                |       |               +--no:  f281 > 0.14158035814762115
                |       |                       +--yes: Hatespeech,noHateSpeech [15]
                |       |                       +--no:  f82 > -0.17217811942100525
                |       |                               +--yes: f58 > 0.29413941502571106
                |       |                               |       +--yes: Hatespeech,noHateSpeech [7]
                |       |                               |       +--no:  f61 > 0.34322118759155273
                |       |                               |               +--yes: noHateSpeech [5]
                |       |                               |               +--no:  noHateSpeech [105]
                |       |                               +--no:  Hatespeech,noHateSpeech [8]
                |       +--no:  Hatespeech [28]
                +--no:  f154 > -0.3296746611595154
                        +--yes: f205 > -0.4266137480735779
                        |       +--yes: f269 > -0.4936843812465668
                        |       |       +--yes: noHateSpeech [1642]
                        |       |       +--no:  Hatespeech [5]
                        |       +--no:  Refugees,Origin,noHateSpeech [7]
                        +--no:  Hatespeech,noHateSpeech [15]

T(44.0) Model
*************

f23 > 0.08717851340770721
+--yes: f118 > 0.11383900046348572
|       +--yes: f29 > -0.3464526832103729
|       |       +--yes: f103 > -0.10972148925065994
|       |       |       +--yes: f249 > -0.08584591001272202
|       |       |       |       +--yes: noHateSpeech [238]
|       |       |       |       +--no:  f111 > -0.16362664103507996
|       |       |       |               +--yes: f208 > 0.09661374986171722
|       |       |       |               |       +--yes: Hatespeech [41]
|       |       |       |               |       +--no:  f204 > -0.144244983792305
|       |       |       |               |               +--yes: noHateSpeech [30]
|       |       |       |               |               +--no:  Hatespeech [6]
|       |       |       |               +--no:  Lesbians [14]
|       |       |       +--no:  noHateSpeech [243]
|       |       +--no:  f69 > -0.137922003865242
|       |               +--yes: Lesbians [20]
|       |               +--no:  noHateSpeech [6]
|       +--no:  f260 > 0.07969687879085541
|               +--yes: f291 > -0.24463100731372833
|               |       +--yes: f53 > -0.28135499358177185
|               |       |       +--yes: f285 > 0.2892985939979553
|               |       |       |       +--yes: Hatespeech [6]
|               |       |       |       +--no:  f72 > -0.39747950434684753
|               |       |       |               +--yes: f7 > 0.11092115193605423
|               |       |       |               |       +--yes: noHateSpeech [89]
|               |       |       |               |       +--no:  f153 > -0.1847943365573883
|               |       |       |               |               +--yes: f49 > 0.2880856692790985
|               |       |       |               |               |       +--yes: Hatespeech [5]
|               |       |       |               |               |       +--no:  f26 > -0.4348383843898773
|               |       |       |               |               |               +--yes: f203 > 0.24190042912960052
|               |       |       |               |               |               |       +--yes: f225 > 0.19769300520420074
|               |       |       |               |               |               |       |       +--yes: Hatespeech [5]
|               |       |       |               |               |               |       |       +--no:  noHateSpeech [19]
|               |       |       |               |               |               |       +--no:  f184 > 0.2176276594400406
|               |       |       |               |               |               |               +--yes: noHateSpeech [5]
|               |       |       |               |               |               |               +--no:  f18 > 0.28749600052833557
|               |       |       |               |               |               |                       +--yes: noHateSpeech [11]
|               |       |       |               |               |               |                       +--no:  f246 > 0.34102073311805725
|               |       |       |               |               |               |                               +--yes: noHateSpeech [8]
|               |       |       |               |               |               |                               +--no:  f198 > -0.22512555122375488
|               |       |       |               |               |               |                                       +--yes: f117 > -0.282640665769577
|               |       |       |               |               |               |                                       |       +--yes: f227 > -0.22659732401371002
|               |       |       |               |               |               |                                       |       |       +--yes: noHateSpeech [238]
|               |       |       |               |               |               |                                       |       |       +--no:  noHateSpeech [7]
|               |       |       |               |               |               |                                       |       +--no:  noHateSpeech [5]
|               |       |       |               |               |               |                                       +--no:  noHateSpeech [20]
|               |       |       |               |               |               +--no:  noHateSpeech [14]
|               |       |       |               |               +--no:  f153 > -0.19899366796016693
|               |       |       |               |                       +--yes: Hatespeech [11]
|               |       |       |               |                       +--no:  f56 > -0.04195483401417732
|               |       |       |               |                               +--yes: noHateSpeech [36]
|               |       |       |               |                               +--no:  Hatespeech,noHateSpeech [11]
|               |       |       |               +--no:  Hatespeech [5]
|               |       |       +--no:  Hatespeech,noHateSpeech [19]
|               |       +--no:  Sexism [5]
|               +--no:  f6 > -0.23620299994945526
|                       +--yes: f257 > 0.2940434217453003
|                       |       +--yes: Hatespeech,noHateSpeech [62]
|                       |       +--no:  noHateSpeech [368]
|                       +--no:  Homophobia [13]
+--no:  f8 > 0.01672549918293953
        +--yes: f230 > -0.17901751399040222
        |       +--yes: f31 > 0.21898040175437927
        |       |       +--yes: noHateSpeech [96]
        |       |       +--no:  f129 > 0.393354594707489
        |       |               +--yes: Sexism [6]
        |       |               +--no:  f144 > -0.12988123297691345
        |       |                       +--yes: noHateSpeech [1544]
        |       |                       +--no:  f140 > 0.0751740038394928
        |       |                               +--yes: noHateSpeech [31]
        |       |                               +--no:  f60 > -0.29667073488235474
        |       |                                       +--yes: f3 > -0.27944236993789673
        |       |                                       |       +--yes: f203 > -0.21304064989089966
        |       |                                       |       |       +--yes: f69 > -0.26202088594436646
        |       |                                       |       |       |       +--yes: f150 > -0.09083691239356995
        |       |                                       |       |       |       |       +--yes: f77 > 0.21881063282489777
        |       |                                       |       |       |       |       |       +--yes: noHateSpeech [5]
        |       |                                       |       |       |       |       |       +--no:  f22 > 0.3584330081939697
        |       |                                       |       |       |       |       |               +--yes: noHateSpeech [5]
        |       |                                       |       |       |       |       |               +--no:  f48 > 0.37033510208129883
        |       |                                       |       |       |       |       |                       +--yes: noHateSpeech [5]
        |       |                                       |       |       |       |       |                       +--no:  noHateSpeech [174]
        |       |                                       |       |       |       |       +--no:  noHateSpeech [12]
        |       |                                       |       |       |       +--no:  noHateSpeech [6]
        |       |                                       |       |       +--no:  noHateSpeech [5]
        |       |                                       |       +--no:  noHateSpeech [6]
        |       |                                       +--no:  noHateSpeech [7]
        |       +--no:  f173 > 0.05849942937493324
        |               +--yes: f216 > -0.22850656509399414
        |               |       +--yes: noHateSpeech [53]
        |               |       +--no:  Hatespeech,noHateSpeech [10]
        |               +--no:  noHateSpeech [251]
        +--no:  f214 > 0.4979536831378937
                +--yes: f205 > -0.255442351102829
                |       +--yes: f52 > 0.15163028240203857
                |       |       +--yes: f138 > -0.0951944962143898
                |       |       |       +--yes: Women [11]
                |       |       |       +--no:  noHateSpeech [6]
                |       |       +--no:  f9 > 0.17227399349212646
                |       |               +--yes: noHateSpeech [38]
                |       |               +--no:  f281 > 0.14158035814762115
                |       |                       +--yes: Hatespeech,noHateSpeech [15]
                |       |                       +--no:  f82 > -0.17217811942100525
                |       |                               +--yes: f58 > 0.29413941502571106
                |       |                               |       +--yes: noHateSpeech [7]
                |       |                               |       +--no:  f61 > 0.34322118759155273
                |       |                               |               +--yes: noHateSpeech [5]
                |       |                               |               +--no:  noHateSpeech [105]
                |       |                               +--no:  Hatespeech,noHateSpeech [8]
                |       +--no:  Hatespeech [28]
                +--no:  f154 > -0.3296746611595154
                        +--yes: f205 > -0.4266137480735779
                        |       +--yes: f269 > -0.4936843812465668
                        |       |       +--yes: noHateSpeech [1642]
                        |       |       +--no:  Hatespeech [5]
                        |       +--no:  Migrants,Origin [7]
                        +--no:  Hatespeech,noHateSpeech [15]

T(46.0) Model
*************

f23 > 0.08717851340770721
+--yes: f118 > 0.11383900046348572
|       +--yes: f29 > -0.3464526832103729
|       |       +--yes: f103 > -0.10972148925065994
|       |       |       +--yes: f249 > -0.08584591001272202
|       |       |       |       +--yes: noHateSpeech [238]
|       |       |       |       +--no:  f111 > -0.16362664103507996
|       |       |       |               +--yes: f208 > 0.09661374986171722
|       |       |       |               |       +--yes: Hatespeech [41]
|       |       |       |               |       +--no:  f204 > -0.144244983792305
|       |       |       |               |               +--yes: noHateSpeech [30]
|       |       |       |               |               +--no:  Hatespeech [6]
|       |       |       |               +--no:  Lesbians [14]
|       |       |       +--no:  noHateSpeech [243]
|       |       +--no:  f69 > -0.137922003865242
|       |               +--yes: Lesbians [20]
|       |               +--no:  noHateSpeech [6]
|       +--no:  f260 > 0.07969687879085541
|               +--yes: f291 > -0.24463100731372833
|               |       +--yes: f53 > -0.28135499358177185
|               |       |       +--yes: f285 > 0.2892985939979553
|               |       |       |       +--yes: Hatespeech [6]
|               |       |       |       +--no:  f72 > -0.39747950434684753
|               |       |       |               +--yes: f7 > 0.11092115193605423
|               |       |       |               |       +--yes: noHateSpeech [89]
|               |       |       |               |       +--no:  f153 > -0.1847943365573883
|               |       |       |               |               +--yes: f49 > 0.2880856692790985
|               |       |       |               |               |       +--yes: Hatespeech [5]
|               |       |       |               |               |       +--no:  f26 > -0.4348383843898773
|               |       |       |               |               |               +--yes: f203 > 0.24190042912960052
|               |       |       |               |               |               |       +--yes: f225 > 0.19769300520420074
|               |       |       |               |               |               |       |       +--yes: Hatespeech [5]
|               |       |       |               |               |               |       |       +--no:  noHateSpeech [19]
|               |       |       |               |               |               |       +--no:  f184 > 0.2176276594400406
|               |       |       |               |               |               |               +--yes: noHateSpeech [5]
|               |       |       |               |               |               |               +--no:  f18 > 0.28749600052833557
|               |       |       |               |               |               |                       +--yes: noHateSpeech [11]
|               |       |       |               |               |               |                       +--no:  f246 > 0.34102073311805725
|               |       |       |               |               |               |                               +--yes: noHateSpeech [8]
|               |       |       |               |               |               |                               +--no:  f198 > -0.22512555122375488
|               |       |       |               |               |               |                                       +--yes: f117 > -0.282640665769577
|               |       |       |               |               |               |                                       |       +--yes: f227 > -0.22659732401371002
|               |       |       |               |               |               |                                       |       |       +--yes: noHateSpeech [238]
|               |       |       |               |               |               |                                       |       |       +--no:  noHateSpeech [7]
|               |       |       |               |               |               |                                       |       +--no:  noHateSpeech [5]
|               |       |       |               |               |               |                                       +--no:  noHateSpeech [20]
|               |       |       |               |               |               +--no:  noHateSpeech [14]
|               |       |       |               |               +--no:  f153 > -0.19899366796016693
|               |       |       |               |                       +--yes: Hatespeech [11]
|               |       |       |               |                       +--no:  f56 > -0.04195483401417732
|               |       |       |               |                               +--yes: noHateSpeech [36]
|               |       |       |               |                               +--no:  Hatespeech [11]
|               |       |       |               +--no:  Hatespeech [5]
|               |       |       +--no:  Hatespeech,noHateSpeech [19]
|               |       +--no:  Sexism [5]
|               +--no:  f6 > -0.23620299994945526
|                       +--yes: f257 > 0.2940434217453003
|                       |       +--yes: Hatespeech,noHateSpeech [62]
|                       |       +--no:  noHateSpeech [368]
|                       +--no:  Homophobia [13]
+--no:  f8 > 0.01672549918293953
        +--yes: f230 > -0.17901751399040222
        |       +--yes: f31 > 0.21898040175437927
        |       |       +--yes: noHateSpeech [96]
        |       |       +--no:  f129 > 0.393354594707489
        |       |               +--yes: Sexism [6]
        |       |               +--no:  f144 > -0.12988123297691345
        |       |                       +--yes: noHateSpeech [1544]
        |       |                       +--no:  f140 > 0.0751740038394928
        |       |                               +--yes: noHateSpeech [31]
        |       |                               +--no:  f60 > -0.29667073488235474
        |       |                                       +--yes: f3 > -0.27944236993789673
        |       |                                       |       +--yes: f203 > -0.21304064989089966
        |       |                                       |       |       +--yes: f69 > -0.26202088594436646
        |       |                                       |       |       |       +--yes: f150 > -0.09083691239356995
        |       |                                       |       |       |       |       +--yes: f77 > 0.21881063282489777
        |       |                                       |       |       |       |       |       +--yes: noHateSpeech [5]
        |       |                                       |       |       |       |       |       +--no:  f22 > 0.3584330081939697
        |       |                                       |       |       |       |       |               +--yes: noHateSpeech [5]
        |       |                                       |       |       |       |       |               +--no:  f48 > 0.37033510208129883
        |       |                                       |       |       |       |       |                       +--yes: noHateSpeech [5]
        |       |                                       |       |       |       |       |                       +--no:  noHateSpeech [174]
        |       |                                       |       |       |       |       +--no:  noHateSpeech [12]
        |       |                                       |       |       |       +--no:  noHateSpeech [6]
        |       |                                       |       |       +--no:  noHateSpeech [5]
        |       |                                       |       +--no:  noHateSpeech [6]
        |       |                                       +--no:  noHateSpeech [7]
        |       +--no:  f173 > 0.05849942937493324
        |               +--yes: f216 > -0.22850656509399414
        |               |       +--yes: noHateSpeech [53]
        |               |       +--no:  Hatespeech,noHateSpeech [10]
        |               +--no:  noHateSpeech [251]
        +--no:  f214 > 0.4979536831378937
                +--yes: f205 > -0.255442351102829
                |       +--yes: f52 > 0.15163028240203857
                |       |       +--yes: f138 > -0.0951944962143898
                |       |       |       +--yes: Women [11]
                |       |       |       +--no:  noHateSpeech [6]
                |       |       +--no:  f9 > 0.17227399349212646
                |       |               +--yes: noHateSpeech [38]
                |       |               +--no:  f281 > 0.14158035814762115
                |       |                       +--yes: Hatespeech,noHateSpeech [15]
                |       |                       +--no:  f82 > -0.17217811942100525
                |       |                               +--yes: f58 > 0.29413941502571106
                |       |                               |       +--yes: noHateSpeech [7]
                |       |                               |       +--no:  f61 > 0.34322118759155273
                |       |                               |               +--yes: noHateSpeech [5]
                |       |                               |               +--no:  noHateSpeech [105]
                |       |                               +--no:  Hatespeech,noHateSpeech [8]
                |       +--no:  Hatespeech [28]
                +--no:  f154 > -0.3296746611595154
                        +--yes: f205 > -0.4266137480735779
                        |       +--yes: f269 > -0.4936843812465668
                        |       |       +--yes: noHateSpeech [1642]
                        |       |       +--no:  Hatespeech [5]
                        |       +--no:  Migrants,Origin [7]
                        +--no:  Hatespeech,noHateSpeech [15]

T(48.0) Model
*************

f23 > 0.08717851340770721
+--yes: f118 > 0.11383900046348572
|       +--yes: f29 > -0.3464526832103729
|       |       +--yes: f103 > -0.10972148925065994
|       |       |       +--yes: f249 > -0.08584591001272202
|       |       |       |       +--yes: noHateSpeech [238]
|       |       |       |       +--no:  f111 > -0.16362664103507996
|       |       |       |               +--yes: f208 > 0.09661374986171722
|       |       |       |               |       +--yes: Hatespeech [41]
|       |       |       |               |       +--no:  f204 > -0.144244983792305
|       |       |       |               |               +--yes: noHateSpeech [30]
|       |       |       |               |               +--no:  Hatespeech [6]
|       |       |       |               +--no:  Lesbians [14]
|       |       |       +--no:  noHateSpeech [243]
|       |       +--no:  f69 > -0.137922003865242
|       |               +--yes: Lesbians [20]
|       |               +--no:  noHateSpeech [6]
|       +--no:  f260 > 0.07969687879085541
|               +--yes: f291 > -0.24463100731372833
|               |       +--yes: f53 > -0.28135499358177185
|               |       |       +--yes: f285 > 0.2892985939979553
|               |       |       |       +--yes: Hatespeech [6]
|               |       |       |       +--no:  f72 > -0.39747950434684753
|               |       |       |               +--yes: f7 > 0.11092115193605423
|               |       |       |               |       +--yes: noHateSpeech [89]
|               |       |       |               |       +--no:  f153 > -0.1847943365573883
|               |       |       |               |               +--yes: f49 > 0.2880856692790985
|               |       |       |               |               |       +--yes: Hatespeech [5]
|               |       |       |               |               |       +--no:  f26 > -0.4348383843898773
|               |       |       |               |               |               +--yes: f203 > 0.24190042912960052
|               |       |       |               |               |               |       +--yes: f225 > 0.19769300520420074
|               |       |       |               |               |               |       |       +--yes: Hatespeech [5]
|               |       |       |               |               |               |       |       +--no:  noHateSpeech [19]
|               |       |       |               |               |               |       +--no:  f184 > 0.2176276594400406
|               |       |       |               |               |               |               +--yes: noHateSpeech [5]
|               |       |       |               |               |               |               +--no:  f18 > 0.28749600052833557
|               |       |       |               |               |               |                       +--yes: noHateSpeech [11]
|               |       |       |               |               |               |                       +--no:  f246 > 0.34102073311805725
|               |       |       |               |               |               |                               +--yes: noHateSpeech [8]
|               |       |       |               |               |               |                               +--no:  f198 > -0.22512555122375488
|               |       |       |               |               |               |                                       +--yes: f117 > -0.282640665769577
|               |       |       |               |               |               |                                       |       +--yes: f227 > -0.22659732401371002
|               |       |       |               |               |               |                                       |       |       +--yes: noHateSpeech [238]
|               |       |       |               |               |               |                                       |       |       +--no:  noHateSpeech [7]
|               |       |       |               |               |               |                                       |       +--no:  noHateSpeech [5]
|               |       |       |               |               |               |                                       +--no:  noHateSpeech [20]
|               |       |       |               |               |               +--no:  noHateSpeech [14]
|               |       |       |               |               +--no:  f153 > -0.19899366796016693
|               |       |       |               |                       +--yes: Hatespeech [11]
|               |       |       |               |                       +--no:  f56 > -0.04195483401417732
|               |       |       |               |                               +--yes: noHateSpeech [36]
|               |       |       |               |                               +--no:  Hatespeech [11]
|               |       |       |               +--no:  Hatespeech [5]
|               |       |       +--no:  Hatespeech [19]
|               |       +--no:  Sexism [5]
|               +--no:  f6 > -0.23620299994945526
|                       +--yes: f257 > 0.2940434217453003
|                       |       +--yes: Hatespeech,noHateSpeech [62]
|                       |       +--no:  noHateSpeech [368]
|                       +--no:  Hatespeech [13]
+--no:  f8 > 0.01672549918293953
        +--yes: f230 > -0.17901751399040222
        |       +--yes: f31 > 0.21898040175437927
        |       |       +--yes: noHateSpeech [96]
        |       |       +--no:  f129 > 0.393354594707489
        |       |               +--yes: Sexism [6]
        |       |               +--no:  f144 > -0.12988123297691345
        |       |                       +--yes: noHateSpeech [1544]
        |       |                       +--no:  f140 > 0.0751740038394928
        |       |                               +--yes: noHateSpeech [31]
        |       |                               +--no:  f60 > -0.29667073488235474
        |       |                                       +--yes: f3 > -0.27944236993789673
        |       |                                       |       +--yes: f203 > -0.21304064989089966
        |       |                                       |       |       +--yes: f69 > -0.26202088594436646
        |       |                                       |       |       |       +--yes: f150 > -0.09083691239356995
        |       |                                       |       |       |       |       +--yes: f77 > 0.21881063282489777
        |       |                                       |       |       |       |       |       +--yes: noHateSpeech [5]
        |       |                                       |       |       |       |       |       +--no:  f22 > 0.3584330081939697
        |       |                                       |       |       |       |       |               +--yes: noHateSpeech [5]
        |       |                                       |       |       |       |       |               +--no:  f48 > 0.37033510208129883
        |       |                                       |       |       |       |       |                       +--yes: noHateSpeech [5]
        |       |                                       |       |       |       |       |                       +--no:  noHateSpeech [174]
        |       |                                       |       |       |       |       +--no:  noHateSpeech [12]
        |       |                                       |       |       |       +--no:  noHateSpeech [6]
        |       |                                       |       |       +--no:  noHateSpeech [5]
        |       |                                       |       +--no:  noHateSpeech [6]
        |       |                                       +--no:  noHateSpeech [7]
        |       +--no:  f173 > 0.05849942937493324
        |               +--yes: f216 > -0.22850656509399414
        |               |       +--yes: noHateSpeech [53]
        |               |       +--no:  Hatespeech,noHateSpeech [10]
        |               +--no:  noHateSpeech [251]
        +--no:  f214 > 0.4979536831378937
                +--yes: f205 > -0.255442351102829
                |       +--yes: f52 > 0.15163028240203857
                |       |       +--yes: f138 > -0.0951944962143898
                |       |       |       +--yes: Women [11]
                |       |       |       +--no:  noHateSpeech [6]
                |       |       +--no:  f9 > 0.17227399349212646
                |       |               +--yes: noHateSpeech [38]
                |       |               +--no:  f281 > 0.14158035814762115
                |       |                       +--yes: noHateSpeech [15]
                |       |                       +--no:  f82 > -0.17217811942100525
                |       |                               +--yes: f58 > 0.29413941502571106
                |       |                               |       +--yes: noHateSpeech [7]
                |       |                               |       +--no:  f61 > 0.34322118759155273
                |       |                               |               +--yes: noHateSpeech [5]
                |       |                               |               +--no:  noHateSpeech [105]
                |       |                               +--no:  Hatespeech,noHateSpeech [8]
                |       +--no:  Hatespeech [28]
                +--no:  f154 > -0.3296746611595154
                        +--yes: f205 > -0.4266137480735779
                        |       +--yes: f269 > -0.4936843812465668
                        |       |       +--yes: noHateSpeech [1642]
                        |       |       +--no:  Hatespeech [5]
                        |       +--no:  Migrants,Origin [7]
                        +--no:  Hatespeech [15]

T(50.0) Model
*************

f23 > 0.08717851340770721
+--yes: f118 > 0.11383900046348572
|       +--yes: f29 > -0.3464526832103729
|       |       +--yes: f103 > -0.10972148925065994
|       |       |       +--yes: f249 > -0.08584591001272202
|       |       |       |       +--yes: noHateSpeech [238]
|       |       |       |       +--no:  f111 > -0.16362664103507996
|       |       |       |               +--yes: f208 > 0.09661374986171722
|       |       |       |               |       +--yes: Hatespeech [41]
|       |       |       |               |       +--no:  f204 > -0.144244983792305
|       |       |       |               |               +--yes: noHateSpeech [30]
|       |       |       |               |               +--no:  Hatespeech [6]
|       |       |       |               +--no:  Lesbians [14]
|       |       |       +--no:  noHateSpeech [243]
|       |       +--no:  f69 > -0.137922003865242
|       |               +--yes: Lesbians [20]
|       |               +--no:  noHateSpeech [6]
|       +--no:  f260 > 0.07969687879085541
|               +--yes: f291 > -0.24463100731372833
|               |       +--yes: f53 > -0.28135499358177185
|               |       |       +--yes: f285 > 0.2892985939979553
|               |       |       |       +--yes: Hatespeech [6]
|               |       |       |       +--no:  f72 > -0.39747950434684753
|               |       |       |               +--yes: f7 > 0.11092115193605423
|               |       |       |               |       +--yes: noHateSpeech [89]
|               |       |       |               |       +--no:  f153 > -0.1847943365573883
|               |       |       |               |               +--yes: f49 > 0.2880856692790985
|               |       |       |               |               |       +--yes: Hatespeech [5]
|               |       |       |               |               |       +--no:  f26 > -0.4348383843898773
|               |       |       |               |               |               +--yes: f203 > 0.24190042912960052
|               |       |       |               |               |               |       +--yes: f225 > 0.19769300520420074
|               |       |       |               |               |               |       |       +--yes: Hatespeech [5]
|               |       |       |               |               |               |       |       +--no:  noHateSpeech [19]
|               |       |       |               |               |               |       +--no:  f184 > 0.2176276594400406
|               |       |       |               |               |               |               +--yes: noHateSpeech [5]
|               |       |       |               |               |               |               +--no:  f18 > 0.28749600052833557
|               |       |       |               |               |               |                       +--yes: noHateSpeech [11]
|               |       |       |               |               |               |                       +--no:  f246 > 0.34102073311805725
|               |       |       |               |               |               |                               +--yes: noHateSpeech [8]
|               |       |       |               |               |               |                               +--no:  f198 > -0.22512555122375488
|               |       |       |               |               |               |                                       +--yes: f117 > -0.282640665769577
|               |       |       |               |               |               |                                       |       +--yes: f227 > -0.22659732401371002
|               |       |       |               |               |               |                                       |       |       +--yes: noHateSpeech [238]
|               |       |       |               |               |               |                                       |       |       +--no:  noHateSpeech [7]
|               |       |       |               |               |               |                                       |       +--no:  noHateSpeech [5]
|               |       |       |               |               |               |                                       +--no:  noHateSpeech [20]
|               |       |       |               |               |               +--no:  noHateSpeech [14]
|               |       |       |               |               +--no:  f153 > -0.19899366796016693
|               |       |       |               |                       +--yes: Hatespeech [11]
|               |       |       |               |                       +--no:  f56 > -0.04195483401417732
|               |       |       |               |                               +--yes: noHateSpeech [36]
|               |       |       |               |                               +--no:  Hatespeech [11]
|               |       |       |               +--no:  Hatespeech [5]
|               |       |       +--no:  Hatespeech [19]
|               |       +--no:  Sexism [5]
|               +--no:  f6 > -0.23620299994945526
|                       +--yes: f257 > 0.2940434217453003
|                       |       +--yes: Hatespeech,noHateSpeech [62]
|                       |       +--no:  noHateSpeech [368]
|                       +--no:  Hatespeech [13]
+--no:  f8 > 0.01672549918293953
        +--yes: f230 > -0.17901751399040222
        |       +--yes: f31 > 0.21898040175437927
        |       |       +--yes: noHateSpeech [96]
        |       |       +--no:  f129 > 0.393354594707489
        |       |               +--yes: Sexism [6]
        |       |               +--no:  f144 > -0.12988123297691345
        |       |                       +--yes: noHateSpeech [1544]
        |       |                       +--no:  f140 > 0.0751740038394928
        |       |                               +--yes: noHateSpeech [31]
        |       |                               +--no:  f60 > -0.29667073488235474
        |       |                                       +--yes: f3 > -0.27944236993789673
        |       |                                       |       +--yes: f203 > -0.21304064989089966
        |       |                                       |       |       +--yes: f69 > -0.26202088594436646
        |       |                                       |       |       |       +--yes: f150 > -0.09083691239356995
        |       |                                       |       |       |       |       +--yes: f77 > 0.21881063282489777
        |       |                                       |       |       |       |       |       +--yes: noHateSpeech [5]
        |       |                                       |       |       |       |       |       +--no:  f22 > 0.3584330081939697
        |       |                                       |       |       |       |       |               +--yes: noHateSpeech [5]
        |       |                                       |       |       |       |       |               +--no:  f48 > 0.37033510208129883
        |       |                                       |       |       |       |       |                       +--yes: noHateSpeech [5]
        |       |                                       |       |       |       |       |                       +--no:  noHateSpeech [174]
        |       |                                       |       |       |       |       +--no:  noHateSpeech [12]
        |       |                                       |       |       |       +--no:  noHateSpeech [6]
        |       |                                       |       |       +--no:  noHateSpeech [5]
        |       |                                       |       +--no:  noHateSpeech [6]
        |       |                                       +--no:  noHateSpeech [7]
        |       +--no:  f173 > 0.05849942937493324
        |               +--yes: f216 > -0.22850656509399414
        |               |       +--yes: noHateSpeech [53]
        |               |       +--no:  Hatespeech,noHateSpeech [10]
        |               +--no:  noHateSpeech [251]
        +--no:  f214 > 0.4979536831378937
                +--yes: f205 > -0.255442351102829
                |       +--yes: f52 > 0.15163028240203857
                |       |       +--yes: f138 > -0.0951944962143898
                |       |       |       +--yes: Women [11]
                |       |       |       +--no:  noHateSpeech [6]
                |       |       +--no:  f9 > 0.17227399349212646
                |       |               +--yes: noHateSpeech [38]
                |       |               +--no:  f281 > 0.14158035814762115
                |       |                       +--yes: noHateSpeech [15]
                |       |                       +--no:  f82 > -0.17217811942100525
                |       |                               +--yes: f58 > 0.29413941502571106
                |       |                               |       +--yes: noHateSpeech [7]
                |       |                               |       +--no:  f61 > 0.34322118759155273
                |       |                               |               +--yes: noHateSpeech [5]
                |       |                               |               +--no:  noHateSpeech [105]
                |       |                               +--no:  Hatespeech,noHateSpeech [8]
                |       +--no:  Hatespeech [28]
                +--no:  f154 > -0.3296746611595154
                        +--yes: f205 > -0.4266137480735779
                        |       +--yes: f269 > -0.4936843812465668
                        |       |       +--yes: noHateSpeech [1642]
                        |       |       +--no:  Hatespeech [5]
                        |       +--no:  Migrants,Origin [7]
                        +--no:  Hatespeech [15]

T(52.0) Model
*************

f23 > 0.08717851340770721
+--yes: f118 > 0.11383900046348572
|       +--yes: f29 > -0.3464526832103729
|       |       +--yes: f103 > -0.10972148925065994
|       |       |       +--yes: f249 > -0.08584591001272202
|       |       |       |       +--yes: noHateSpeech [238]
|       |       |       |       +--no:  f111 > -0.16362664103507996
|       |       |       |               +--yes: f208 > 0.09661374986171722
|       |       |       |               |       +--yes: Hatespeech [41]
|       |       |       |               |       +--no:  f204 > -0.144244983792305
|       |       |       |               |               +--yes: noHateSpeech [30]
|       |       |       |               |               +--no:  Hatespeech [6]
|       |       |       |               +--no:  Lesbians [14]
|       |       |       +--no:  noHateSpeech [243]
|       |       +--no:  f69 > -0.137922003865242
|       |               +--yes: Lesbians [20]
|       |               +--no:  noHateSpeech [6]
|       +--no:  f260 > 0.07969687879085541
|               +--yes: f291 > -0.24463100731372833
|               |       +--yes: f53 > -0.28135499358177185
|               |       |       +--yes: f285 > 0.2892985939979553
|               |       |       |       +--yes: Hatespeech [6]
|               |       |       |       +--no:  f72 > -0.39747950434684753
|               |       |       |               +--yes: f7 > 0.11092115193605423
|               |       |       |               |       +--yes: noHateSpeech [89]
|               |       |       |               |       +--no:  f153 > -0.1847943365573883
|               |       |       |               |               +--yes: f49 > 0.2880856692790985
|               |       |       |               |               |       +--yes: Hatespeech [5]
|               |       |       |               |               |       +--no:  f26 > -0.4348383843898773
|               |       |       |               |               |               +--yes: f203 > 0.24190042912960052
|               |       |       |               |               |               |       +--yes: f225 > 0.19769300520420074
|               |       |       |               |               |               |       |       +--yes: Hatespeech [5]
|               |       |       |               |               |               |       |       +--no:  noHateSpeech [19]
|               |       |       |               |               |               |       +--no:  f184 > 0.2176276594400406
|               |       |       |               |               |               |               +--yes: noHateSpeech [5]
|               |       |       |               |               |               |               +--no:  f18 > 0.28749600052833557
|               |       |       |               |               |               |                       +--yes: noHateSpeech [11]
|               |       |       |               |               |               |                       +--no:  f246 > 0.34102073311805725
|               |       |       |               |               |               |                               +--yes: noHateSpeech [8]
|               |       |       |               |               |               |                               +--no:  f198 > -0.22512555122375488
|               |       |       |               |               |               |                                       +--yes: f117 > -0.282640665769577
|               |       |       |               |               |               |                                       |       +--yes: f227 > -0.22659732401371002
|               |       |       |               |               |               |                                       |       |       +--yes: noHateSpeech [238]
|               |       |       |               |               |               |                                       |       |       +--no:  noHateSpeech [7]
|               |       |       |               |               |               |                                       |       +--no:  noHateSpeech [5]
|               |       |       |               |               |               |                                       +--no:  noHateSpeech [20]
|               |       |       |               |               |               +--no:  noHateSpeech [14]
|               |       |       |               |               +--no:  f153 > -0.19899366796016693
|               |       |       |               |                       +--yes: Hatespeech [11]
|               |       |       |               |                       +--no:  f56 > -0.04195483401417732
|               |       |       |               |                               +--yes: noHateSpeech [36]
|               |       |       |               |                               +--no:  Hatespeech [11]
|               |       |       |               +--no:  Hatespeech [5]
|               |       |       +--no:  Hatespeech [19]
|               |       +--no:  Sexism [5]
|               +--no:  f6 > -0.23620299994945526
|                       +--yes: f257 > 0.2940434217453003
|                       |       +--yes: none [62]
|                       |       +--no:  noHateSpeech [368]
|                       +--no:  Hatespeech [13]
+--no:  f8 > 0.01672549918293953
        +--yes: f230 > -0.17901751399040222
        |       +--yes: f31 > 0.21898040175437927
        |       |       +--yes: noHateSpeech [96]
        |       |       +--no:  f129 > 0.393354594707489
        |       |               +--yes: Hatespeech [6]
        |       |               +--no:  f144 > -0.12988123297691345
        |       |                       +--yes: noHateSpeech [1544]
        |       |                       +--no:  f140 > 0.0751740038394928
        |       |                               +--yes: noHateSpeech [31]
        |       |                               +--no:  f60 > -0.29667073488235474
        |       |                                       +--yes: f3 > -0.27944236993789673
        |       |                                       |       +--yes: f203 > -0.21304064989089966
        |       |                                       |       |       +--yes: f69 > -0.26202088594436646
        |       |                                       |       |       |       +--yes: f150 > -0.09083691239356995
        |       |                                       |       |       |       |       +--yes: f77 > 0.21881063282489777
        |       |                                       |       |       |       |       |       +--yes: noHateSpeech [5]
        |       |                                       |       |       |       |       |       +--no:  f22 > 0.3584330081939697
        |       |                                       |       |       |       |       |               +--yes: noHateSpeech [5]
        |       |                                       |       |       |       |       |               +--no:  f48 > 0.37033510208129883
        |       |                                       |       |       |       |       |                       +--yes: noHateSpeech [5]
        |       |                                       |       |       |       |       |                       +--no:  noHateSpeech [174]
        |       |                                       |       |       |       |       +--no:  noHateSpeech [12]
        |       |                                       |       |       |       +--no:  noHateSpeech [6]
        |       |                                       |       |       +--no:  noHateSpeech [5]
        |       |                                       |       +--no:  noHateSpeech [6]
        |       |                                       +--no:  noHateSpeech [7]
        |       +--no:  f173 > 0.05849942937493324
        |               +--yes: f216 > -0.22850656509399414
        |               |       +--yes: noHateSpeech [53]
        |               |       +--no:  none [10]
        |               +--no:  noHateSpeech [251]
        +--no:  f214 > 0.4979536831378937
                +--yes: f205 > -0.255442351102829
                |       +--yes: f52 > 0.15163028240203857
                |       |       +--yes: f138 > -0.0951944962143898
                |       |       |       +--yes: Women [11]
                |       |       |       +--no:  noHateSpeech [6]
                |       |       +--no:  f9 > 0.17227399349212646
                |       |               +--yes: noHateSpeech [38]
                |       |               +--no:  f281 > 0.14158035814762115
                |       |                       +--yes: noHateSpeech [15]
                |       |                       +--no:  f82 > -0.17217811942100525
                |       |                               +--yes: f58 > 0.29413941502571106
                |       |                               |       +--yes: noHateSpeech [7]
                |       |                               |       +--no:  f61 > 0.34322118759155273
                |       |                               |               +--yes: noHateSpeech [5]
                |       |                               |               +--no:  noHateSpeech [105]
                |       |                               +--no:  none [8]
                |       +--no:  Hatespeech [28]
                +--no:  f154 > -0.3296746611595154
                        +--yes: f205 > -0.4266137480735779
                        |       +--yes: f269 > -0.4936843812465668
                        |       |       +--yes: noHateSpeech [1642]
                        |       |       +--no:  Hatespeech [5]
                        |       +--no:  Migrants,Origin [7]
                        +--no:  Hatespeech [15]

T(54.0) Model
*************

f23 > 0.08717851340770721
+--yes: f118 > 0.11383900046348572
|       +--yes: f29 > -0.3464526832103729
|       |       +--yes: f103 > -0.10972148925065994
|       |       |       +--yes: f249 > -0.08584591001272202
|       |       |       |       +--yes: noHateSpeech [238]
|       |       |       |       +--no:  f111 > -0.16362664103507996
|       |       |       |               +--yes: f208 > 0.09661374986171722
|       |       |       |               |       +--yes: Hatespeech [41]
|       |       |       |               |       +--no:  f204 > -0.144244983792305
|       |       |       |               |               +--yes: noHateSpeech [30]
|       |       |       |               |               +--no:  Hatespeech [6]
|       |       |       |               +--no:  Lesbians [14]
|       |       |       +--no:  noHateSpeech [243]
|       |       +--no:  f69 > -0.137922003865242
|       |               +--yes: Lesbians [20]
|       |               +--no:  noHateSpeech [6]
|       +--no:  f260 > 0.07969687879085541
|               +--yes: f291 > -0.24463100731372833
|               |       +--yes: f53 > -0.28135499358177185
|               |       |       +--yes: f285 > 0.2892985939979553
|               |       |       |       +--yes: Hatespeech [6]
|               |       |       |       +--no:  f72 > -0.39747950434684753
|               |       |       |               +--yes: f7 > 0.11092115193605423
|               |       |       |               |       +--yes: noHateSpeech [89]
|               |       |       |               |       +--no:  f153 > -0.1847943365573883
|               |       |       |               |               +--yes: f49 > 0.2880856692790985
|               |       |       |               |               |       +--yes: Hatespeech [5]
|               |       |       |               |               |       +--no:  f26 > -0.4348383843898773
|               |       |       |               |               |               +--yes: f203 > 0.24190042912960052
|               |       |       |               |               |               |       +--yes: f225 > 0.19769300520420074
|               |       |       |               |               |               |       |       +--yes: Hatespeech [5]
|               |       |       |               |               |               |       |       +--no:  noHateSpeech [19]
|               |       |       |               |               |               |       +--no:  f184 > 0.2176276594400406
|               |       |       |               |               |               |               +--yes: noHateSpeech [5]
|               |       |       |               |               |               |               +--no:  f18 > 0.28749600052833557
|               |       |       |               |               |               |                       +--yes: noHateSpeech [11]
|               |       |       |               |               |               |                       +--no:  f246 > 0.34102073311805725
|               |       |       |               |               |               |                               +--yes: noHateSpeech [8]
|               |       |       |               |               |               |                               +--no:  f198 > -0.22512555122375488
|               |       |       |               |               |               |                                       +--yes: f117 > -0.282640665769577
|               |       |       |               |               |               |                                       |       +--yes: f227 > -0.22659732401371002
|               |       |       |               |               |               |                                       |       |       +--yes: noHateSpeech [238]
|               |       |       |               |               |               |                                       |       |       +--no:  noHateSpeech [7]
|               |       |       |               |               |               |                                       |       +--no:  noHateSpeech [5]
|               |       |       |               |               |               |                                       +--no:  noHateSpeech [20]
|               |       |       |               |               |               +--no:  noHateSpeech [14]
|               |       |       |               |               +--no:  f153 > -0.19899366796016693
|               |       |       |               |                       +--yes: Hatespeech [11]
|               |       |       |               |                       +--no:  f56 > -0.04195483401417732
|               |       |       |               |                               +--yes: noHateSpeech [36]
|               |       |       |               |                               +--no:  Hatespeech [11]
|               |       |       |               +--no:  Hatespeech [5]
|               |       |       +--no:  none [19]
|               |       +--no:  Sexism [5]
|               +--no:  f6 > -0.23620299994945526
|                       +--yes: f257 > 0.2940434217453003
|                       |       +--yes: none [62]
|                       |       +--no:  noHateSpeech [368]
|                       +--no:  Hatespeech [13]
+--no:  f8 > 0.01672549918293953
        +--yes: f230 > -0.17901751399040222
        |       +--yes: f31 > 0.21898040175437927
        |       |       +--yes: noHateSpeech [96]
        |       |       +--no:  f129 > 0.393354594707489
        |       |               +--yes: Hatespeech [6]
        |       |               +--no:  f144 > -0.12988123297691345
        |       |                       +--yes: noHateSpeech [1544]
        |       |                       +--no:  f140 > 0.0751740038394928
        |       |                               +--yes: noHateSpeech [31]
        |       |                               +--no:  f60 > -0.29667073488235474
        |       |                                       +--yes: f3 > -0.27944236993789673
        |       |                                       |       +--yes: f203 > -0.21304064989089966
        |       |                                       |       |       +--yes: f69 > -0.26202088594436646
        |       |                                       |       |       |       +--yes: f150 > -0.09083691239356995
        |       |                                       |       |       |       |       +--yes: f77 > 0.21881063282489777
        |       |                                       |       |       |       |       |       +--yes: noHateSpeech [5]
        |       |                                       |       |       |       |       |       +--no:  f22 > 0.3584330081939697
        |       |                                       |       |       |       |       |               +--yes: noHateSpeech [5]
        |       |                                       |       |       |       |       |               +--no:  f48 > 0.37033510208129883
        |       |                                       |       |       |       |       |                       +--yes: noHateSpeech [5]
        |       |                                       |       |       |       |       |                       +--no:  noHateSpeech [174]
        |       |                                       |       |       |       |       +--no:  noHateSpeech [12]
        |       |                                       |       |       |       +--no:  noHateSpeech [6]
        |       |                                       |       |       +--no:  noHateSpeech [5]
        |       |                                       |       +--no:  noHateSpeech [6]
        |       |                                       +--no:  noHateSpeech [7]
        |       +--no:  f173 > 0.05849942937493324
        |               +--yes: f216 > -0.22850656509399414
        |               |       +--yes: noHateSpeech [53]
        |               |       +--no:  none [10]
        |               +--no:  noHateSpeech [251]
        +--no:  f214 > 0.4979536831378937
                +--yes: f205 > -0.255442351102829
                |       +--yes: f52 > 0.15163028240203857
                |       |       +--yes: f138 > -0.0951944962143898
                |       |       |       +--yes: Women [11]
                |       |       |       +--no:  noHateSpeech [6]
                |       |       +--no:  f9 > 0.17227399349212646
                |       |               +--yes: noHateSpeech [38]
                |       |               +--no:  f281 > 0.14158035814762115
                |       |                       +--yes: none [15]
                |       |                       +--no:  f82 > -0.17217811942100525
                |       |                               +--yes: f58 > 0.29413941502571106
                |       |                               |       +--yes: noHateSpeech [7]
                |       |                               |       +--no:  f61 > 0.34322118759155273
                |       |                               |               +--yes: noHateSpeech [5]
                |       |                               |               +--no:  noHateSpeech [105]
                |       |                               +--no:  none [8]
                |       +--no:  Hatespeech [28]
                +--no:  f154 > -0.3296746611595154
                        +--yes: f205 > -0.4266137480735779
                        |       +--yes: f269 > -0.4936843812465668
                        |       |       +--yes: noHateSpeech [1642]
                        |       |       +--no:  Hatespeech [5]
                        |       +--no:  Migrants,Origin [7]
                        +--no:  none [15]

T(56.0) Model
*************

f23 > 0.08717851340770721
+--yes: f118 > 0.11383900046348572
|       +--yes: f29 > -0.3464526832103729
|       |       +--yes: f103 > -0.10972148925065994
|       |       |       +--yes: f249 > -0.08584591001272202
|       |       |       |       +--yes: noHateSpeech [238]
|       |       |       |       +--no:  f111 > -0.16362664103507996
|       |       |       |               +--yes: f208 > 0.09661374986171722
|       |       |       |               |       +--yes: Hatespeech [41]
|       |       |       |               |       +--no:  f204 > -0.144244983792305
|       |       |       |               |               +--yes: noHateSpeech [30]
|       |       |       |               |               +--no:  Hatespeech [6]
|       |       |       |               +--no:  Lesbians [14]
|       |       |       +--no:  noHateSpeech [243]
|       |       +--no:  f69 > -0.137922003865242
|       |               +--yes: Lesbians [20]
|       |               +--no:  noHateSpeech [6]
|       +--no:  f260 > 0.07969687879085541
|               +--yes: f291 > -0.24463100731372833
|               |       +--yes: f53 > -0.28135499358177185
|               |       |       +--yes: f285 > 0.2892985939979553
|               |       |       |       +--yes: Hatespeech [6]
|               |       |       |       +--no:  f72 > -0.39747950434684753
|               |       |       |               +--yes: f7 > 0.11092115193605423
|               |       |       |               |       +--yes: noHateSpeech [89]
|               |       |       |               |       +--no:  f153 > -0.1847943365573883
|               |       |       |               |               +--yes: f49 > 0.2880856692790985
|               |       |       |               |               |       +--yes: Hatespeech [5]
|               |       |       |               |               |       +--no:  f26 > -0.4348383843898773
|               |       |       |               |               |               +--yes: f203 > 0.24190042912960052
|               |       |       |               |               |               |       +--yes: f225 > 0.19769300520420074
|               |       |       |               |               |               |       |       +--yes: Hatespeech [5]
|               |       |       |               |               |               |       |       +--no:  noHateSpeech [19]
|               |       |       |               |               |               |       +--no:  f184 > 0.2176276594400406
|               |       |       |               |               |               |               +--yes: noHateSpeech [5]
|               |       |       |               |               |               |               +--no:  f18 > 0.28749600052833557
|               |       |       |               |               |               |                       +--yes: noHateSpeech [11]
|               |       |       |               |               |               |                       +--no:  f246 > 0.34102073311805725
|               |       |       |               |               |               |                               +--yes: noHateSpeech [8]
|               |       |       |               |               |               |                               +--no:  f198 > -0.22512555122375488
|               |       |       |               |               |               |                                       +--yes: f117 > -0.282640665769577
|               |       |       |               |               |               |                                       |       +--yes: f227 > -0.22659732401371002
|               |       |       |               |               |               |                                       |       |       +--yes: noHateSpeech [238]
|               |       |       |               |               |               |                                       |       |       +--no:  noHateSpeech [7]
|               |       |       |               |               |               |                                       |       +--no:  noHateSpeech [5]
|               |       |       |               |               |               |                                       +--no:  noHateSpeech [20]
|               |       |       |               |               |               +--no:  noHateSpeech [14]
|               |       |       |               |               +--no:  f153 > -0.19899366796016693
|               |       |       |               |                       +--yes: Hatespeech [11]
|               |       |       |               |                       +--no:  f56 > -0.04195483401417732
|               |       |       |               |                               +--yes: noHateSpeech [36]
|               |       |       |               |                               +--no:  none [11]
|               |       |       |               +--no:  Hatespeech [5]
|               |       |       +--no:  none [19]
|               |       +--no:  Sexism [5]
|               +--no:  f6 > -0.23620299994945526
|                       +--yes: f257 > 0.2940434217453003
|                       |       +--yes: none [62]
|                       |       +--no:  noHateSpeech [368]
|                       +--no:  Hatespeech [13]
+--no:  f8 > 0.01672549918293953
        +--yes: f230 > -0.17901751399040222
        |       +--yes: f31 > 0.21898040175437927
        |       |       +--yes: noHateSpeech [96]
        |       |       +--no:  f129 > 0.393354594707489
        |       |               +--yes: Hatespeech [6]
        |       |               +--no:  f144 > -0.12988123297691345
        |       |                       +--yes: noHateSpeech [1544]
        |       |                       +--no:  f140 > 0.0751740038394928
        |       |                               +--yes: noHateSpeech [31]
        |       |                               +--no:  f60 > -0.29667073488235474
        |       |                                       +--yes: f3 > -0.27944236993789673
        |       |                                       |       +--yes: f203 > -0.21304064989089966
        |       |                                       |       |       +--yes: f69 > -0.26202088594436646
        |       |                                       |       |       |       +--yes: f150 > -0.09083691239356995
        |       |                                       |       |       |       |       +--yes: f77 > 0.21881063282489777
        |       |                                       |       |       |       |       |       +--yes: noHateSpeech [5]
        |       |                                       |       |       |       |       |       +--no:  f22 > 0.3584330081939697
        |       |                                       |       |       |       |       |               +--yes: noHateSpeech [5]
        |       |                                       |       |       |       |       |               +--no:  f48 > 0.37033510208129883
        |       |                                       |       |       |       |       |                       +--yes: noHateSpeech [5]
        |       |                                       |       |       |       |       |                       +--no:  noHateSpeech [174]
        |       |                                       |       |       |       |       +--no:  noHateSpeech [12]
        |       |                                       |       |       |       +--no:  noHateSpeech [6]
        |       |                                       |       |       +--no:  noHateSpeech [5]
        |       |                                       |       +--no:  noHateSpeech [6]
        |       |                                       +--no:  noHateSpeech [7]
        |       +--no:  f173 > 0.05849942937493324
        |               +--yes: f216 > -0.22850656509399414
        |               |       +--yes: noHateSpeech [53]
        |               |       +--no:  none [10]
        |               +--no:  noHateSpeech [251]
        +--no:  f214 > 0.4979536831378937
                +--yes: f205 > -0.255442351102829
                |       +--yes: f52 > 0.15163028240203857
                |       |       +--yes: f138 > -0.0951944962143898
                |       |       |       +--yes: Sexism [11]
                |       |       |       +--no:  noHateSpeech [6]
                |       |       +--no:  f9 > 0.17227399349212646
                |       |               +--yes: noHateSpeech [38]
                |       |               +--no:  f281 > 0.14158035814762115
                |       |                       +--yes: none [15]
                |       |                       +--no:  f82 > -0.17217811942100525
                |       |                               +--yes: f58 > 0.29413941502571106
                |       |                               |       +--yes: noHateSpeech [7]
                |       |                               |       +--no:  f61 > 0.34322118759155273
                |       |                               |               +--yes: noHateSpeech [5]
                |       |                               |               +--no:  noHateSpeech [105]
                |       |                               +--no:  none [8]
                |       +--no:  Hatespeech [28]
                +--no:  f154 > -0.3296746611595154
                        +--yes: f205 > -0.4266137480735779
                        |       +--yes: f269 > -0.4936843812465668
                        |       |       +--yes: noHateSpeech [1642]
                        |       |       +--no:  Hatespeech [5]
                        |       +--no:  Migrants,Origin [7]
                        +--no:  none [15]

T(58.0) Model
*************

f23 > 0.08717851340770721
+--yes: f118 > 0.11383900046348572
|       +--yes: f29 > -0.3464526832103729
|       |       +--yes: f103 > -0.10972148925065994
|       |       |       +--yes: f249 > -0.08584591001272202
|       |       |       |       +--yes: noHateSpeech [238]
|       |       |       |       +--no:  f111 > -0.16362664103507996
|       |       |       |               +--yes: f208 > 0.09661374986171722
|       |       |       |               |       +--yes: Hatespeech [41]
|       |       |       |               |       +--no:  f204 > -0.144244983792305
|       |       |       |               |               +--yes: noHateSpeech [30]
|       |       |       |               |               +--no:  Hatespeech [6]
|       |       |       |               +--no:  Lesbians [14]
|       |       |       +--no:  none [243]
|       |       +--no:  f69 > -0.137922003865242
|       |               +--yes: Lesbians [20]
|       |               +--no:  noHateSpeech [6]
|       +--no:  f260 > 0.07969687879085541
|               +--yes: f291 > -0.24463100731372833
|               |       +--yes: f53 > -0.28135499358177185
|               |       |       +--yes: f285 > 0.2892985939979553
|               |       |       |       +--yes: Hatespeech [6]
|               |       |       |       +--no:  f72 > -0.39747950434684753
|               |       |       |               +--yes: f7 > 0.11092115193605423
|               |       |       |               |       +--yes: noHateSpeech [89]
|               |       |       |               |       +--no:  f153 > -0.1847943365573883
|               |       |       |               |               +--yes: f49 > 0.2880856692790985
|               |       |       |               |               |       +--yes: Hatespeech [5]
|               |       |       |               |               |       +--no:  f26 > -0.4348383843898773
|               |       |       |               |               |               +--yes: f203 > 0.24190042912960052
|               |       |       |               |               |               |       +--yes: f225 > 0.19769300520420074
|               |       |       |               |               |               |       |       +--yes: Hatespeech [5]
|               |       |       |               |               |               |       |       +--no:  noHateSpeech [19]
|               |       |       |               |               |               |       +--no:  f184 > 0.2176276594400406
|               |       |       |               |               |               |               +--yes: noHateSpeech [5]
|               |       |       |               |               |               |               +--no:  f18 > 0.28749600052833557
|               |       |       |               |               |               |                       +--yes: noHateSpeech [11]
|               |       |       |               |               |               |                       +--no:  f246 > 0.34102073311805725
|               |       |       |               |               |               |                               +--yes: noHateSpeech [8]
|               |       |       |               |               |               |                               +--no:  f198 > -0.22512555122375488
|               |       |       |               |               |               |                                       +--yes: f117 > -0.282640665769577
|               |       |       |               |               |               |                                       |       +--yes: f227 > -0.22659732401371002
|               |       |       |               |               |               |                                       |       |       +--yes: noHateSpeech [238]
|               |       |       |               |               |               |                                       |       |       +--no:  noHateSpeech [7]
|               |       |       |               |               |               |                                       |       +--no:  noHateSpeech [5]
|               |       |       |               |               |               |                                       +--no:  noHateSpeech [20]
|               |       |       |               |               |               +--no:  noHateSpeech [14]
|               |       |       |               |               +--no:  f153 > -0.19899366796016693
|               |       |       |               |                       +--yes: Hatespeech [11]
|               |       |       |               |                       +--no:  f56 > -0.04195483401417732
|               |       |       |               |                               +--yes: noHateSpeech [36]
|               |       |       |               |                               +--no:  none [11]
|               |       |       |               +--no:  Hatespeech [5]
|               |       |       +--no:  none [19]
|               |       +--no:  Sexism [5]
|               +--no:  f6 > -0.23620299994945526
|                       +--yes: f257 > 0.2940434217453003
|                       |       +--yes: none [62]
|                       |       +--no:  noHateSpeech [368]
|                       +--no:  Hatespeech [13]
+--no:  f8 > 0.01672549918293953
        +--yes: f230 > -0.17901751399040222
        |       +--yes: f31 > 0.21898040175437927
        |       |       +--yes: noHateSpeech [96]
        |       |       +--no:  f129 > 0.393354594707489
        |       |               +--yes: Hatespeech [6]
        |       |               +--no:  f144 > -0.12988123297691345
        |       |                       +--yes: noHateSpeech [1544]
        |       |                       +--no:  f140 > 0.0751740038394928
        |       |                               +--yes: noHateSpeech [31]
        |       |                               +--no:  f60 > -0.29667073488235474
        |       |                                       +--yes: f3 > -0.27944236993789673
        |       |                                       |       +--yes: f203 > -0.21304064989089966
        |       |                                       |       |       +--yes: f69 > -0.26202088594436646
        |       |                                       |       |       |       +--yes: f150 > -0.09083691239356995
        |       |                                       |       |       |       |       +--yes: f77 > 0.21881063282489777
        |       |                                       |       |       |       |       |       +--yes: noHateSpeech [5]
        |       |                                       |       |       |       |       |       +--no:  f22 > 0.3584330081939697
        |       |                                       |       |       |       |       |               +--yes: noHateSpeech [5]
        |       |                                       |       |       |       |       |               +--no:  f48 > 0.37033510208129883
        |       |                                       |       |       |       |       |                       +--yes: noHateSpeech [5]
        |       |                                       |       |       |       |       |                       +--no:  noHateSpeech [174]
        |       |                                       |       |       |       |       +--no:  noHateSpeech [12]
        |       |                                       |       |       |       +--no:  noHateSpeech [6]
        |       |                                       |       |       +--no:  noHateSpeech [5]
        |       |                                       |       +--no:  noHateSpeech [6]
        |       |                                       +--no:  none [7]
        |       +--no:  f173 > 0.05849942937493324
        |               +--yes: f216 > -0.22850656509399414
        |               |       +--yes: noHateSpeech [53]
        |               |       +--no:  none [10]
        |               +--no:  noHateSpeech [251]
        +--no:  f214 > 0.4979536831378937
                +--yes: f205 > -0.255442351102829
                |       +--yes: f52 > 0.15163028240203857
                |       |       +--yes: f138 > -0.0951944962143898
                |       |       |       +--yes: Sexism [11]
                |       |       |       +--no:  noHateSpeech [6]
                |       |       +--no:  f9 > 0.17227399349212646
                |       |               +--yes: none [38]
                |       |               +--no:  f281 > 0.14158035814762115
                |       |                       +--yes: none [15]
                |       |                       +--no:  f82 > -0.17217811942100525
                |       |                               +--yes: f58 > 0.29413941502571106
                |       |                               |       +--yes: none [7]
                |       |                               |       +--no:  f61 > 0.34322118759155273
                |       |                               |               +--yes: noHateSpeech [5]
                |       |                               |               +--no:  noHateSpeech [105]
                |       |                               +--no:  none [8]
                |       +--no:  Hatespeech [28]
                +--no:  f154 > -0.3296746611595154
                        +--yes: f205 > -0.4266137480735779
                        |       +--yes: f269 > -0.4936843812465668
                        |       |       +--yes: noHateSpeech [1642]
                        |       |       +--no:  Hatespeech [5]
                        |       +--no:  none [7]
                        +--no:  none [15]

T(60.0) Model
*************

f23 > 0.08717851340770721
+--yes: f118 > 0.11383900046348572
|       +--yes: f29 > -0.3464526832103729
|       |       +--yes: f103 > -0.10972148925065994
|       |       |       +--yes: f249 > -0.08584591001272202
|       |       |       |       +--yes: noHateSpeech [238]
|       |       |       |       +--no:  f111 > -0.16362664103507996
|       |       |       |               +--yes: f208 > 0.09661374986171722
|       |       |       |               |       +--yes: Hatespeech [41]
|       |       |       |               |       +--no:  f204 > -0.144244983792305
|       |       |       |               |               +--yes: noHateSpeech [30]
|       |       |       |               |               +--no:  Hatespeech [6]
|       |       |       |               +--no:  Lesbians [14]
|       |       |       +--no:  none [243]
|       |       +--no:  f69 > -0.137922003865242
|       |               +--yes: Lesbians [20]
|       |               +--no:  noHateSpeech [6]
|       +--no:  f260 > 0.07969687879085541
|               +--yes: f291 > -0.24463100731372833
|               |       +--yes: f53 > -0.28135499358177185
|               |       |       +--yes: f285 > 0.2892985939979553
|               |       |       |       +--yes: Hatespeech [6]
|               |       |       |       +--no:  f72 > -0.39747950434684753
|               |       |       |               +--yes: f7 > 0.11092115193605423
|               |       |       |               |       +--yes: noHateSpeech [89]
|               |       |       |               |       +--no:  f153 > -0.1847943365573883
|               |       |       |               |               +--yes: f49 > 0.2880856692790985
|               |       |       |               |               |       +--yes: Hatespeech [5]
|               |       |       |               |               |       +--no:  f26 > -0.4348383843898773
|               |       |       |               |               |               +--yes: f203 > 0.24190042912960052
|               |       |       |               |               |               |       +--yes: f225 > 0.19769300520420074
|               |       |       |               |               |               |       |       +--yes: Hatespeech [5]
|               |       |       |               |               |               |       |       +--no:  noHateSpeech [19]
|               |       |       |               |               |               |       +--no:  f184 > 0.2176276594400406
|               |       |       |               |               |               |               +--yes: noHateSpeech [5]
|               |       |       |               |               |               |               +--no:  f18 > 0.28749600052833557
|               |       |       |               |               |               |                       +--yes: noHateSpeech [11]
|               |       |       |               |               |               |                       +--no:  f246 > 0.34102073311805725
|               |       |       |               |               |               |                               +--yes: noHateSpeech [8]
|               |       |       |               |               |               |                               +--no:  f198 > -0.22512555122375488
|               |       |       |               |               |               |                                       +--yes: f117 > -0.282640665769577
|               |       |       |               |               |               |                                       |       +--yes: f227 > -0.22659732401371002
|               |       |       |               |               |               |                                       |       |       +--yes: noHateSpeech [238]
|               |       |       |               |               |               |                                       |       |       +--no:  noHateSpeech [7]
|               |       |       |               |               |               |                                       |       +--no:  noHateSpeech [5]
|               |       |       |               |               |               |                                       +--no:  noHateSpeech [20]
|               |       |       |               |               |               +--no:  noHateSpeech [14]
|               |       |       |               |               +--no:  f153 > -0.19899366796016693
|               |       |       |               |                       +--yes: Hatespeech [11]
|               |       |       |               |                       +--no:  f56 > -0.04195483401417732
|               |       |       |               |                               +--yes: noHateSpeech [36]
|               |       |       |               |                               +--no:  none [11]
|               |       |       |               +--no:  Hatespeech [5]
|               |       |       +--no:  none [19]
|               |       +--no:  Sexism [5]
|               +--no:  f6 > -0.23620299994945526
|                       +--yes: f257 > 0.2940434217453003
|                       |       +--yes: none [62]
|                       |       +--no:  noHateSpeech [368]
|                       +--no:  Hatespeech [13]
+--no:  f8 > 0.01672549918293953
        +--yes: f230 > -0.17901751399040222
        |       +--yes: f31 > 0.21898040175437927
        |       |       +--yes: noHateSpeech [96]
        |       |       +--no:  f129 > 0.393354594707489
        |       |               +--yes: Hatespeech [6]
        |       |               +--no:  f144 > -0.12988123297691345
        |       |                       +--yes: noHateSpeech [1544]
        |       |                       +--no:  f140 > 0.0751740038394928
        |       |                               +--yes: noHateSpeech [31]
        |       |                               +--no:  f60 > -0.29667073488235474
        |       |                                       +--yes: f3 > -0.27944236993789673
        |       |                                       |       +--yes: f203 > -0.21304064989089966
        |       |                                       |       |       +--yes: f69 > -0.26202088594436646
        |       |                                       |       |       |       +--yes: f150 > -0.09083691239356995
        |       |                                       |       |       |       |       +--yes: f77 > 0.21881063282489777
        |       |                                       |       |       |       |       |       +--yes: noHateSpeech [5]
        |       |                                       |       |       |       |       |       +--no:  f22 > 0.3584330081939697
        |       |                                       |       |       |       |       |               +--yes: noHateSpeech [5]
        |       |                                       |       |       |       |       |               +--no:  f48 > 0.37033510208129883
        |       |                                       |       |       |       |       |                       +--yes: noHateSpeech [5]
        |       |                                       |       |       |       |       |                       +--no:  noHateSpeech [174]
        |       |                                       |       |       |       |       +--no:  noHateSpeech [12]
        |       |                                       |       |       |       +--no:  noHateSpeech [6]
        |       |                                       |       |       +--no:  noHateSpeech [5]
        |       |                                       |       +--no:  noHateSpeech [6]
        |       |                                       +--no:  none [7]
        |       +--no:  f173 > 0.05849942937493324
        |               +--yes: f216 > -0.22850656509399414
        |               |       +--yes: noHateSpeech [53]
        |               |       +--no:  none [10]
        |               +--no:  noHateSpeech [251]
        +--no:  f214 > 0.4979536831378937
                +--yes: f205 > -0.255442351102829
                |       +--yes: f52 > 0.15163028240203857
                |       |       +--yes: f138 > -0.0951944962143898
                |       |       |       +--yes: Sexism [11]
                |       |       |       +--no:  noHateSpeech [6]
                |       |       +--no:  f9 > 0.17227399349212646
                |       |               +--yes: none [38]
                |       |               +--no:  f281 > 0.14158035814762115
                |       |                       +--yes: none [15]
                |       |                       +--no:  f82 > -0.17217811942100525
                |       |                               +--yes: f58 > 0.29413941502571106
                |       |                               |       +--yes: none [7]
                |       |                               |       +--no:  f61 > 0.34322118759155273
                |       |                               |               +--yes: noHateSpeech [5]
                |       |                               |               +--no:  noHateSpeech [105]
                |       |                               +--no:  none [8]
                |       +--no:  Hatespeech [28]
                +--no:  f154 > -0.3296746611595154
                        +--yes: f205 > -0.4266137480735779
                        |       +--yes: f269 > -0.4936843812465668
                        |       |       +--yes: noHateSpeech [1642]
                        |       |       +--no:  Hatespeech [5]
                        |       +--no:  none [7]
                        +--no:  none [15]

T(62.0) Model
*************

f23 > 0.08717851340770721
+--yes: f118 > 0.11383900046348572
|       +--yes: f29 > -0.3464526832103729
|       |       +--yes: f103 > -0.10972148925065994
|       |       |       +--yes: f249 > -0.08584591001272202
|       |       |       |       +--yes: noHateSpeech [238]
|       |       |       |       +--no:  f111 > -0.16362664103507996
|       |       |       |               +--yes: f208 > 0.09661374986171722
|       |       |       |               |       +--yes: Hatespeech [41]
|       |       |       |               |       +--no:  f204 > -0.144244983792305
|       |       |       |               |               +--yes: noHateSpeech [30]
|       |       |       |               |               +--no:  Hatespeech [6]
|       |       |       |               +--no:  Lesbians [14]
|       |       |       +--no:  none [243]
|       |       +--no:  f69 > -0.137922003865242
|       |               +--yes: Lesbians [20]
|       |               +--no:  noHateSpeech [6]
|       +--no:  f260 > 0.07969687879085541
|               +--yes: f291 > -0.24463100731372833
|               |       +--yes: f53 > -0.28135499358177185
|               |       |       +--yes: f285 > 0.2892985939979553
|               |       |       |       +--yes: Hatespeech [6]
|               |       |       |       +--no:  f72 > -0.39747950434684753
|               |       |       |               +--yes: f7 > 0.11092115193605423
|               |       |       |               |       +--yes: noHateSpeech [89]
|               |       |       |               |       +--no:  f153 > -0.1847943365573883
|               |       |       |               |               +--yes: f49 > 0.2880856692790985
|               |       |       |               |               |       +--yes: none [5]
|               |       |       |               |               |       +--no:  f26 > -0.4348383843898773
|               |       |       |               |               |               +--yes: f203 > 0.24190042912960052
|               |       |       |               |               |               |       +--yes: f225 > 0.19769300520420074
|               |       |       |               |               |               |       |       +--yes: Hatespeech [5]
|               |       |       |               |               |               |       |       +--no:  noHateSpeech [19]
|               |       |       |               |               |               |       +--no:  f184 > 0.2176276594400406
|               |       |       |               |               |               |               +--yes: none [5]
|               |       |       |               |               |               |               +--no:  f18 > 0.28749600052833557
|               |       |       |               |               |               |                       +--yes: noHateSpeech [11]
|               |       |       |               |               |               |                       +--no:  f246 > 0.34102073311805725
|               |       |       |               |               |               |                               +--yes: noHateSpeech [8]
|               |       |       |               |               |               |                               +--no:  f198 > -0.22512555122375488
|               |       |       |               |               |               |                                       +--yes: f117 > -0.282640665769577
|               |       |       |               |               |               |                                       |       +--yes: f227 > -0.22659732401371002
|               |       |       |               |               |               |                                       |       |       +--yes: noHateSpeech [238]
|               |       |       |               |               |               |                                       |       |       +--no:  noHateSpeech [7]
|               |       |       |               |               |               |                                       |       +--no:  noHateSpeech [5]
|               |       |       |               |               |               |                                       +--no:  noHateSpeech [20]
|               |       |       |               |               |               +--no:  noHateSpeech [14]
|               |       |       |               |               +--no:  f153 > -0.19899366796016693
|               |       |       |               |                       +--yes: Hatespeech [11]
|               |       |       |               |                       +--no:  f56 > -0.04195483401417732
|               |       |       |               |                               +--yes: noHateSpeech [36]
|               |       |       |               |                               +--no:  none [11]
|               |       |       |               +--no:  Hatespeech [5]
|               |       |       +--no:  none [19]
|               |       +--no:  Hatespeech [5]
|               +--no:  f6 > -0.23620299994945526
|                       +--yes: f257 > 0.2940434217453003
|                       |       +--yes: none [62]
|                       |       +--no:  noHateSpeech [368]
|                       +--no:  Hatespeech [13]
+--no:  f8 > 0.01672549918293953
        +--yes: f230 > -0.17901751399040222
        |       +--yes: f31 > 0.21898040175437927
        |       |       +--yes: none [96]
        |       |       +--no:  f129 > 0.393354594707489
        |       |               +--yes: Hatespeech [6]
        |       |               +--no:  f144 > -0.12988123297691345
        |       |                       +--yes: noHateSpeech [1544]
        |       |                       +--no:  f140 > 0.0751740038394928
        |       |                               +--yes: noHateSpeech [31]
        |       |                               +--no:  f60 > -0.29667073488235474
        |       |                                       +--yes: f3 > -0.27944236993789673
        |       |                                       |       +--yes: f203 > -0.21304064989089966
        |       |                                       |       |       +--yes: f69 > -0.26202088594436646
        |       |                                       |       |       |       +--yes: f150 > -0.09083691239356995
        |       |                                       |       |       |       |       +--yes: f77 > 0.21881063282489777
        |       |                                       |       |       |       |       |       +--yes: noHateSpeech [5]
        |       |                                       |       |       |       |       |       +--no:  f22 > 0.3584330081939697
        |       |                                       |       |       |       |       |               +--yes: noHateSpeech [5]
        |       |                                       |       |       |       |       |               +--no:  f48 > 0.37033510208129883
        |       |                                       |       |       |       |       |                       +--yes: noHateSpeech [5]
        |       |                                       |       |       |       |       |                       +--no:  noHateSpeech [174]
        |       |                                       |       |       |       |       +--no:  noHateSpeech [12]
        |       |                                       |       |       |       +--no:  noHateSpeech [6]
        |       |                                       |       |       +--no:  none [5]
        |       |                                       |       +--no:  noHateSpeech [6]
        |       |                                       +--no:  none [7]
        |       +--no:  f173 > 0.05849942937493324
        |               +--yes: f216 > -0.22850656509399414
        |               |       +--yes: noHateSpeech [53]
        |               |       +--no:  none [10]
        |               +--no:  noHateSpeech [251]
        +--no:  f214 > 0.4979536831378937
                +--yes: f205 > -0.255442351102829
                |       +--yes: f52 > 0.15163028240203857
                |       |       +--yes: f138 > -0.0951944962143898
                |       |       |       +--yes: Sexism [11]
                |       |       |       +--no:  noHateSpeech [6]
                |       |       +--no:  f9 > 0.17227399349212646
                |       |               +--yes: none [38]
                |       |               +--no:  f281 > 0.14158035814762115
                |       |                       +--yes: none [15]
                |       |                       +--no:  f82 > -0.17217811942100525
                |       |                               +--yes: f58 > 0.29413941502571106
                |       |                               |       +--yes: none [7]
                |       |                               |       +--no:  f61 > 0.34322118759155273
                |       |                               |               +--yes: none [5]
                |       |                               |               +--no:  noHateSpeech [105]
                |       |                               +--no:  none [8]
                |       +--no:  Hatespeech [28]
                +--no:  f154 > -0.3296746611595154
                        +--yes: f205 > -0.4266137480735779
                        |       +--yes: f269 > -0.4936843812465668
                        |       |       +--yes: noHateSpeech [1642]
                        |       |       +--no:  Hatespeech [5]
                        |       +--no:  none [7]
                        +--no:  none [15]

T(64.0) Model
*************

f23 > 0.08717851340770721
+--yes: f118 > 0.11383900046348572
|       +--yes: f29 > -0.3464526832103729
|       |       +--yes: f103 > -0.10972148925065994
|       |       |       +--yes: f249 > -0.08584591001272202
|       |       |       |       +--yes: noHateSpeech [238]
|       |       |       |       +--no:  f111 > -0.16362664103507996
|       |       |       |               +--yes: f208 > 0.09661374986171722
|       |       |       |               |       +--yes: none [41]
|       |       |       |               |       +--no:  f204 > -0.144244983792305
|       |       |       |               |               +--yes: noHateSpeech [30]
|       |       |       |               |               +--no:  Hatespeech [6]
|       |       |       |               +--no:  Lesbians [14]
|       |       |       +--no:  none [243]
|       |       +--no:  f69 > -0.137922003865242
|       |               +--yes: Lesbians [20]
|       |               +--no:  noHateSpeech [6]
|       +--no:  f260 > 0.07969687879085541
|               +--yes: f291 > -0.24463100731372833
|               |       +--yes: f53 > -0.28135499358177185
|               |       |       +--yes: f285 > 0.2892985939979553
|               |       |       |       +--yes: Hatespeech [6]
|               |       |       |       +--no:  f72 > -0.39747950434684753
|               |       |       |               +--yes: f7 > 0.11092115193605423
|               |       |       |               |       +--yes: noHateSpeech [89]
|               |       |       |               |       +--no:  f153 > -0.1847943365573883
|               |       |       |               |               +--yes: f49 > 0.2880856692790985
|               |       |       |               |               |       +--yes: none [5]
|               |       |       |               |               |       +--no:  f26 > -0.4348383843898773
|               |       |       |               |               |               +--yes: f203 > 0.24190042912960052
|               |       |       |               |               |               |       +--yes: f225 > 0.19769300520420074
|               |       |       |               |               |               |       |       +--yes: Hatespeech [5]
|               |       |       |               |               |               |       |       +--no:  noHateSpeech [19]
|               |       |       |               |               |               |       +--no:  f184 > 0.2176276594400406
|               |       |       |               |               |               |               +--yes: none [5]
|               |       |       |               |               |               |               +--no:  f18 > 0.28749600052833557
|               |       |       |               |               |               |                       +--yes: noHateSpeech [11]
|               |       |       |               |               |               |                       +--no:  f246 > 0.34102073311805725
|               |       |       |               |               |               |                               +--yes: noHateSpeech [8]
|               |       |       |               |               |               |                               +--no:  f198 > -0.22512555122375488
|               |       |       |               |               |               |                                       +--yes: f117 > -0.282640665769577
|               |       |       |               |               |               |                                       |       +--yes: f227 > -0.22659732401371002
|               |       |       |               |               |               |                                       |       |       +--yes: noHateSpeech [238]
|               |       |       |               |               |               |                                       |       |       +--no:  noHateSpeech [7]
|               |       |       |               |               |               |                                       |       +--no:  noHateSpeech [5]
|               |       |       |               |               |               |                                       +--no:  noHateSpeech [20]
|               |       |       |               |               |               +--no:  noHateSpeech [14]
|               |       |       |               |               +--no:  f153 > -0.19899366796016693
|               |       |       |               |                       +--yes: Hatespeech [11]
|               |       |       |               |                       +--no:  f56 > -0.04195483401417732
|               |       |       |               |                               +--yes: noHateSpeech [36]
|               |       |       |               |                               +--no:  none [11]
|               |       |       |               +--no:  Hatespeech [5]
|               |       |       +--no:  none [19]
|               |       +--no:  Hatespeech [5]
|               +--no:  f6 > -0.23620299994945526
|                       +--yes: f257 > 0.2940434217453003
|                       |       +--yes: none [62]
|                       |       +--no:  noHateSpeech [368]
|                       +--no:  Hatespeech [13]
+--no:  f8 > 0.01672549918293953
        +--yes: f230 > -0.17901751399040222
        |       +--yes: f31 > 0.21898040175437927
        |       |       +--yes: none [96]
        |       |       +--no:  f129 > 0.393354594707489
        |       |               +--yes: Hatespeech [6]
        |       |               +--no:  f144 > -0.12988123297691345
        |       |                       +--yes: noHateSpeech [1544]
        |       |                       +--no:  f140 > 0.0751740038394928
        |       |                               +--yes: noHateSpeech [31]
        |       |                               +--no:  f60 > -0.29667073488235474
        |       |                                       +--yes: f3 > -0.27944236993789673
        |       |                                       |       +--yes: f203 > -0.21304064989089966
        |       |                                       |       |       +--yes: f69 > -0.26202088594436646
        |       |                                       |       |       |       +--yes: f150 > -0.09083691239356995
        |       |                                       |       |       |       |       +--yes: f77 > 0.21881063282489777
        |       |                                       |       |       |       |       |       +--yes: noHateSpeech [5]
        |       |                                       |       |       |       |       |       +--no:  f22 > 0.3584330081939697
        |       |                                       |       |       |       |       |               +--yes: noHateSpeech [5]
        |       |                                       |       |       |       |       |               +--no:  f48 > 0.37033510208129883
        |       |                                       |       |       |       |       |                       +--yes: noHateSpeech [5]
        |       |                                       |       |       |       |       |                       +--no:  noHateSpeech [174]
        |       |                                       |       |       |       |       +--no:  noHateSpeech [12]
        |       |                                       |       |       |       +--no:  noHateSpeech [6]
        |       |                                       |       |       +--no:  none [5]
        |       |                                       |       +--no:  noHateSpeech [6]
        |       |                                       +--no:  none [7]
        |       +--no:  f173 > 0.05849942937493324
        |               +--yes: f216 > -0.22850656509399414
        |               |       +--yes: noHateSpeech [53]
        |               |       +--no:  none [10]
        |               +--no:  none [251]
        +--no:  f214 > 0.4979536831378937
                +--yes: f205 > -0.255442351102829
                |       +--yes: f52 > 0.15163028240203857
                |       |       +--yes: f138 > -0.0951944962143898
                |       |       |       +--yes: Sexism [11]
                |       |       |       +--no:  noHateSpeech [6]
                |       |       +--no:  f9 > 0.17227399349212646
                |       |               +--yes: none [38]
                |       |               +--no:  f281 > 0.14158035814762115
                |       |                       +--yes: none [15]
                |       |                       +--no:  f82 > -0.17217811942100525
                |       |                               +--yes: f58 > 0.29413941502571106
                |       |                               |       +--yes: none [7]
                |       |                               |       +--no:  f61 > 0.34322118759155273
                |       |                               |               +--yes: none [5]
                |       |                               |               +--no:  noHateSpeech [105]
                |       |                               +--no:  none [8]
                |       +--no:  Hatespeech [28]
                +--no:  f154 > -0.3296746611595154
                        +--yes: f205 > -0.4266137480735779
                        |       +--yes: f269 > -0.4936843812465668
                        |       |       +--yes: noHateSpeech [1642]
                        |       |       +--no:  Hatespeech [5]
                        |       +--no:  none [7]
                        +--no:  none [15]

T(66.0) Model
*************

f23 > 0.08717851340770721
+--yes: f118 > 0.11383900046348572
|       +--yes: f29 > -0.3464526832103729
|       |       +--yes: f103 > -0.10972148925065994
|       |       |       +--yes: f249 > -0.08584591001272202
|       |       |       |       +--yes: noHateSpeech [238]
|       |       |       |       +--no:  f111 > -0.16362664103507996
|       |       |       |               +--yes: f208 > 0.09661374986171722
|       |       |       |               |       +--yes: none [41]
|       |       |       |               |       +--no:  f204 > -0.144244983792305
|       |       |       |               |               +--yes: noHateSpeech [30]
|       |       |       |               |               +--no:  Hatespeech [6]
|       |       |       |               +--no:  Lesbians [14]
|       |       |       +--no:  none [243]
|       |       +--no:  f69 > -0.137922003865242
|       |               +--yes: Lesbians [20]
|       |               +--no:  noHateSpeech [6]
|       +--no:  f260 > 0.07969687879085541
|               +--yes: f291 > -0.24463100731372833
|               |       +--yes: f53 > -0.28135499358177185
|               |       |       +--yes: f285 > 0.2892985939979553
|               |       |       |       +--yes: Hatespeech [6]
|               |       |       |       +--no:  f72 > -0.39747950434684753
|               |       |       |               +--yes: f7 > 0.11092115193605423
|               |       |       |               |       +--yes: noHateSpeech [89]
|               |       |       |               |       +--no:  f153 > -0.1847943365573883
|               |       |       |               |               +--yes: f49 > 0.2880856692790985
|               |       |       |               |               |       +--yes: none [5]
|               |       |       |               |               |       +--no:  f26 > -0.4348383843898773
|               |       |       |               |               |               +--yes: f203 > 0.24190042912960052
|               |       |       |               |               |               |       +--yes: f225 > 0.19769300520420074
|               |       |       |               |               |               |       |       +--yes: Hatespeech [5]
|               |       |       |               |               |               |       |       +--no:  noHateSpeech [19]
|               |       |       |               |               |               |       +--no:  f184 > 0.2176276594400406
|               |       |       |               |               |               |               +--yes: none [5]
|               |       |       |               |               |               |               +--no:  f18 > 0.28749600052833557
|               |       |       |               |               |               |                       +--yes: noHateSpeech [11]
|               |       |       |               |               |               |                       +--no:  f246 > 0.34102073311805725
|               |       |       |               |               |               |                               +--yes: noHateSpeech [8]
|               |       |       |               |               |               |                               +--no:  f198 > -0.22512555122375488
|               |       |       |               |               |               |                                       +--yes: f117 > -0.282640665769577
|               |       |       |               |               |               |                                       |       +--yes: f227 > -0.22659732401371002
|               |       |       |               |               |               |                                       |       |       +--yes: noHateSpeech [238]
|               |       |       |               |               |               |                                       |       |       +--no:  noHateSpeech [7]
|               |       |       |               |               |               |                                       |       +--no:  noHateSpeech [5]
|               |       |       |               |               |               |                                       +--no:  noHateSpeech [20]
|               |       |       |               |               |               +--no:  none [14]
|               |       |       |               |               +--no:  f153 > -0.19899366796016693
|               |       |       |               |                       +--yes: Hatespeech [11]
|               |       |       |               |                       +--no:  f56 > -0.04195483401417732
|               |       |       |               |                               +--yes: noHateSpeech [36]
|               |       |       |               |                               +--no:  none [11]
|               |       |       |               +--no:  Hatespeech [5]
|               |       |       +--no:  none [19]
|               |       +--no:  Hatespeech [5]
|               +--no:  f6 > -0.23620299994945526
|                       +--yes: f257 > 0.2940434217453003
|                       |       +--yes: none [62]
|                       |       +--no:  noHateSpeech [368]
|                       +--no:  Hatespeech [13]
+--no:  f8 > 0.01672549918293953
        +--yes: f230 > -0.17901751399040222
        |       +--yes: f31 > 0.21898040175437927
        |       |       +--yes: none [96]
        |       |       +--no:  f129 > 0.393354594707489
        |       |               +--yes: Hatespeech [6]
        |       |               +--no:  f144 > -0.12988123297691345
        |       |                       +--yes: noHateSpeech [1544]
        |       |                       +--no:  f140 > 0.0751740038394928
        |       |                               +--yes: noHateSpeech [31]
        |       |                               +--no:  f60 > -0.29667073488235474
        |       |                                       +--yes: f3 > -0.27944236993789673
        |       |                                       |       +--yes: f203 > -0.21304064989089966
        |       |                                       |       |       +--yes: f69 > -0.26202088594436646
        |       |                                       |       |       |       +--yes: f150 > -0.09083691239356995
        |       |                                       |       |       |       |       +--yes: f77 > 0.21881063282489777
        |       |                                       |       |       |       |       |       +--yes: noHateSpeech [5]
        |       |                                       |       |       |       |       |       +--no:  f22 > 0.3584330081939697
        |       |                                       |       |       |       |       |               +--yes: noHateSpeech [5]
        |       |                                       |       |       |       |       |               +--no:  f48 > 0.37033510208129883
        |       |                                       |       |       |       |       |                       +--yes: noHateSpeech [5]
        |       |                                       |       |       |       |       |                       +--no:  noHateSpeech [174]
        |       |                                       |       |       |       |       +--no:  noHateSpeech [12]
        |       |                                       |       |       |       +--no:  noHateSpeech [6]
        |       |                                       |       |       +--no:  none [5]
        |       |                                       |       +--no:  noHateSpeech [6]
        |       |                                       +--no:  none [7]
        |       +--no:  f173 > 0.05849942937493324
        |               +--yes: f216 > -0.22850656509399414
        |               |       +--yes: noHateSpeech [53]
        |               |       +--no:  none [10]
        |               +--no:  none [251]
        +--no:  f214 > 0.4979536831378937
                +--yes: f205 > -0.255442351102829
                |       +--yes: f52 > 0.15163028240203857
                |       |       +--yes: f138 > -0.0951944962143898
                |       |       |       +--yes: Sexism [11]
                |       |       |       +--no:  noHateSpeech [6]
                |       |       +--no:  f9 > 0.17227399349212646
                |       |               +--yes: none [38]
                |       |               +--no:  f281 > 0.14158035814762115
                |       |                       +--yes: none [15]
                |       |                       +--no:  f82 > -0.17217811942100525
                |       |                               +--yes: f58 > 0.29413941502571106
                |       |                               |       +--yes: none [7]
                |       |                               |       +--no:  f61 > 0.34322118759155273
                |       |                               |               +--yes: none [5]
                |       |                               |               +--no:  noHateSpeech [105]
                |       |                               +--no:  none [8]
                |       +--no:  none [28]
                +--no:  f154 > -0.3296746611595154
                        +--yes: f205 > -0.4266137480735779
                        |       +--yes: f269 > -0.4936843812465668
                        |       |       +--yes: noHateSpeech [1642]
                        |       |       +--no:  Hatespeech [5]
                        |       +--no:  none [7]
                        +--no:  none [15]

T(68.0) Model
*************

f23 > 0.08717851340770721
+--yes: f118 > 0.11383900046348572
|       +--yes: f29 > -0.3464526832103729
|       |       +--yes: f103 > -0.10972148925065994
|       |       |       +--yes: f249 > -0.08584591001272202
|       |       |       |       +--yes: noHateSpeech [238]
|       |       |       |       +--no:  f111 > -0.16362664103507996
|       |       |       |               +--yes: f208 > 0.09661374986171722
|       |       |       |               |       +--yes: none [41]
|       |       |       |               |       +--no:  f204 > -0.144244983792305
|       |       |       |               |               +--yes: noHateSpeech [30]
|       |       |       |               |               +--no:  none [6]
|       |       |       |               +--no:  Lesbians [14]
|       |       |       +--no:  none [243]
|       |       +--no:  f69 > -0.137922003865242
|       |               +--yes: Lesbians [20]
|       |               +--no:  noHateSpeech [6]
|       +--no:  f260 > 0.07969687879085541
|               +--yes: f291 > -0.24463100731372833
|               |       +--yes: f53 > -0.28135499358177185
|               |       |       +--yes: f285 > 0.2892985939979553
|               |       |       |       +--yes: Hatespeech [6]
|               |       |       |       +--no:  f72 > -0.39747950434684753
|               |       |       |               +--yes: f7 > 0.11092115193605423
|               |       |       |               |       +--yes: noHateSpeech [89]
|               |       |       |               |       +--no:  f153 > -0.1847943365573883
|               |       |       |               |               +--yes: f49 > 0.2880856692790985
|               |       |       |               |               |       +--yes: none [5]
|               |       |       |               |               |       +--no:  f26 > -0.4348383843898773
|               |       |       |               |               |               +--yes: f203 > 0.24190042912960052
|               |       |       |               |               |               |       +--yes: f225 > 0.19769300520420074
|               |       |       |               |               |               |       |       +--yes: Hatespeech [5]
|               |       |       |               |               |               |       |       +--no:  noHateSpeech [19]
|               |       |       |               |               |               |       +--no:  f184 > 0.2176276594400406
|               |       |       |               |               |               |               +--yes: none [5]
|               |       |       |               |               |               |               +--no:  f18 > 0.28749600052833557
|               |       |       |               |               |               |                       +--yes: noHateSpeech [11]
|               |       |       |               |               |               |                       +--no:  f246 > 0.34102073311805725
|               |       |       |               |               |               |                               +--yes: noHateSpeech [8]
|               |       |       |               |               |               |                               +--no:  f198 > -0.22512555122375488
|               |       |       |               |               |               |                                       +--yes: f117 > -0.282640665769577
|               |       |       |               |               |               |                                       |       +--yes: f227 > -0.22659732401371002
|               |       |       |               |               |               |                                       |       |       +--yes: noHateSpeech [238]
|               |       |       |               |               |               |                                       |       |       +--no:  noHateSpeech [7]
|               |       |       |               |               |               |                                       |       +--no:  noHateSpeech [5]
|               |       |       |               |               |               |                                       +--no:  noHateSpeech [20]
|               |       |       |               |               |               +--no:  none [14]
|               |       |       |               |               +--no:  f153 > -0.19899366796016693
|               |       |       |               |                       +--yes: Hatespeech [11]
|               |       |       |               |                       +--no:  f56 > -0.04195483401417732
|               |       |       |               |                               +--yes: noHateSpeech [36]
|               |       |       |               |                               +--no:  none [11]
|               |       |       |               +--no:  Hatespeech [5]
|               |       |       +--no:  none [19]
|               |       +--no:  Hatespeech [5]
|               +--no:  f6 > -0.23620299994945526
|                       +--yes: f257 > 0.2940434217453003
|                       |       +--yes: none [62]
|                       |       +--no:  noHateSpeech [368]
|                       +--no:  Hatespeech [13]
+--no:  f8 > 0.01672549918293953
        +--yes: f230 > -0.17901751399040222
        |       +--yes: f31 > 0.21898040175437927
        |       |       +--yes: none [96]
        |       |       +--no:  f129 > 0.393354594707489
        |       |               +--yes: Hatespeech [6]
        |       |               +--no:  f144 > -0.12988123297691345
        |       |                       +--yes: noHateSpeech [1544]
        |       |                       +--no:  f140 > 0.0751740038394928
        |       |                               +--yes: none [31]
        |       |                               +--no:  f60 > -0.29667073488235474
        |       |                                       +--yes: f3 > -0.27944236993789673
        |       |                                       |       +--yes: f203 > -0.21304064989089966
        |       |                                       |       |       +--yes: f69 > -0.26202088594436646
        |       |                                       |       |       |       +--yes: f150 > -0.09083691239356995
        |       |                                       |       |       |       |       +--yes: f77 > 0.21881063282489777
        |       |                                       |       |       |       |       |       +--yes: noHateSpeech [5]
        |       |                                       |       |       |       |       |       +--no:  f22 > 0.3584330081939697
        |       |                                       |       |       |       |       |               +--yes: noHateSpeech [5]
        |       |                                       |       |       |       |       |               +--no:  f48 > 0.37033510208129883
        |       |                                       |       |       |       |       |                       +--yes: noHateSpeech [5]
        |       |                                       |       |       |       |       |                       +--no:  noHateSpeech [174]
        |       |                                       |       |       |       |       +--no:  noHateSpeech [12]
        |       |                                       |       |       |       +--no:  none [6]
        |       |                                       |       |       +--no:  none [5]
        |       |                                       |       +--no:  none [6]
        |       |                                       +--no:  none [7]
        |       +--no:  f173 > 0.05849942937493324
        |               +--yes: f216 > -0.22850656509399414
        |               |       +--yes: noHateSpeech [53]
        |               |       +--no:  none [10]
        |               +--no:  none [251]
        +--no:  f214 > 0.4979536831378937
                +--yes: f205 > -0.255442351102829
                |       +--yes: f52 > 0.15163028240203857
                |       |       +--yes: f138 > -0.0951944962143898
                |       |       |       +--yes: Sexism [11]
                |       |       |       +--no:  noHateSpeech [6]
                |       |       +--no:  f9 > 0.17227399349212646
                |       |               +--yes: none [38]
                |       |               +--no:  f281 > 0.14158035814762115
                |       |                       +--yes: none [15]
                |       |                       +--no:  f82 > -0.17217811942100525
                |       |                               +--yes: f58 > 0.29413941502571106
                |       |                               |       +--yes: none [7]
                |       |                               |       +--no:  f61 > 0.34322118759155273
                |       |                               |               +--yes: none [5]
                |       |                               |               +--no:  noHateSpeech [105]
                |       |                               +--no:  none [8]
                |       +--no:  none [28]
                +--no:  f154 > -0.3296746611595154
                        +--yes: f205 > -0.4266137480735779
                        |       +--yes: f269 > -0.4936843812465668
                        |       |       +--yes: noHateSpeech [1642]
                        |       |       +--no:  Hatespeech [5]
                        |       +--no:  none [7]
                        +--no:  none [15]

T(70.0) Model
*************

f23 > 0.08717851340770721
+--yes: f118 > 0.11383900046348572
|       +--yes: f29 > -0.3464526832103729
|       |       +--yes: f103 > -0.10972148925065994
|       |       |       +--yes: f249 > -0.08584591001272202
|       |       |       |       +--yes: noHateSpeech [238]
|       |       |       |       +--no:  f111 > -0.16362664103507996
|       |       |       |               +--yes: f208 > 0.09661374986171722
|       |       |       |               |       +--yes: none [41]
|       |       |       |               |       +--no:  f204 > -0.144244983792305
|       |       |       |               |               +--yes: noHateSpeech [30]
|       |       |       |               |               +--no:  none [6]
|       |       |       |               +--no:  Lesbians [14]
|       |       |       +--no:  none [243]
|       |       +--no:  f69 > -0.137922003865242
|       |               +--yes: Lesbians [20]
|       |               +--no:  noHateSpeech [6]
|       +--no:  f260 > 0.07969687879085541
|               +--yes: f291 > -0.24463100731372833
|               |       +--yes: f53 > -0.28135499358177185
|               |       |       +--yes: f285 > 0.2892985939979553
|               |       |       |       +--yes: Hatespeech [6]
|               |       |       |       +--no:  f72 > -0.39747950434684753
|               |       |       |               +--yes: f7 > 0.11092115193605423
|               |       |       |               |       +--yes: noHateSpeech [89]
|               |       |       |               |       +--no:  f153 > -0.1847943365573883
|               |       |       |               |               +--yes: f49 > 0.2880856692790985
|               |       |       |               |               |       +--yes: none [5]
|               |       |       |               |               |       +--no:  f26 > -0.4348383843898773
|               |       |       |               |               |               +--yes: f203 > 0.24190042912960052
|               |       |       |               |               |               |       +--yes: f225 > 0.19769300520420074
|               |       |       |               |               |               |       |       +--yes: Hatespeech [5]
|               |       |       |               |               |               |       |       +--no:  noHateSpeech [19]
|               |       |       |               |               |               |       +--no:  f184 > 0.2176276594400406
|               |       |       |               |               |               |               +--yes: none [5]
|               |       |       |               |               |               |               +--no:  f18 > 0.28749600052833557
|               |       |       |               |               |               |                       +--yes: noHateSpeech [11]
|               |       |       |               |               |               |                       +--no:  f246 > 0.34102073311805725
|               |       |       |               |               |               |                               +--yes: noHateSpeech [8]
|               |       |       |               |               |               |                               +--no:  f198 > -0.22512555122375488
|               |       |       |               |               |               |                                       +--yes: f117 > -0.282640665769577
|               |       |       |               |               |               |                                       |       +--yes: f227 > -0.22659732401371002
|               |       |       |               |               |               |                                       |       |       +--yes: noHateSpeech [238]
|               |       |       |               |               |               |                                       |       |       +--no:  noHateSpeech [7]
|               |       |       |               |               |               |                                       |       +--no:  noHateSpeech [5]
|               |       |       |               |               |               |                                       +--no:  noHateSpeech [20]
|               |       |       |               |               |               +--no:  none [14]
|               |       |       |               |               +--no:  f153 > -0.19899366796016693
|               |       |       |               |                       +--yes: Hatespeech [11]
|               |       |       |               |                       +--no:  f56 > -0.04195483401417732
|               |       |       |               |                               +--yes: noHateSpeech [36]
|               |       |       |               |                               +--no:  none [11]
|               |       |       |               +--no:  Hatespeech [5]
|               |       |       +--no:  none [19]
|               |       +--no:  Hatespeech [5]
|               +--no:  f6 > -0.23620299994945526
|                       +--yes: f257 > 0.2940434217453003
|                       |       +--yes: none [62]
|                       |       +--no:  noHateSpeech [368]
|                       +--no:  Hatespeech [13]
+--no:  f8 > 0.01672549918293953
        +--yes: f230 > -0.17901751399040222
        |       +--yes: f31 > 0.21898040175437927
        |       |       +--yes: none [96]
        |       |       +--no:  f129 > 0.393354594707489
        |       |               +--yes: Hatespeech [6]
        |       |               +--no:  f144 > -0.12988123297691345
        |       |                       +--yes: noHateSpeech [1544]
        |       |                       +--no:  f140 > 0.0751740038394928
        |       |                               +--yes: none [31]
        |       |                               +--no:  f60 > -0.29667073488235474
        |       |                                       +--yes: f3 > -0.27944236993789673
        |       |                                       |       +--yes: f203 > -0.21304064989089966
        |       |                                       |       |       +--yes: f69 > -0.26202088594436646
        |       |                                       |       |       |       +--yes: f150 > -0.09083691239356995
        |       |                                       |       |       |       |       +--yes: f77 > 0.21881063282489777
        |       |                                       |       |       |       |       |       +--yes: noHateSpeech [5]
        |       |                                       |       |       |       |       |       +--no:  f22 > 0.3584330081939697
        |       |                                       |       |       |       |       |               +--yes: noHateSpeech [5]
        |       |                                       |       |       |       |       |               +--no:  f48 > 0.37033510208129883
        |       |                                       |       |       |       |       |                       +--yes: noHateSpeech [5]
        |       |                                       |       |       |       |       |                       +--no:  noHateSpeech [174]
        |       |                                       |       |       |       |       +--no:  noHateSpeech [12]
        |       |                                       |       |       |       +--no:  none [6]
        |       |                                       |       |       +--no:  none [5]
        |       |                                       |       +--no:  none [6]
        |       |                                       +--no:  none [7]
        |       +--no:  f173 > 0.05849942937493324
        |               +--yes: f216 > -0.22850656509399414
        |               |       +--yes: noHateSpeech [53]
        |               |       +--no:  none [10]
        |               +--no:  none [251]
        +--no:  f214 > 0.4979536831378937
                +--yes: f205 > -0.255442351102829
                |       +--yes: f52 > 0.15163028240203857
                |       |       +--yes: f138 > -0.0951944962143898
                |       |       |       +--yes: Sexism [11]
                |       |       |       +--no:  noHateSpeech [6]
                |       |       +--no:  f9 > 0.17227399349212646
                |       |               +--yes: none [38]
                |       |               +--no:  f281 > 0.14158035814762115
                |       |                       +--yes: none [15]
                |       |                       +--no:  f82 > -0.17217811942100525
                |       |                               +--yes: f58 > 0.29413941502571106
                |       |                               |       +--yes: none [7]
                |       |                               |       +--no:  f61 > 0.34322118759155273
                |       |                               |               +--yes: none [5]
                |       |                               |               +--no:  noHateSpeech [105]
                |       |                               +--no:  none [8]
                |       +--no:  none [28]
                +--no:  f154 > -0.3296746611595154
                        +--yes: f205 > -0.4266137480735779
                        |       +--yes: f269 > -0.4936843812465668
                        |       |       +--yes: noHateSpeech [1642]
                        |       |       +--no:  Hatespeech [5]
                        |       +--no:  none [7]
                        +--no:  none [15]

T(72.0) Model
*************

f23 > 0.08717851340770721
+--yes: f118 > 0.11383900046348572
|       +--yes: f29 > -0.3464526832103729
|       |       +--yes: f103 > -0.10972148925065994
|       |       |       +--yes: f249 > -0.08584591001272202
|       |       |       |       +--yes: noHateSpeech [238]
|       |       |       |       +--no:  f111 > -0.16362664103507996
|       |       |       |               +--yes: f208 > 0.09661374986171722
|       |       |       |               |       +--yes: none [41]
|       |       |       |               |       +--no:  f204 > -0.144244983792305
|       |       |       |               |               +--yes: noHateSpeech [30]
|       |       |       |               |               +--no:  none [6]
|       |       |       |               +--no:  Lesbians [14]
|       |       |       +--no:  none [243]
|       |       +--no:  f69 > -0.137922003865242
|       |               +--yes: Lesbians [20]
|       |               +--no:  noHateSpeech [6]
|       +--no:  f260 > 0.07969687879085541
|               +--yes: f291 > -0.24463100731372833
|               |       +--yes: f53 > -0.28135499358177185
|               |       |       +--yes: f285 > 0.2892985939979553
|               |       |       |       +--yes: Hatespeech [6]
|               |       |       |       +--no:  f72 > -0.39747950434684753
|               |       |       |               +--yes: f7 > 0.11092115193605423
|               |       |       |               |       +--yes: none [89]
|               |       |       |               |       +--no:  f153 > -0.1847943365573883
|               |       |       |               |               +--yes: f49 > 0.2880856692790985
|               |       |       |               |               |       +--yes: none [5]
|               |       |       |               |               |       +--no:  f26 > -0.4348383843898773
|               |       |       |               |               |               +--yes: f203 > 0.24190042912960052
|               |       |       |               |               |               |       +--yes: f225 > 0.19769300520420074
|               |       |       |               |               |               |       |       +--yes: Hatespeech [5]
|               |       |       |               |               |               |       |       +--no:  noHateSpeech [19]
|               |       |       |               |               |               |       +--no:  f184 > 0.2176276594400406
|               |       |       |               |               |               |               +--yes: none [5]
|               |       |       |               |               |               |               +--no:  f18 > 0.28749600052833557
|               |       |       |               |               |               |                       +--yes: noHateSpeech [11]
|               |       |       |               |               |               |                       +--no:  f246 > 0.34102073311805725
|               |       |       |               |               |               |                               +--yes: noHateSpeech [8]
|               |       |       |               |               |               |                               +--no:  f198 > -0.22512555122375488
|               |       |       |               |               |               |                                       +--yes: f117 > -0.282640665769577
|               |       |       |               |               |               |                                       |       +--yes: f227 > -0.22659732401371002
|               |       |       |               |               |               |                                       |       |       +--yes: noHateSpeech [238]
|               |       |       |               |               |               |                                       |       |       +--no:  noHateSpeech [7]
|               |       |       |               |               |               |                                       |       +--no:  noHateSpeech [5]
|               |       |       |               |               |               |                                       +--no:  noHateSpeech [20]
|               |       |       |               |               |               +--no:  none [14]
|               |       |       |               |               +--no:  f153 > -0.19899366796016693
|               |       |       |               |                       +--yes: Hatespeech [11]
|               |       |       |               |                       +--no:  f56 > -0.04195483401417732
|               |       |       |               |                               +--yes: noHateSpeech [36]
|               |       |       |               |                               +--no:  none [11]
|               |       |       |               +--no:  Hatespeech [5]
|               |       |       +--no:  none [19]
|               |       +--no:  Hatespeech [5]
|               +--no:  f6 > -0.23620299994945526
|                       +--yes: f257 > 0.2940434217453003
|                       |       +--yes: none [62]
|                       |       +--no:  noHateSpeech [368]
|                       +--no:  Hatespeech [13]
+--no:  f8 > 0.01672549918293953
        +--yes: f230 > -0.17901751399040222
        |       +--yes: f31 > 0.21898040175437927
        |       |       +--yes: none [96]
        |       |       +--no:  f129 > 0.393354594707489
        |       |               +--yes: Hatespeech [6]
        |       |               +--no:  f144 > -0.12988123297691345
        |       |                       +--yes: noHateSpeech [1544]
        |       |                       +--no:  f140 > 0.0751740038394928
        |       |                               +--yes: none [31]
        |       |                               +--no:  f60 > -0.29667073488235474
        |       |                                       +--yes: f3 > -0.27944236993789673
        |       |                                       |       +--yes: f203 > -0.21304064989089966
        |       |                                       |       |       +--yes: f69 > -0.26202088594436646
        |       |                                       |       |       |       +--yes: f150 > -0.09083691239356995
        |       |                                       |       |       |       |       +--yes: f77 > 0.21881063282489777
        |       |                                       |       |       |       |       |       +--yes: noHateSpeech [5]
        |       |                                       |       |       |       |       |       +--no:  f22 > 0.3584330081939697
        |       |                                       |       |       |       |       |               +--yes: noHateSpeech [5]
        |       |                                       |       |       |       |       |               +--no:  f48 > 0.37033510208129883
        |       |                                       |       |       |       |       |                       +--yes: noHateSpeech [5]
        |       |                                       |       |       |       |       |                       +--no:  noHateSpeech [174]
        |       |                                       |       |       |       |       +--no:  noHateSpeech [12]
        |       |                                       |       |       |       +--no:  none [6]
        |       |                                       |       |       +--no:  none [5]
        |       |                                       |       +--no:  none [6]
        |       |                                       +--no:  none [7]
        |       +--no:  f173 > 0.05849942937493324
        |               +--yes: f216 > -0.22850656509399414
        |               |       +--yes: noHateSpeech [53]
        |               |       +--no:  none [10]
        |               +--no:  none [251]
        +--no:  f214 > 0.4979536831378937
                +--yes: f205 > -0.255442351102829
                |       +--yes: f52 > 0.15163028240203857
                |       |       +--yes: f138 > -0.0951944962143898
                |       |       |       +--yes: Sexism [11]
                |       |       |       +--no:  noHateSpeech [6]
                |       |       +--no:  f9 > 0.17227399349212646
                |       |               +--yes: none [38]
                |       |               +--no:  f281 > 0.14158035814762115
                |       |                       +--yes: none [15]
                |       |                       +--no:  f82 > -0.17217811942100525
                |       |                               +--yes: f58 > 0.29413941502571106
                |       |                               |       +--yes: none [7]
                |       |                               |       +--no:  f61 > 0.34322118759155273
                |       |                               |               +--yes: none [5]
                |       |                               |               +--no:  noHateSpeech [105]
                |       |                               +--no:  none [8]
                |       +--no:  none [28]
                +--no:  f154 > -0.3296746611595154
                        +--yes: f205 > -0.4266137480735779
                        |       +--yes: f269 > -0.4936843812465668
                        |       |       +--yes: noHateSpeech [1642]
                        |       |       +--no:  Hatespeech [5]
                        |       +--no:  none [7]
                        +--no:  none [15]

T(74.0) Model
*************

f23 > 0.08717851340770721
+--yes: f118 > 0.11383900046348572
|       +--yes: f29 > -0.3464526832103729
|       |       +--yes: f103 > -0.10972148925065994
|       |       |       +--yes: f249 > -0.08584591001272202
|       |       |       |       +--yes: none [238]
|       |       |       |       +--no:  f111 > -0.16362664103507996
|       |       |       |               +--yes: f208 > 0.09661374986171722
|       |       |       |               |       +--yes: none [41]
|       |       |       |               |       +--no:  f204 > -0.144244983792305
|       |       |       |               |               +--yes: noHateSpeech [30]
|       |       |       |               |               +--no:  none [6]
|       |       |       |               +--no:  Lesbians [14]
|       |       |       +--no:  none [243]
|       |       +--no:  f69 > -0.137922003865242
|       |               +--yes: Lesbians [20]
|       |               +--no:  noHateSpeech [6]
|       +--no:  f260 > 0.07969687879085541
|               +--yes: f291 > -0.24463100731372833
|               |       +--yes: f53 > -0.28135499358177185
|               |       |       +--yes: f285 > 0.2892985939979553
|               |       |       |       +--yes: Hatespeech [6]
|               |       |       |       +--no:  f72 > -0.39747950434684753
|               |       |       |               +--yes: f7 > 0.11092115193605423
|               |       |       |               |       +--yes: none [89]
|               |       |       |               |       +--no:  f153 > -0.1847943365573883
|               |       |       |               |               +--yes: f49 > 0.2880856692790985
|               |       |       |               |               |       +--yes: none [5]
|               |       |       |               |               |       +--no:  f26 > -0.4348383843898773
|               |       |       |               |               |               +--yes: f203 > 0.24190042912960052
|               |       |       |               |               |               |       +--yes: f225 > 0.19769300520420074
|               |       |       |               |               |               |       |       +--yes: Hatespeech [5]
|               |       |       |               |               |               |       |       +--no:  noHateSpeech [19]
|               |       |       |               |               |               |       +--no:  f184 > 0.2176276594400406
|               |       |       |               |               |               |               +--yes: none [5]
|               |       |       |               |               |               |               +--no:  f18 > 0.28749600052833557
|               |       |       |               |               |               |                       +--yes: none [11]
|               |       |       |               |               |               |                       +--no:  f246 > 0.34102073311805725
|               |       |       |               |               |               |                               +--yes: noHateSpeech [8]
|               |       |       |               |               |               |                               +--no:  f198 > -0.22512555122375488
|               |       |       |               |               |               |                                       +--yes: f117 > -0.282640665769577
|               |       |       |               |               |               |                                       |       +--yes: f227 > -0.22659732401371002
|               |       |       |               |               |               |                                       |       |       +--yes: noHateSpeech [238]
|               |       |       |               |               |               |                                       |       |       +--no:  noHateSpeech [7]
|               |       |       |               |               |               |                                       |       +--no:  noHateSpeech [5]
|               |       |       |               |               |               |                                       +--no:  noHateSpeech [20]
|               |       |       |               |               |               +--no:  none [14]
|               |       |       |               |               +--no:  f153 > -0.19899366796016693
|               |       |       |               |                       +--yes: none [11]
|               |       |       |               |                       +--no:  f56 > -0.04195483401417732
|               |       |       |               |                               +--yes: noHateSpeech [36]
|               |       |       |               |                               +--no:  none [11]
|               |       |       |               +--no:  Hatespeech [5]
|               |       |       +--no:  none [19]
|               |       +--no:  Hatespeech [5]
|               +--no:  f6 > -0.23620299994945526
|                       +--yes: f257 > 0.2940434217453003
|                       |       +--yes: none [62]
|                       |       +--no:  noHateSpeech [368]
|                       +--no:  Hatespeech [13]
+--no:  f8 > 0.01672549918293953
        +--yes: f230 > -0.17901751399040222
        |       +--yes: f31 > 0.21898040175437927
        |       |       +--yes: none [96]
        |       |       +--no:  f129 > 0.393354594707489
        |       |               +--yes: Hatespeech [6]
        |       |               +--no:  f144 > -0.12988123297691345
        |       |                       +--yes: noHateSpeech [1544]
        |       |                       +--no:  f140 > 0.0751740038394928
        |       |                               +--yes: none [31]
        |       |                               +--no:  f60 > -0.29667073488235474
        |       |                                       +--yes: f3 > -0.27944236993789673
        |       |                                       |       +--yes: f203 > -0.21304064989089966
        |       |                                       |       |       +--yes: f69 > -0.26202088594436646
        |       |                                       |       |       |       +--yes: f150 > -0.09083691239356995
        |       |                                       |       |       |       |       +--yes: f77 > 0.21881063282489777
        |       |                                       |       |       |       |       |       +--yes: noHateSpeech [5]
        |       |                                       |       |       |       |       |       +--no:  f22 > 0.3584330081939697
        |       |                                       |       |       |       |       |               +--yes: noHateSpeech [5]
        |       |                                       |       |       |       |       |               +--no:  f48 > 0.37033510208129883
        |       |                                       |       |       |       |       |                       +--yes: noHateSpeech [5]
        |       |                                       |       |       |       |       |                       +--no:  noHateSpeech [174]
        |       |                                       |       |       |       |       +--no:  noHateSpeech [12]
        |       |                                       |       |       |       +--no:  none [6]
        |       |                                       |       |       +--no:  none [5]
        |       |                                       |       +--no:  none [6]
        |       |                                       +--no:  none [7]
        |       +--no:  f173 > 0.05849942937493324
        |               +--yes: f216 > -0.22850656509399414
        |               |       +--yes: noHateSpeech [53]
        |               |       +--no:  none [10]
        |               +--no:  none [251]
        +--no:  f214 > 0.4979536831378937
                +--yes: f205 > -0.255442351102829
                |       +--yes: f52 > 0.15163028240203857
                |       |       +--yes: f138 > -0.0951944962143898
                |       |       |       +--yes: Hatespeech [11]
                |       |       |       +--no:  noHateSpeech [6]
                |       |       +--no:  f9 > 0.17227399349212646
                |       |               +--yes: none [38]
                |       |               +--no:  f281 > 0.14158035814762115
                |       |                       +--yes: none [15]
                |       |                       +--no:  f82 > -0.17217811942100525
                |       |                               +--yes: f58 > 0.29413941502571106
                |       |                               |       +--yes: none [7]
                |       |                               |       +--no:  f61 > 0.34322118759155273
                |       |                               |               +--yes: none [5]
                |       |                               |               +--no:  noHateSpeech [105]
                |       |                               +--no:  none [8]
                |       +--no:  none [28]
                +--no:  f154 > -0.3296746611595154
                        +--yes: f205 > -0.4266137480735779
                        |       +--yes: f269 > -0.4936843812465668
                        |       |       +--yes: noHateSpeech [1642]
                        |       |       +--no:  Hatespeech [5]
                        |       +--no:  none [7]
                        +--no:  none [15]

T(76.0) Model
*************

f23 > 0.08717851340770721
+--yes: f118 > 0.11383900046348572
|       +--yes: f29 > -0.3464526832103729
|       |       +--yes: f103 > -0.10972148925065994
|       |       |       +--yes: f249 > -0.08584591001272202
|       |       |       |       +--yes: none [238]
|       |       |       |       +--no:  f111 > -0.16362664103507996
|       |       |       |               +--yes: f208 > 0.09661374986171722
|       |       |       |               |       +--yes: none [41]
|       |       |       |               |       +--no:  f204 > -0.144244983792305
|       |       |       |               |               +--yes: noHateSpeech [30]
|       |       |       |               |               +--no:  none [6]
|       |       |       |               +--no:  Lesbians [14]
|       |       |       +--no:  none [243]
|       |       +--no:  f69 > -0.137922003865242
|       |               +--yes: Lesbians [20]
|       |               +--no:  noHateSpeech [6]
|       +--no:  f260 > 0.07969687879085541
|               +--yes: f291 > -0.24463100731372833
|               |       +--yes: f53 > -0.28135499358177185
|               |       |       +--yes: f285 > 0.2892985939979553
|               |       |       |       +--yes: Hatespeech [6]
|               |       |       |       +--no:  f72 > -0.39747950434684753
|               |       |       |               +--yes: f7 > 0.11092115193605423
|               |       |       |               |       +--yes: none [89]
|               |       |       |               |       +--no:  f153 > -0.1847943365573883
|               |       |       |               |               +--yes: f49 > 0.2880856692790985
|               |       |       |               |               |       +--yes: none [5]
|               |       |       |               |               |       +--no:  f26 > -0.4348383843898773
|               |       |       |               |               |               +--yes: f203 > 0.24190042912960052
|               |       |       |               |               |               |       +--yes: f225 > 0.19769300520420074
|               |       |       |               |               |               |       |       +--yes: Hatespeech [5]
|               |       |       |               |               |               |       |       +--no:  noHateSpeech [19]
|               |       |       |               |               |               |       +--no:  f184 > 0.2176276594400406
|               |       |       |               |               |               |               +--yes: none [5]
|               |       |       |               |               |               |               +--no:  f18 > 0.28749600052833557
|               |       |       |               |               |               |                       +--yes: none [11]
|               |       |       |               |               |               |                       +--no:  f246 > 0.34102073311805725
|               |       |       |               |               |               |                               +--yes: none [8]
|               |       |       |               |               |               |                               +--no:  f198 > -0.22512555122375488
|               |       |       |               |               |               |                                       +--yes: f117 > -0.282640665769577
|               |       |       |               |               |               |                                       |       +--yes: f227 > -0.22659732401371002
|               |       |       |               |               |               |                                       |       |       +--yes: noHateSpeech [238]
|               |       |       |               |               |               |                                       |       |       +--no:  noHateSpeech [7]
|               |       |       |               |               |               |                                       |       +--no:  noHateSpeech [5]
|               |       |       |               |               |               |                                       +--no:  noHateSpeech [20]
|               |       |       |               |               |               +--no:  none [14]
|               |       |       |               |               +--no:  f153 > -0.19899366796016693
|               |       |       |               |                       +--yes: none [11]
|               |       |       |               |                       +--no:  f56 > -0.04195483401417732
|               |       |       |               |                               +--yes: noHateSpeech [36]
|               |       |       |               |                               +--no:  none [11]
|               |       |       |               +--no:  Hatespeech [5]
|               |       |       +--no:  none [19]
|               |       +--no:  Hatespeech [5]
|               +--no:  f6 > -0.23620299994945526
|                       +--yes: f257 > 0.2940434217453003
|                       |       +--yes: none [62]
|                       |       +--no:  none [368]
|                       +--no:  Hatespeech [13]
+--no:  f8 > 0.01672549918293953
        +--yes: f230 > -0.17901751399040222
        |       +--yes: f31 > 0.21898040175437927
        |       |       +--yes: none [96]
        |       |       +--no:  f129 > 0.393354594707489
        |       |               +--yes: Hatespeech [6]
        |       |               +--no:  f144 > -0.12988123297691345
        |       |                       +--yes: noHateSpeech [1544]
        |       |                       +--no:  f140 > 0.0751740038394928
        |       |                               +--yes: none [31]
        |       |                               +--no:  f60 > -0.29667073488235474
        |       |                                       +--yes: f3 > -0.27944236993789673
        |       |                                       |       +--yes: f203 > -0.21304064989089966
        |       |                                       |       |       +--yes: f69 > -0.26202088594436646
        |       |                                       |       |       |       +--yes: f150 > -0.09083691239356995
        |       |                                       |       |       |       |       +--yes: f77 > 0.21881063282489777
        |       |                                       |       |       |       |       |       +--yes: noHateSpeech [5]
        |       |                                       |       |       |       |       |       +--no:  f22 > 0.3584330081939697
        |       |                                       |       |       |       |       |               +--yes: noHateSpeech [5]
        |       |                                       |       |       |       |       |               +--no:  f48 > 0.37033510208129883
        |       |                                       |       |       |       |       |                       +--yes: noHateSpeech [5]
        |       |                                       |       |       |       |       |                       +--no:  noHateSpeech [174]
        |       |                                       |       |       |       |       +--no:  none [12]
        |       |                                       |       |       |       +--no:  none [6]
        |       |                                       |       |       +--no:  none [5]
        |       |                                       |       +--no:  none [6]
        |       |                                       +--no:  none [7]
        |       +--no:  f173 > 0.05849942937493324
        |               +--yes: f216 > -0.22850656509399414
        |               |       +--yes: noHateSpeech [53]
        |               |       +--no:  none [10]
        |               +--no:  none [251]
        +--no:  f214 > 0.4979536831378937
                +--yes: f205 > -0.255442351102829
                |       +--yes: f52 > 0.15163028240203857
                |       |       +--yes: f138 > -0.0951944962143898
                |       |       |       +--yes: Hatespeech [11]
                |       |       |       +--no:  noHateSpeech [6]
                |       |       +--no:  f9 > 0.17227399349212646
                |       |               +--yes: none [38]
                |       |               +--no:  f281 > 0.14158035814762115
                |       |                       +--yes: none [15]
                |       |                       +--no:  f82 > -0.17217811942100525
                |       |                               +--yes: f58 > 0.29413941502571106
                |       |                               |       +--yes: none [7]
                |       |                               |       +--no:  f61 > 0.34322118759155273
                |       |                               |               +--yes: none [5]
                |       |                               |               +--no:  noHateSpeech [105]
                |       |                               +--no:  none [8]
                |       +--no:  none [28]
                +--no:  f154 > -0.3296746611595154
                        +--yes: f205 > -0.4266137480735779
                        |       +--yes: f269 > -0.4936843812465668
                        |       |       +--yes: noHateSpeech [1642]
                        |       |       +--no:  Hatespeech [5]
                        |       +--no:  none [7]
                        +--no:  none [15]

T(78.0) Model
*************

f23 > 0.08717851340770721
+--yes: f118 > 0.11383900046348572
|       +--yes: f29 > -0.3464526832103729
|       |       +--yes: f103 > -0.10972148925065994
|       |       |       +--yes: f249 > -0.08584591001272202
|       |       |       |       +--yes: none [238]
|       |       |       |       +--no:  f111 > -0.16362664103507996
|       |       |       |               +--yes: f208 > 0.09661374986171722
|       |       |       |               |       +--yes: none [41]
|       |       |       |               |       +--no:  f204 > -0.144244983792305
|       |       |       |               |               +--yes: noHateSpeech [30]
|       |       |       |               |               +--no:  none [6]
|       |       |       |               +--no:  Lesbians [14]
|       |       |       +--no:  none [243]
|       |       +--no:  f69 > -0.137922003865242
|       |               +--yes: Lesbians [20]
|       |               +--no:  noHateSpeech [6]
|       +--no:  f260 > 0.07969687879085541
|               +--yes: f291 > -0.24463100731372833
|               |       +--yes: f53 > -0.28135499358177185
|               |       |       +--yes: f285 > 0.2892985939979553
|               |       |       |       +--yes: Hatespeech [6]
|               |       |       |       +--no:  f72 > -0.39747950434684753
|               |       |       |               +--yes: f7 > 0.11092115193605423
|               |       |       |               |       +--yes: none [89]
|               |       |       |               |       +--no:  f153 > -0.1847943365573883
|               |       |       |               |               +--yes: f49 > 0.2880856692790985
|               |       |       |               |               |       +--yes: none [5]
|               |       |       |               |               |       +--no:  f26 > -0.4348383843898773
|               |       |       |               |               |               +--yes: f203 > 0.24190042912960052
|               |       |       |               |               |               |       +--yes: f225 > 0.19769300520420074
|               |       |       |               |               |               |       |       +--yes: Hatespeech [5]
|               |       |       |               |               |               |       |       +--no:  noHateSpeech [19]
|               |       |       |               |               |               |       +--no:  f184 > 0.2176276594400406
|               |       |       |               |               |               |               +--yes: none [5]
|               |       |       |               |               |               |               +--no:  f18 > 0.28749600052833557
|               |       |       |               |               |               |                       +--yes: none [11]
|               |       |       |               |               |               |                       +--no:  f246 > 0.34102073311805725
|               |       |       |               |               |               |                               +--yes: none [8]
|               |       |       |               |               |               |                               +--no:  f198 > -0.22512555122375488
|               |       |       |               |               |               |                                       +--yes: f117 > -0.282640665769577
|               |       |       |               |               |               |                                       |       +--yes: f227 > -0.22659732401371002
|               |       |       |               |               |               |                                       |       |       +--yes: noHateSpeech [238]
|               |       |       |               |               |               |                                       |       |       +--no:  noHateSpeech [7]
|               |       |       |               |               |               |                                       |       +--no:  noHateSpeech [5]
|               |       |       |               |               |               |                                       +--no:  noHateSpeech [20]
|               |       |       |               |               |               +--no:  none [14]
|               |       |       |               |               +--no:  f153 > -0.19899366796016693
|               |       |       |               |                       +--yes: none [11]
|               |       |       |               |                       +--no:  f56 > -0.04195483401417732
|               |       |       |               |                               +--yes: noHateSpeech [36]
|               |       |       |               |                               +--no:  none [11]
|               |       |       |               +--no:  Hatespeech [5]
|               |       |       +--no:  none [19]
|               |       +--no:  Hatespeech [5]
|               +--no:  f6 > -0.23620299994945526
|                       +--yes: f257 > 0.2940434217453003
|                       |       +--yes: none [62]
|                       |       +--no:  none [368]
|                       +--no:  Hatespeech [13]
+--no:  f8 > 0.01672549918293953
        +--yes: f230 > -0.17901751399040222
        |       +--yes: f31 > 0.21898040175437927
        |       |       +--yes: none [96]
        |       |       +--no:  f129 > 0.393354594707489
        |       |               +--yes: Hatespeech [6]
        |       |               +--no:  f144 > -0.12988123297691345
        |       |                       +--yes: noHateSpeech [1544]
        |       |                       +--no:  f140 > 0.0751740038394928
        |       |                               +--yes: none [31]
        |       |                               +--no:  f60 > -0.29667073488235474
        |       |                                       +--yes: f3 > -0.27944236993789673
        |       |                                       |       +--yes: f203 > -0.21304064989089966
        |       |                                       |       |       +--yes: f69 > -0.26202088594436646
        |       |                                       |       |       |       +--yes: f150 > -0.09083691239356995
        |       |                                       |       |       |       |       +--yes: f77 > 0.21881063282489777
        |       |                                       |       |       |       |       |       +--yes: noHateSpeech [5]
        |       |                                       |       |       |       |       |       +--no:  f22 > 0.3584330081939697
        |       |                                       |       |       |       |       |               +--yes: noHateSpeech [5]
        |       |                                       |       |       |       |       |               +--no:  f48 > 0.37033510208129883
        |       |                                       |       |       |       |       |                       +--yes: noHateSpeech [5]
        |       |                                       |       |       |       |       |                       +--no:  noHateSpeech [174]
        |       |                                       |       |       |       |       +--no:  none [12]
        |       |                                       |       |       |       +--no:  none [6]
        |       |                                       |       |       +--no:  none [5]
        |       |                                       |       +--no:  none [6]
        |       |                                       +--no:  none [7]
        |       +--no:  f173 > 0.05849942937493324
        |               +--yes: f216 > -0.22850656509399414
        |               |       +--yes: noHateSpeech [53]
        |               |       +--no:  none [10]
        |               +--no:  none [251]
        +--no:  f214 > 0.4979536831378937
                +--yes: f205 > -0.255442351102829
                |       +--yes: f52 > 0.15163028240203857
                |       |       +--yes: f138 > -0.0951944962143898
                |       |       |       +--yes: Hatespeech [11]
                |       |       |       +--no:  noHateSpeech [6]
                |       |       +--no:  f9 > 0.17227399349212646
                |       |               +--yes: none [38]
                |       |               +--no:  f281 > 0.14158035814762115
                |       |                       +--yes: none [15]
                |       |                       +--no:  f82 > -0.17217811942100525
                |       |                               +--yes: f58 > 0.29413941502571106
                |       |                               |       +--yes: none [7]
                |       |                               |       +--no:  f61 > 0.34322118759155273
                |       |                               |               +--yes: none [5]
                |       |                               |               +--no:  noHateSpeech [105]
                |       |                               +--no:  none [8]
                |       +--no:  none [28]
                +--no:  f154 > -0.3296746611595154
                        +--yes: f205 > -0.4266137480735779
                        |       +--yes: f269 > -0.4936843812465668
                        |       |       +--yes: noHateSpeech [1642]
                        |       |       +--no:  Hatespeech [5]
                        |       +--no:  none [7]
                        +--no:  none [15]

T(80.0) Model
*************

f23 > 0.08717851340770721
+--yes: f118 > 0.11383900046348572
|       +--yes: f29 > -0.3464526832103729
|       |       +--yes: f103 > -0.10972148925065994
|       |       |       +--yes: f249 > -0.08584591001272202
|       |       |       |       +--yes: none [238]
|       |       |       |       +--no:  f111 > -0.16362664103507996
|       |       |       |               +--yes: f208 > 0.09661374986171722
|       |       |       |               |       +--yes: none [41]
|       |       |       |               |       +--no:  f204 > -0.144244983792305
|       |       |       |               |               +--yes: noHateSpeech [30]
|       |       |       |               |               +--no:  none [6]
|       |       |       |               +--no:  Lesbians [14]
|       |       |       +--no:  none [243]
|       |       +--no:  f69 > -0.137922003865242
|       |               +--yes: Lesbians [20]
|       |               +--no:  noHateSpeech [6]
|       +--no:  f260 > 0.07969687879085541
|               +--yes: f291 > -0.24463100731372833
|               |       +--yes: f53 > -0.28135499358177185
|               |       |       +--yes: f285 > 0.2892985939979553
|               |       |       |       +--yes: Hatespeech [6]
|               |       |       |       +--no:  f72 > -0.39747950434684753
|               |       |       |               +--yes: f7 > 0.11092115193605423
|               |       |       |               |       +--yes: none [89]
|               |       |       |               |       +--no:  f153 > -0.1847943365573883
|               |       |       |               |               +--yes: f49 > 0.2880856692790985
|               |       |       |               |               |       +--yes: none [5]
|               |       |       |               |               |       +--no:  f26 > -0.4348383843898773
|               |       |       |               |               |               +--yes: f203 > 0.24190042912960052
|               |       |       |               |               |               |       +--yes: f225 > 0.19769300520420074
|               |       |       |               |               |               |       |       +--yes: Hatespeech [5]
|               |       |       |               |               |               |       |       +--no:  noHateSpeech [19]
|               |       |       |               |               |               |       +--no:  f184 > 0.2176276594400406
|               |       |       |               |               |               |               +--yes: none [5]
|               |       |       |               |               |               |               +--no:  f18 > 0.28749600052833557
|               |       |       |               |               |               |                       +--yes: none [11]
|               |       |       |               |               |               |                       +--no:  f246 > 0.34102073311805725
|               |       |       |               |               |               |                               +--yes: none [8]
|               |       |       |               |               |               |                               +--no:  f198 > -0.22512555122375488
|               |       |       |               |               |               |                                       +--yes: f117 > -0.282640665769577
|               |       |       |               |               |               |                                       |       +--yes: f227 > -0.22659732401371002
|               |       |       |               |               |               |                                       |       |       +--yes: noHateSpeech [238]
|               |       |       |               |               |               |                                       |       |       +--no:  noHateSpeech [7]
|               |       |       |               |               |               |                                       |       +--no:  noHateSpeech [5]
|               |       |       |               |               |               |                                       +--no:  noHateSpeech [20]
|               |       |       |               |               |               +--no:  none [14]
|               |       |       |               |               +--no:  f153 > -0.19899366796016693
|               |       |       |               |                       +--yes: none [11]
|               |       |       |               |                       +--no:  f56 > -0.04195483401417732
|               |       |       |               |                               +--yes: noHateSpeech [36]
|               |       |       |               |                               +--no:  none [11]
|               |       |       |               +--no:  Hatespeech [5]
|               |       |       +--no:  none [19]
|               |       +--no:  Hatespeech [5]
|               +--no:  f6 > -0.23620299994945526
|                       +--yes: f257 > 0.2940434217453003
|                       |       +--yes: none [62]
|                       |       +--no:  none [368]
|                       +--no:  Hatespeech [13]
+--no:  f8 > 0.01672549918293953
        +--yes: f230 > -0.17901751399040222
        |       +--yes: f31 > 0.21898040175437927
        |       |       +--yes: none [96]
        |       |       +--no:  f129 > 0.393354594707489
        |       |               +--yes: Hatespeech [6]
        |       |               +--no:  f144 > -0.12988123297691345
        |       |                       +--yes: none [1544]
        |       |                       +--no:  f140 > 0.0751740038394928
        |       |                               +--yes: none [31]
        |       |                               +--no:  f60 > -0.29667073488235474
        |       |                                       +--yes: f3 > -0.27944236993789673
        |       |                                       |       +--yes: f203 > -0.21304064989089966
        |       |                                       |       |       +--yes: f69 > -0.26202088594436646
        |       |                                       |       |       |       +--yes: f150 > -0.09083691239356995
        |       |                                       |       |       |       |       +--yes: f77 > 0.21881063282489777
        |       |                                       |       |       |       |       |       +--yes: noHateSpeech [5]
        |       |                                       |       |       |       |       |       +--no:  f22 > 0.3584330081939697
        |       |                                       |       |       |       |       |               +--yes: noHateSpeech [5]
        |       |                                       |       |       |       |       |               +--no:  f48 > 0.37033510208129883
        |       |                                       |       |       |       |       |                       +--yes: noHateSpeech [5]
        |       |                                       |       |       |       |       |                       +--no:  noHateSpeech [174]
        |       |                                       |       |       |       |       +--no:  none [12]
        |       |                                       |       |       |       +--no:  none [6]
        |       |                                       |       |       +--no:  none [5]
        |       |                                       |       +--no:  none [6]
        |       |                                       +--no:  none [7]
        |       +--no:  f173 > 0.05849942937493324
        |               +--yes: f216 > -0.22850656509399414
        |               |       +--yes: noHateSpeech [53]
        |               |       +--no:  none [10]
        |               +--no:  none [251]
        +--no:  f214 > 0.4979536831378937
                +--yes: f205 > -0.255442351102829
                |       +--yes: f52 > 0.15163028240203857
                |       |       +--yes: f138 > -0.0951944962143898
                |       |       |       +--yes: Hatespeech [11]
                |       |       |       +--no:  noHateSpeech [6]
                |       |       +--no:  f9 > 0.17227399349212646
                |       |               +--yes: none [38]
                |       |               +--no:  f281 > 0.14158035814762115
                |       |                       +--yes: none [15]
                |       |                       +--no:  f82 > -0.17217811942100525
                |       |                               +--yes: f58 > 0.29413941502571106
                |       |                               |       +--yes: none [7]
                |       |                               |       +--no:  f61 > 0.34322118759155273
                |       |                               |               +--yes: none [5]
                |       |                               |               +--no:  noHateSpeech [105]
                |       |                               +--no:  none [8]
                |       +--no:  none [28]
                +--no:  f154 > -0.3296746611595154
                        +--yes: f205 > -0.4266137480735779
                        |       +--yes: f269 > -0.4936843812465668
                        |       |       +--yes: noHateSpeech [1642]
                        |       |       +--no:  Hatespeech [5]
                        |       +--no:  none [7]
                        +--no:  none [15]

T(82.0) Model
*************

f23 > 0.08717851340770721
+--yes: f118 > 0.11383900046348572
|       +--yes: f29 > -0.3464526832103729
|       |       +--yes: f103 > -0.10972148925065994
|       |       |       +--yes: f249 > -0.08584591001272202
|       |       |       |       +--yes: none [238]
|       |       |       |       +--no:  f111 > -0.16362664103507996
|       |       |       |               +--yes: f208 > 0.09661374986171722
|       |       |       |               |       +--yes: none [41]
|       |       |       |               |       +--no:  f204 > -0.144244983792305
|       |       |       |               |               +--yes: noHateSpeech [30]
|       |       |       |               |               +--no:  none [6]
|       |       |       |               +--no:  Lesbians [14]
|       |       |       +--no:  none [243]
|       |       +--no:  f69 > -0.137922003865242
|       |               +--yes: Homossexuals [20]
|       |               +--no:  noHateSpeech [6]
|       +--no:  f260 > 0.07969687879085541
|               +--yes: f291 > -0.24463100731372833
|               |       +--yes: f53 > -0.28135499358177185
|               |       |       +--yes: f285 > 0.2892985939979553
|               |       |       |       +--yes: Hatespeech [6]
|               |       |       |       +--no:  f72 > -0.39747950434684753
|               |       |       |               +--yes: f7 > 0.11092115193605423
|               |       |       |               |       +--yes: none [89]
|               |       |       |               |       +--no:  f153 > -0.1847943365573883
|               |       |       |               |               +--yes: f49 > 0.2880856692790985
|               |       |       |               |               |       +--yes: none [5]
|               |       |       |               |               |       +--no:  f26 > -0.4348383843898773
|               |       |       |               |               |               +--yes: f203 > 0.24190042912960052
|               |       |       |               |               |               |       +--yes: f225 > 0.19769300520420074
|               |       |       |               |               |               |       |       +--yes: Hatespeech [5]
|               |       |       |               |               |               |       |       +--no:  noHateSpeech [19]
|               |       |       |               |               |               |       +--no:  f184 > 0.2176276594400406
|               |       |       |               |               |               |               +--yes: none [5]
|               |       |       |               |               |               |               +--no:  f18 > 0.28749600052833557
|               |       |       |               |               |               |                       +--yes: none [11]
|               |       |       |               |               |               |                       +--no:  f246 > 0.34102073311805725
|               |       |       |               |               |               |                               +--yes: none [8]
|               |       |       |               |               |               |                               +--no:  f198 > -0.22512555122375488
|               |       |       |               |               |               |                                       +--yes: f117 > -0.282640665769577
|               |       |       |               |               |               |                                       |       +--yes: f227 > -0.22659732401371002
|               |       |       |               |               |               |                                       |       |       +--yes: noHateSpeech [238]
|               |       |       |               |               |               |                                       |       |       +--no:  noHateSpeech [7]
|               |       |       |               |               |               |                                       |       +--no:  none [5]
|               |       |       |               |               |               |                                       +--no:  noHateSpeech [20]
|               |       |       |               |               |               +--no:  none [14]
|               |       |       |               |               +--no:  f153 > -0.19899366796016693
|               |       |       |               |                       +--yes: none [11]
|               |       |       |               |                       +--no:  f56 > -0.04195483401417732
|               |       |       |               |                               +--yes: noHateSpeech [36]
|               |       |       |               |                               +--no:  none [11]
|               |       |       |               +--no:  none [5]
|               |       |       +--no:  none [19]
|               |       +--no:  Hatespeech [5]
|               +--no:  f6 > -0.23620299994945526
|                       +--yes: f257 > 0.2940434217453003
|                       |       +--yes: none [62]
|                       |       +--no:  none [368]
|                       +--no:  Hatespeech [13]
+--no:  f8 > 0.01672549918293953
        +--yes: f230 > -0.17901751399040222
        |       +--yes: f31 > 0.21898040175437927
        |       |       +--yes: none [96]
        |       |       +--no:  f129 > 0.393354594707489
        |       |               +--yes: Hatespeech [6]
        |       |               +--no:  f144 > -0.12988123297691345
        |       |                       +--yes: none [1544]
        |       |                       +--no:  f140 > 0.0751740038394928
        |       |                               +--yes: none [31]
        |       |                               +--no:  f60 > -0.29667073488235474
        |       |                                       +--yes: f3 > -0.27944236993789673
        |       |                                       |       +--yes: f203 > -0.21304064989089966
        |       |                                       |       |       +--yes: f69 > -0.26202088594436646
        |       |                                       |       |       |       +--yes: f150 > -0.09083691239356995
        |       |                                       |       |       |       |       +--yes: f77 > 0.21881063282489777
        |       |                                       |       |       |       |       |       +--yes: none [5]
        |       |                                       |       |       |       |       |       +--no:  f22 > 0.3584330081939697
        |       |                                       |       |       |       |       |               +--yes: none [5]
        |       |                                       |       |       |       |       |               +--no:  f48 > 0.37033510208129883
        |       |                                       |       |       |       |       |                       +--yes: none [5]
        |       |                                       |       |       |       |       |                       +--no:  noHateSpeech [174]
        |       |                                       |       |       |       |       +--no:  none [12]
        |       |                                       |       |       |       +--no:  none [6]
        |       |                                       |       |       +--no:  none [5]
        |       |                                       |       +--no:  none [6]
        |       |                                       +--no:  none [7]
        |       +--no:  f173 > 0.05849942937493324
        |               +--yes: f216 > -0.22850656509399414
        |               |       +--yes: noHateSpeech [53]
        |               |       +--no:  none [10]
        |               +--no:  none [251]
        +--no:  f214 > 0.4979536831378937
                +--yes: f205 > -0.255442351102829
                |       +--yes: f52 > 0.15163028240203857
                |       |       +--yes: f138 > -0.0951944962143898
                |       |       |       +--yes: Hatespeech [11]
                |       |       |       +--no:  noHateSpeech [6]
                |       |       +--no:  f9 > 0.17227399349212646
                |       |               +--yes: none [38]
                |       |               +--no:  f281 > 0.14158035814762115
                |       |                       +--yes: none [15]
                |       |                       +--no:  f82 > -0.17217811942100525
                |       |                               +--yes: f58 > 0.29413941502571106
                |       |                               |       +--yes: none [7]
                |       |                               |       +--no:  f61 > 0.34322118759155273
                |       |                               |               +--yes: none [5]
                |       |                               |               +--no:  noHateSpeech [105]
                |       |                               +--no:  none [8]
                |       +--no:  none [28]
                +--no:  f154 > -0.3296746611595154
                        +--yes: f205 > -0.4266137480735779
                        |       +--yes: f269 > -0.4936843812465668
                        |       |       +--yes: noHateSpeech [1642]
                        |       |       +--no:  none [5]
                        |       +--no:  none [7]
                        +--no:  none [15]

T(84.0) Model
*************

f23 > 0.08717851340770721
+--yes: f118 > 0.11383900046348572
|       +--yes: f29 > -0.3464526832103729
|       |       +--yes: f103 > -0.10972148925065994
|       |       |       +--yes: f249 > -0.08584591001272202
|       |       |       |       +--yes: none [238]
|       |       |       |       +--no:  f111 > -0.16362664103507996
|       |       |       |               +--yes: f208 > 0.09661374986171722
|       |       |       |               |       +--yes: none [41]
|       |       |       |               |       +--no:  f204 > -0.144244983792305
|       |       |       |               |               +--yes: noHateSpeech [30]
|       |       |       |               |               +--no:  none [6]
|       |       |       |               +--no:  Lesbians [14]
|       |       |       +--no:  none [243]
|       |       +--no:  f69 > -0.137922003865242
|       |               +--yes: Homossexuals [20]
|       |               +--no:  noHateSpeech [6]
|       +--no:  f260 > 0.07969687879085541
|               +--yes: f291 > -0.24463100731372833
|               |       +--yes: f53 > -0.28135499358177185
|               |       |       +--yes: f285 > 0.2892985939979553
|               |       |       |       +--yes: none [6]
|               |       |       |       +--no:  f72 > -0.39747950434684753
|               |       |       |               +--yes: f7 > 0.11092115193605423
|               |       |       |               |       +--yes: none [89]
|               |       |       |               |       +--no:  f153 > -0.1847943365573883
|               |       |       |               |               +--yes: f49 > 0.2880856692790985
|               |       |       |               |               |       +--yes: none [5]
|               |       |       |               |               |       +--no:  f26 > -0.4348383843898773
|               |       |       |               |               |               +--yes: f203 > 0.24190042912960052
|               |       |       |               |               |               |       +--yes: f225 > 0.19769300520420074
|               |       |       |               |               |               |       |       +--yes: Hatespeech [5]
|               |       |       |               |               |               |       |       +--no:  noHateSpeech [19]
|               |       |       |               |               |               |       +--no:  f184 > 0.2176276594400406
|               |       |       |               |               |               |               +--yes: none [5]
|               |       |       |               |               |               |               +--no:  f18 > 0.28749600052833557
|               |       |       |               |               |               |                       +--yes: none [11]
|               |       |       |               |               |               |                       +--no:  f246 > 0.34102073311805725
|               |       |       |               |               |               |                               +--yes: none [8]
|               |       |       |               |               |               |                               +--no:  f198 > -0.22512555122375488
|               |       |       |               |               |               |                                       +--yes: f117 > -0.282640665769577
|               |       |       |               |               |               |                                       |       +--yes: f227 > -0.22659732401371002
|               |       |       |               |               |               |                                       |       |       +--yes: noHateSpeech [238]
|               |       |       |               |               |               |                                       |       |       +--no:  noHateSpeech [7]
|               |       |       |               |               |               |                                       |       +--no:  none [5]
|               |       |       |               |               |               |                                       +--no:  noHateSpeech [20]
|               |       |       |               |               |               +--no:  none [14]
|               |       |       |               |               +--no:  f153 > -0.19899366796016693
|               |       |       |               |                       +--yes: none [11]
|               |       |       |               |                       +--no:  f56 > -0.04195483401417732
|               |       |       |               |                               +--yes: noHateSpeech [36]
|               |       |       |               |                               +--no:  none [11]
|               |       |       |               +--no:  none [5]
|               |       |       +--no:  none [19]
|               |       +--no:  Hatespeech [5]
|               +--no:  f6 > -0.23620299994945526
|                       +--yes: f257 > 0.2940434217453003
|                       |       +--yes: none [62]
|                       |       +--no:  none [368]
|                       +--no:  Hatespeech [13]
+--no:  f8 > 0.01672549918293953
        +--yes: f230 > -0.17901751399040222
        |       +--yes: f31 > 0.21898040175437927
        |       |       +--yes: none [96]
        |       |       +--no:  f129 > 0.393354594707489
        |       |               +--yes: none [6]
        |       |               +--no:  f144 > -0.12988123297691345
        |       |                       +--yes: none [1544]
        |       |                       +--no:  f140 > 0.0751740038394928
        |       |                               +--yes: none [31]
        |       |                               +--no:  f60 > -0.29667073488235474
        |       |                                       +--yes: f3 > -0.27944236993789673
        |       |                                       |       +--yes: f203 > -0.21304064989089966
        |       |                                       |       |       +--yes: f69 > -0.26202088594436646
        |       |                                       |       |       |       +--yes: f150 > -0.09083691239356995
        |       |                                       |       |       |       |       +--yes: f77 > 0.21881063282489777
        |       |                                       |       |       |       |       |       +--yes: none [5]
        |       |                                       |       |       |       |       |       +--no:  f22 > 0.3584330081939697
        |       |                                       |       |       |       |       |               +--yes: none [5]
        |       |                                       |       |       |       |       |               +--no:  f48 > 0.37033510208129883
        |       |                                       |       |       |       |       |                       +--yes: none [5]
        |       |                                       |       |       |       |       |                       +--no:  noHateSpeech [174]
        |       |                                       |       |       |       |       +--no:  none [12]
        |       |                                       |       |       |       +--no:  none [6]
        |       |                                       |       |       +--no:  none [5]
        |       |                                       |       +--no:  none [6]
        |       |                                       +--no:  none [7]
        |       +--no:  f173 > 0.05849942937493324
        |               +--yes: f216 > -0.22850656509399414
        |               |       +--yes: noHateSpeech [53]
        |               |       +--no:  none [10]
        |               +--no:  none [251]
        +--no:  f214 > 0.4979536831378937
                +--yes: f205 > -0.255442351102829
                |       +--yes: f52 > 0.15163028240203857
                |       |       +--yes: f138 > -0.0951944962143898
                |       |       |       +--yes: Hatespeech [11]
                |       |       |       +--no:  noHateSpeech [6]
                |       |       +--no:  f9 > 0.17227399349212646
                |       |               +--yes: none [38]
                |       |               +--no:  f281 > 0.14158035814762115
                |       |                       +--yes: none [15]
                |       |                       +--no:  f82 > -0.17217811942100525
                |       |                               +--yes: f58 > 0.29413941502571106
                |       |                               |       +--yes: none [7]
                |       |                               |       +--no:  f61 > 0.34322118759155273
                |       |                               |               +--yes: none [5]
                |       |                               |               +--no:  noHateSpeech [105]
                |       |                               +--no:  none [8]
                |       +--no:  none [28]
                +--no:  f154 > -0.3296746611595154
                        +--yes: f205 > -0.4266137480735779
                        |       +--yes: f269 > -0.4936843812465668
                        |       |       +--yes: noHateSpeech [1642]
                        |       |       +--no:  none [5]
                        |       +--no:  none [7]
                        +--no:  none [15]

T(86.0) Model
*************

f23 > 0.08717851340770721
+--yes: f118 > 0.11383900046348572
|       +--yes: f29 > -0.3464526832103729
|       |       +--yes: f103 > -0.10972148925065994
|       |       |       +--yes: f249 > -0.08584591001272202
|       |       |       |       +--yes: none [238]
|       |       |       |       +--no:  f111 > -0.16362664103507996
|       |       |       |               +--yes: f208 > 0.09661374986171722
|       |       |       |               |       +--yes: none [41]
|       |       |       |               |       +--no:  f204 > -0.144244983792305
|       |       |       |               |               +--yes: noHateSpeech [30]
|       |       |       |               |               +--no:  none [6]
|       |       |       |               +--no:  none [14]
|       |       |       +--no:  none [243]
|       |       +--no:  f69 > -0.137922003865242
|       |               +--yes: Hatespeech [20]
|       |               +--no:  noHateSpeech [6]
|       +--no:  f260 > 0.07969687879085541
|               +--yes: f291 > -0.24463100731372833
|               |       +--yes: f53 > -0.28135499358177185
|               |       |       +--yes: f285 > 0.2892985939979553
|               |       |       |       +--yes: none [6]
|               |       |       |       +--no:  f72 > -0.39747950434684753
|               |       |       |               +--yes: f7 > 0.11092115193605423
|               |       |       |               |       +--yes: none [89]
|               |       |       |               |       +--no:  f153 > -0.1847943365573883
|               |       |       |               |               +--yes: f49 > 0.2880856692790985
|               |       |       |               |               |       +--yes: none [5]
|               |       |       |               |               |       +--no:  f26 > -0.4348383843898773
|               |       |       |               |               |               +--yes: f203 > 0.24190042912960052
|               |       |       |               |               |               |       +--yes: f225 > 0.19769300520420074
|               |       |       |               |               |               |       |       +--yes: Hatespeech [5]
|               |       |       |               |               |               |       |       +--no:  noHateSpeech [19]
|               |       |       |               |               |               |       +--no:  f184 > 0.2176276594400406
|               |       |       |               |               |               |               +--yes: none [5]
|               |       |       |               |               |               |               +--no:  f18 > 0.28749600052833557
|               |       |       |               |               |               |                       +--yes: none [11]
|               |       |       |               |               |               |                       +--no:  f246 > 0.34102073311805725
|               |       |       |               |               |               |                               +--yes: none [8]
|               |       |       |               |               |               |                               +--no:  f198 > -0.22512555122375488
|               |       |       |               |               |               |                                       +--yes: f117 > -0.282640665769577
|               |       |       |               |               |               |                                       |       +--yes: f227 > -0.22659732401371002
|               |       |       |               |               |               |                                       |       |       +--yes: noHateSpeech [238]
|               |       |       |               |               |               |                                       |       |       +--no:  none [7]
|               |       |       |               |               |               |                                       |       +--no:  none [5]
|               |       |       |               |               |               |                                       +--no:  none [20]
|               |       |       |               |               |               +--no:  none [14]
|               |       |       |               |               +--no:  f153 > -0.19899366796016693
|               |       |       |               |                       +--yes: none [11]
|               |       |       |               |                       +--no:  f56 > -0.04195483401417732
|               |       |       |               |                               +--yes: noHateSpeech [36]
|               |       |       |               |                               +--no:  none [11]
|               |       |       |               +--no:  none [5]
|               |       |       +--no:  none [19]
|               |       +--no:  Hatespeech [5]
|               +--no:  f6 > -0.23620299994945526
|                       +--yes: f257 > 0.2940434217453003
|                       |       +--yes: none [62]
|                       |       +--no:  none [368]
|                       +--no:  none [13]
+--no:  f8 > 0.01672549918293953
        +--yes: f230 > -0.17901751399040222
        |       +--yes: f31 > 0.21898040175437927
        |       |       +--yes: none [96]
        |       |       +--no:  f129 > 0.393354594707489
        |       |               +--yes: none [6]
        |       |               +--no:  f144 > -0.12988123297691345
        |       |                       +--yes: none [1544]
        |       |                       +--no:  f140 > 0.0751740038394928
        |       |                               +--yes: none [31]
        |       |                               +--no:  f60 > -0.29667073488235474
        |       |                                       +--yes: f3 > -0.27944236993789673
        |       |                                       |       +--yes: f203 > -0.21304064989089966
        |       |                                       |       |       +--yes: f69 > -0.26202088594436646
        |       |                                       |       |       |       +--yes: f150 > -0.09083691239356995
        |       |                                       |       |       |       |       +--yes: f77 > 0.21881063282489777
        |       |                                       |       |       |       |       |       +--yes: none [5]
        |       |                                       |       |       |       |       |       +--no:  f22 > 0.3584330081939697
        |       |                                       |       |       |       |       |               +--yes: none [5]
        |       |                                       |       |       |       |       |               +--no:  f48 > 0.37033510208129883
        |       |                                       |       |       |       |       |                       +--yes: none [5]
        |       |                                       |       |       |       |       |                       +--no:  noHateSpeech [174]
        |       |                                       |       |       |       |       +--no:  none [12]
        |       |                                       |       |       |       +--no:  none [6]
        |       |                                       |       |       +--no:  none [5]
        |       |                                       |       +--no:  none [6]
        |       |                                       +--no:  none [7]
        |       +--no:  f173 > 0.05849942937493324
        |               +--yes: f216 > -0.22850656509399414
        |               |       +--yes: noHateSpeech [53]
        |               |       +--no:  none [10]
        |               +--no:  none [251]
        +--no:  f214 > 0.4979536831378937
                +--yes: f205 > -0.255442351102829
                |       +--yes: f52 > 0.15163028240203857
                |       |       +--yes: f138 > -0.0951944962143898
                |       |       |       +--yes: Hatespeech [11]
                |       |       |       +--no:  noHateSpeech [6]
                |       |       +--no:  f9 > 0.17227399349212646
                |       |               +--yes: none [38]
                |       |               +--no:  f281 > 0.14158035814762115
                |       |                       +--yes: none [15]
                |       |                       +--no:  f82 > -0.17217811942100525
                |       |                               +--yes: f58 > 0.29413941502571106
                |       |                               |       +--yes: none [7]
                |       |                               |       +--no:  f61 > 0.34322118759155273
                |       |                               |               +--yes: none [5]
                |       |                               |               +--no:  noHateSpeech [105]
                |       |                               +--no:  none [8]
                |       +--no:  none [28]
                +--no:  f154 > -0.3296746611595154
                        +--yes: f205 > -0.4266137480735779
                        |       +--yes: f269 > -0.4936843812465668
                        |       |       +--yes: noHateSpeech [1642]
                        |       |       +--no:  none [5]
                        |       +--no:  none [7]
                        +--no:  none [15]

T(88.0) Model
*************

f23 > 0.08717851340770721
+--yes: f118 > 0.11383900046348572
|       +--yes: f29 > -0.3464526832103729
|       |       +--yes: f103 > -0.10972148925065994
|       |       |       +--yes: f249 > -0.08584591001272202
|       |       |       |       +--yes: none [238]
|       |       |       |       +--no:  f111 > -0.16362664103507996
|       |       |       |               +--yes: f208 > 0.09661374986171722
|       |       |       |               |       +--yes: none [41]
|       |       |       |               |       +--no:  f204 > -0.144244983792305
|       |       |       |               |               +--yes: noHateSpeech [30]
|       |       |       |               |               +--no:  none [6]
|       |       |       |               +--no:  none [14]
|       |       |       +--no:  none [243]
|       |       +--no:  f69 > -0.137922003865242
|       |               +--yes: Hatespeech [20]
|       |               +--no:  noHateSpeech [6]
|       +--no:  f260 > 0.07969687879085541
|               +--yes: f291 > -0.24463100731372833
|               |       +--yes: f53 > -0.28135499358177185
|               |       |       +--yes: f285 > 0.2892985939979553
|               |       |       |       +--yes: none [6]
|               |       |       |       +--no:  f72 > -0.39747950434684753
|               |       |       |               +--yes: f7 > 0.11092115193605423
|               |       |       |               |       +--yes: none [89]
|               |       |       |               |       +--no:  f153 > -0.1847943365573883
|               |       |       |               |               +--yes: f49 > 0.2880856692790985
|               |       |       |               |               |       +--yes: none [5]
|               |       |       |               |               |       +--no:  f26 > -0.4348383843898773
|               |       |       |               |               |               +--yes: f203 > 0.24190042912960052
|               |       |       |               |               |               |       +--yes: f225 > 0.19769300520420074
|               |       |       |               |               |               |       |       +--yes: Hatespeech [5]
|               |       |       |               |               |               |       |       +--no:  noHateSpeech [19]
|               |       |       |               |               |               |       +--no:  f184 > 0.2176276594400406
|               |       |       |               |               |               |               +--yes: none [5]
|               |       |       |               |               |               |               +--no:  f18 > 0.28749600052833557
|               |       |       |               |               |               |                       +--yes: none [11]
|               |       |       |               |               |               |                       +--no:  f246 > 0.34102073311805725
|               |       |       |               |               |               |                               +--yes: none [8]
|               |       |       |               |               |               |                               +--no:  f198 > -0.22512555122375488
|               |       |       |               |               |               |                                       +--yes: f117 > -0.282640665769577
|               |       |       |               |               |               |                                       |       +--yes: f227 > -0.22659732401371002
|               |       |       |               |               |               |                                       |       |       +--yes: noHateSpeech [238]
|               |       |       |               |               |               |                                       |       |       +--no:  none [7]
|               |       |       |               |               |               |                                       |       +--no:  none [5]
|               |       |       |               |               |               |                                       +--no:  none [20]
|               |       |       |               |               |               +--no:  none [14]
|               |       |       |               |               +--no:  f153 > -0.19899366796016693
|               |       |       |               |                       +--yes: none [11]
|               |       |       |               |                       +--no:  f56 > -0.04195483401417732
|               |       |       |               |                               +--yes: noHateSpeech [36]
|               |       |       |               |                               +--no:  none [11]
|               |       |       |               +--no:  none [5]
|               |       |       +--no:  none [19]
|               |       +--no:  Hatespeech [5]
|               +--no:  f6 > -0.23620299994945526
|                       +--yes: f257 > 0.2940434217453003
|                       |       +--yes: none [62]
|                       |       +--no:  none [368]
|                       +--no:  none [13]
+--no:  f8 > 0.01672549918293953
        +--yes: f230 > -0.17901751399040222
        |       +--yes: f31 > 0.21898040175437927
        |       |       +--yes: none [96]
        |       |       +--no:  f129 > 0.393354594707489
        |       |               +--yes: none [6]
        |       |               +--no:  f144 > -0.12988123297691345
        |       |                       +--yes: none [1544]
        |       |                       +--no:  f140 > 0.0751740038394928
        |       |                               +--yes: none [31]
        |       |                               +--no:  f60 > -0.29667073488235474
        |       |                                       +--yes: f3 > -0.27944236993789673
        |       |                                       |       +--yes: f203 > -0.21304064989089966
        |       |                                       |       |       +--yes: f69 > -0.26202088594436646
        |       |                                       |       |       |       +--yes: f150 > -0.09083691239356995
        |       |                                       |       |       |       |       +--yes: f77 > 0.21881063282489777
        |       |                                       |       |       |       |       |       +--yes: none [5]
        |       |                                       |       |       |       |       |       +--no:  f22 > 0.3584330081939697
        |       |                                       |       |       |       |       |               +--yes: none [5]
        |       |                                       |       |       |       |       |               +--no:  f48 > 0.37033510208129883
        |       |                                       |       |       |       |       |                       +--yes: none [5]
        |       |                                       |       |       |       |       |                       +--no:  noHateSpeech [174]
        |       |                                       |       |       |       |       +--no:  none [12]
        |       |                                       |       |       |       +--no:  none [6]
        |       |                                       |       |       +--no:  none [5]
        |       |                                       |       +--no:  none [6]
        |       |                                       +--no:  none [7]
        |       +--no:  f173 > 0.05849942937493324
        |               +--yes: f216 > -0.22850656509399414
        |               |       +--yes: noHateSpeech [53]
        |               |       +--no:  none [10]
        |               +--no:  none [251]
        +--no:  f214 > 0.4979536831378937
                +--yes: f205 > -0.255442351102829
                |       +--yes: f52 > 0.15163028240203857
                |       |       +--yes: f138 > -0.0951944962143898
                |       |       |       +--yes: Hatespeech [11]
                |       |       |       +--no:  noHateSpeech [6]
                |       |       +--no:  f9 > 0.17227399349212646
                |       |               +--yes: none [38]
                |       |               +--no:  f281 > 0.14158035814762115
                |       |                       +--yes: none [15]
                |       |                       +--no:  f82 > -0.17217811942100525
                |       |                               +--yes: f58 > 0.29413941502571106
                |       |                               |       +--yes: none [7]
                |       |                               |       +--no:  f61 > 0.34322118759155273
                |       |                               |               +--yes: none [5]
                |       |                               |               +--no:  noHateSpeech [105]
                |       |                               +--no:  none [8]
                |       +--no:  none [28]
                +--no:  f154 > -0.3296746611595154
                        +--yes: f205 > -0.4266137480735779
                        |       +--yes: f269 > -0.4936843812465668
                        |       |       +--yes: none [1642]
                        |       |       +--no:  none [5]
                        |       +--no:  none [7]
                        +--no:  none [15]

T(90.0) Model
*************

f23 > 0.08717851340770721
+--yes: f118 > 0.11383900046348572
|       +--yes: f29 > -0.3464526832103729
|       |       +--yes: f103 > -0.10972148925065994
|       |       |       +--yes: f249 > -0.08584591001272202
|       |       |       |       +--yes: none [238]
|       |       |       |       +--no:  f111 > -0.16362664103507996
|       |       |       |               +--yes: f208 > 0.09661374986171722
|       |       |       |               |       +--yes: none [41]
|       |       |       |               |       +--no:  f204 > -0.144244983792305
|       |       |       |               |               +--yes: noHateSpeech [30]
|       |       |       |               |               +--no:  none [6]
|       |       |       |               +--no:  none [14]
|       |       |       +--no:  none [243]
|       |       +--no:  f69 > -0.137922003865242
|       |               +--yes: Hatespeech [20]
|       |               +--no:  noHateSpeech [6]
|       +--no:  f260 > 0.07969687879085541
|               +--yes: f291 > -0.24463100731372833
|               |       +--yes: f53 > -0.28135499358177185
|               |       |       +--yes: f285 > 0.2892985939979553
|               |       |       |       +--yes: none [6]
|               |       |       |       +--no:  f72 > -0.39747950434684753
|               |       |       |               +--yes: f7 > 0.11092115193605423
|               |       |       |               |       +--yes: none [89]
|               |       |       |               |       +--no:  f153 > -0.1847943365573883
|               |       |       |               |               +--yes: f49 > 0.2880856692790985
|               |       |       |               |               |       +--yes: none [5]
|               |       |       |               |               |       +--no:  f26 > -0.4348383843898773
|               |       |       |               |               |               +--yes: f203 > 0.24190042912960052
|               |       |       |               |               |               |       +--yes: f225 > 0.19769300520420074
|               |       |       |               |               |               |       |       +--yes: Hatespeech [5]
|               |       |       |               |               |               |       |       +--no:  noHateSpeech [19]
|               |       |       |               |               |               |       +--no:  f184 > 0.2176276594400406
|               |       |       |               |               |               |               +--yes: none [5]
|               |       |       |               |               |               |               +--no:  f18 > 0.28749600052833557
|               |       |       |               |               |               |                       +--yes: none [11]
|               |       |       |               |               |               |                       +--no:  f246 > 0.34102073311805725
|               |       |       |               |               |               |                               +--yes: none [8]
|               |       |       |               |               |               |                               +--no:  f198 > -0.22512555122375488
|               |       |       |               |               |               |                                       +--yes: f117 > -0.282640665769577
|               |       |       |               |               |               |                                       |       +--yes: f227 > -0.22659732401371002
|               |       |       |               |               |               |                                       |       |       +--yes: noHateSpeech [238]
|               |       |       |               |               |               |                                       |       |       +--no:  none [7]
|               |       |       |               |               |               |                                       |       +--no:  none [5]
|               |       |       |               |               |               |                                       +--no:  none [20]
|               |       |       |               |               |               +--no:  none [14]
|               |       |       |               |               +--no:  f153 > -0.19899366796016693
|               |       |       |               |                       +--yes: none [11]
|               |       |       |               |                       +--no:  f56 > -0.04195483401417732
|               |       |       |               |                               +--yes: noHateSpeech [36]
|               |       |       |               |                               +--no:  none [11]
|               |       |       |               +--no:  none [5]
|               |       |       +--no:  none [19]
|               |       +--no:  Hatespeech [5]
|               +--no:  f6 > -0.23620299994945526
|                       +--yes: f257 > 0.2940434217453003
|                       |       +--yes: none [62]
|                       |       +--no:  none [368]
|                       +--no:  none [13]
+--no:  f8 > 0.01672549918293953
        +--yes: f230 > -0.17901751399040222
        |       +--yes: f31 > 0.21898040175437927
        |       |       +--yes: none [96]
        |       |       +--no:  f129 > 0.393354594707489
        |       |               +--yes: none [6]
        |       |               +--no:  f144 > -0.12988123297691345
        |       |                       +--yes: none [1544]
        |       |                       +--no:  f140 > 0.0751740038394928
        |       |                               +--yes: none [31]
        |       |                               +--no:  f60 > -0.29667073488235474
        |       |                                       +--yes: f3 > -0.27944236993789673
        |       |                                       |       +--yes: f203 > -0.21304064989089966
        |       |                                       |       |       +--yes: f69 > -0.26202088594436646
        |       |                                       |       |       |       +--yes: f150 > -0.09083691239356995
        |       |                                       |       |       |       |       +--yes: f77 > 0.21881063282489777
        |       |                                       |       |       |       |       |       +--yes: none [5]
        |       |                                       |       |       |       |       |       +--no:  f22 > 0.3584330081939697
        |       |                                       |       |       |       |       |               +--yes: none [5]
        |       |                                       |       |       |       |       |               +--no:  f48 > 0.37033510208129883
        |       |                                       |       |       |       |       |                       +--yes: none [5]
        |       |                                       |       |       |       |       |                       +--no:  noHateSpeech [174]
        |       |                                       |       |       |       |       +--no:  none [12]
        |       |                                       |       |       |       +--no:  none [6]
        |       |                                       |       |       +--no:  none [5]
        |       |                                       |       +--no:  none [6]
        |       |                                       +--no:  none [7]
        |       +--no:  f173 > 0.05849942937493324
        |               +--yes: f216 > -0.22850656509399414
        |               |       +--yes: noHateSpeech [53]
        |               |       +--no:  none [10]
        |               +--no:  none [251]
        +--no:  f214 > 0.4979536831378937
                +--yes: f205 > -0.255442351102829
                |       +--yes: f52 > 0.15163028240203857
                |       |       +--yes: f138 > -0.0951944962143898
                |       |       |       +--yes: Hatespeech [11]
                |       |       |       +--no:  noHateSpeech [6]
                |       |       +--no:  f9 > 0.17227399349212646
                |       |               +--yes: none [38]
                |       |               +--no:  f281 > 0.14158035814762115
                |       |                       +--yes: none [15]
                |       |                       +--no:  f82 > -0.17217811942100525
                |       |                               +--yes: f58 > 0.29413941502571106
                |       |                               |       +--yes: none [7]
                |       |                               |       +--no:  f61 > 0.34322118759155273
                |       |                               |               +--yes: none [5]
                |       |                               |               +--no:  noHateSpeech [105]
                |       |                               +--no:  none [8]
                |       +--no:  none [28]
                +--no:  f154 > -0.3296746611595154
                        +--yes: f205 > -0.4266137480735779
                        |       +--yes: f269 > -0.4936843812465668
                        |       |       +--yes: none [1642]
                        |       |       +--no:  none [5]
                        |       +--no:  none [7]
                        +--no:  none [15]

T(92.0) Model
*************

f23 > 0.08717851340770721
+--yes: f118 > 0.11383900046348572
|       +--yes: f29 > -0.3464526832103729
|       |       +--yes: f103 > -0.10972148925065994
|       |       |       +--yes: f249 > -0.08584591001272202
|       |       |       |       +--yes: none [238]
|       |       |       |       +--no:  f111 > -0.16362664103507996
|       |       |       |               +--yes: f208 > 0.09661374986171722
|       |       |       |               |       +--yes: none [41]
|       |       |       |               |       +--no:  f204 > -0.144244983792305
|       |       |       |               |               +--yes: noHateSpeech [30]
|       |       |       |               |               +--no:  none [6]
|       |       |       |               +--no:  none [14]
|       |       |       +--no:  none [243]
|       |       +--no:  f69 > -0.137922003865242
|       |               +--yes: Hatespeech [20]
|       |               +--no:  noHateSpeech [6]
|       +--no:  f260 > 0.07969687879085541
|               +--yes: f291 > -0.24463100731372833
|               |       +--yes: f53 > -0.28135499358177185
|               |       |       +--yes: f285 > 0.2892985939979553
|               |       |       |       +--yes: none [6]
|               |       |       |       +--no:  f72 > -0.39747950434684753
|               |       |       |               +--yes: f7 > 0.11092115193605423
|               |       |       |               |       +--yes: none [89]
|               |       |       |               |       +--no:  f153 > -0.1847943365573883
|               |       |       |               |               +--yes: f49 > 0.2880856692790985
|               |       |       |               |               |       +--yes: none [5]
|               |       |       |               |               |       +--no:  f26 > -0.4348383843898773
|               |       |       |               |               |               +--yes: f203 > 0.24190042912960052
|               |       |       |               |               |               |       +--yes: f225 > 0.19769300520420074
|               |       |       |               |               |               |       |       +--yes: Hatespeech [5]
|               |       |       |               |               |               |       |       +--no:  noHateSpeech [19]
|               |       |       |               |               |               |       +--no:  f184 > 0.2176276594400406
|               |       |       |               |               |               |               +--yes: none [5]
|               |       |       |               |               |               |               +--no:  f18 > 0.28749600052833557
|               |       |       |               |               |               |                       +--yes: none [11]
|               |       |       |               |               |               |                       +--no:  f246 > 0.34102073311805725
|               |       |       |               |               |               |                               +--yes: none [8]
|               |       |       |               |               |               |                               +--no:  f198 > -0.22512555122375488
|               |       |       |               |               |               |                                       +--yes: f117 > -0.282640665769577
|               |       |       |               |               |               |                                       |       +--yes: f227 > -0.22659732401371002
|               |       |       |               |               |               |                                       |       |       +--yes: noHateSpeech [238]
|               |       |       |               |               |               |                                       |       |       +--no:  none [7]
|               |       |       |               |               |               |                                       |       +--no:  none [5]
|               |       |       |               |               |               |                                       +--no:  none [20]
|               |       |       |               |               |               +--no:  none [14]
|               |       |       |               |               +--no:  f153 > -0.19899366796016693
|               |       |       |               |                       +--yes: none [11]
|               |       |       |               |                       +--no:  f56 > -0.04195483401417732
|               |       |       |               |                               +--yes: noHateSpeech [36]
|               |       |       |               |                               +--no:  none [11]
|               |       |       |               +--no:  none [5]
|               |       |       +--no:  none [19]
|               |       +--no:  Hatespeech [5]
|               +--no:  f6 > -0.23620299994945526
|                       +--yes: f257 > 0.2940434217453003
|                       |       +--yes: none [62]
|                       |       +--no:  none [368]
|                       +--no:  none [13]
+--no:  f8 > 0.01672549918293953
        +--yes: f230 > -0.17901751399040222
        |       +--yes: f31 > 0.21898040175437927
        |       |       +--yes: none [96]
        |       |       +--no:  f129 > 0.393354594707489
        |       |               +--yes: none [6]
        |       |               +--no:  f144 > -0.12988123297691345
        |       |                       +--yes: none [1544]
        |       |                       +--no:  f140 > 0.0751740038394928
        |       |                               +--yes: none [31]
        |       |                               +--no:  f60 > -0.29667073488235474
        |       |                                       +--yes: f3 > -0.27944236993789673
        |       |                                       |       +--yes: f203 > -0.21304064989089966
        |       |                                       |       |       +--yes: f69 > -0.26202088594436646
        |       |                                       |       |       |       +--yes: f150 > -0.09083691239356995
        |       |                                       |       |       |       |       +--yes: f77 > 0.21881063282489777
        |       |                                       |       |       |       |       |       +--yes: none [5]
        |       |                                       |       |       |       |       |       +--no:  f22 > 0.3584330081939697
        |       |                                       |       |       |       |       |               +--yes: none [5]
        |       |                                       |       |       |       |       |               +--no:  f48 > 0.37033510208129883
        |       |                                       |       |       |       |       |                       +--yes: none [5]
        |       |                                       |       |       |       |       |                       +--no:  noHateSpeech [174]
        |       |                                       |       |       |       |       +--no:  none [12]
        |       |                                       |       |       |       +--no:  none [6]
        |       |                                       |       |       +--no:  none [5]
        |       |                                       |       +--no:  none [6]
        |       |                                       +--no:  none [7]
        |       +--no:  f173 > 0.05849942937493324
        |               +--yes: f216 > -0.22850656509399414
        |               |       +--yes: noHateSpeech [53]
        |               |       +--no:  none [10]
        |               +--no:  none [251]
        +--no:  f214 > 0.4979536831378937
                +--yes: f205 > -0.255442351102829
                |       +--yes: f52 > 0.15163028240203857
                |       |       +--yes: f138 > -0.0951944962143898
                |       |       |       +--yes: Hatespeech [11]
                |       |       |       +--no:  noHateSpeech [6]
                |       |       +--no:  f9 > 0.17227399349212646
                |       |               +--yes: none [38]
                |       |               +--no:  f281 > 0.14158035814762115
                |       |                       +--yes: none [15]
                |       |                       +--no:  f82 > -0.17217811942100525
                |       |                               +--yes: f58 > 0.29413941502571106
                |       |                               |       +--yes: none [7]
                |       |                               |       +--no:  f61 > 0.34322118759155273
                |       |                               |               +--yes: none [5]
                |       |                               |               +--no:  noHateSpeech [105]
                |       |                               +--no:  none [8]
                |       +--no:  none [28]
                +--no:  f154 > -0.3296746611595154
                        +--yes: f205 > -0.4266137480735779
                        |       +--yes: f269 > -0.4936843812465668
                        |       |       +--yes: none [1642]
                        |       |       +--no:  none [5]
                        |       +--no:  none [7]
                        +--no:  none [15]

T(94.0) Model
*************

f23 > 0.08717851340770721
+--yes: f118 > 0.11383900046348572
|       +--yes: f29 > -0.3464526832103729
|       |       +--yes: f103 > -0.10972148925065994
|       |       |       +--yes: f249 > -0.08584591001272202
|       |       |       |       +--yes: none [238]
|       |       |       |       +--no:  f111 > -0.16362664103507996
|       |       |       |               +--yes: f208 > 0.09661374986171722
|       |       |       |               |       +--yes: none [41]
|       |       |       |               |       +--no:  f204 > -0.144244983792305
|       |       |       |               |               +--yes: noHateSpeech [30]
|       |       |       |               |               +--no:  none [6]
|       |       |       |               +--no:  none [14]
|       |       |       +--no:  none [243]
|       |       +--no:  f69 > -0.137922003865242
|       |               +--yes: Hatespeech [20]
|       |               +--no:  noHateSpeech [6]
|       +--no:  f260 > 0.07969687879085541
|               +--yes: f291 > -0.24463100731372833
|               |       +--yes: f53 > -0.28135499358177185
|               |       |       +--yes: f285 > 0.2892985939979553
|               |       |       |       +--yes: none [6]
|               |       |       |       +--no:  f72 > -0.39747950434684753
|               |       |       |               +--yes: f7 > 0.11092115193605423
|               |       |       |               |       +--yes: none [89]
|               |       |       |               |       +--no:  f153 > -0.1847943365573883
|               |       |       |               |               +--yes: f49 > 0.2880856692790985
|               |       |       |               |               |       +--yes: none [5]
|               |       |       |               |               |       +--no:  f26 > -0.4348383843898773
|               |       |       |               |               |               +--yes: f203 > 0.24190042912960052
|               |       |       |               |               |               |       +--yes: f225 > 0.19769300520420074
|               |       |       |               |               |               |       |       +--yes: Hatespeech [5]
|               |       |       |               |               |               |       |       +--no:  noHateSpeech [19]
|               |       |       |               |               |               |       +--no:  f184 > 0.2176276594400406
|               |       |       |               |               |               |               +--yes: none [5]
|               |       |       |               |               |               |               +--no:  f18 > 0.28749600052833557
|               |       |       |               |               |               |                       +--yes: none [11]
|               |       |       |               |               |               |                       +--no:  f246 > 0.34102073311805725
|               |       |       |               |               |               |                               +--yes: none [8]
|               |       |       |               |               |               |                               +--no:  f198 > -0.22512555122375488
|               |       |       |               |               |               |                                       +--yes: f117 > -0.282640665769577
|               |       |       |               |               |               |                                       |       +--yes: f227 > -0.22659732401371002
|               |       |       |               |               |               |                                       |       |       +--yes: noHateSpeech [238]
|               |       |       |               |               |               |                                       |       |       +--no:  none [7]
|               |       |       |               |               |               |                                       |       +--no:  none [5]
|               |       |       |               |               |               |                                       +--no:  none [20]
|               |       |       |               |               |               +--no:  none [14]
|               |       |       |               |               +--no:  f153 > -0.19899366796016693
|               |       |       |               |                       +--yes: none [11]
|               |       |       |               |                       +--no:  f56 > -0.04195483401417732
|               |       |       |               |                               +--yes: noHateSpeech [36]
|               |       |       |               |                               +--no:  none [11]
|               |       |       |               +--no:  none [5]
|               |       |       +--no:  none [19]
|               |       +--no:  Hatespeech [5]
|               +--no:  f6 > -0.23620299994945526
|                       +--yes: f257 > 0.2940434217453003
|                       |       +--yes: none [62]
|                       |       +--no:  none [368]
|                       +--no:  none [13]
+--no:  f8 > 0.01672549918293953
        +--yes: f230 > -0.17901751399040222
        |       +--yes: f31 > 0.21898040175437927
        |       |       +--yes: none [96]
        |       |       +--no:  f129 > 0.393354594707489
        |       |               +--yes: none [6]
        |       |               +--no:  f144 > -0.12988123297691345
        |       |                       +--yes: none [1544]
        |       |                       +--no:  f140 > 0.0751740038394928
        |       |                               +--yes: none [31]
        |       |                               +--no:  f60 > -0.29667073488235474
        |       |                                       +--yes: f3 > -0.27944236993789673
        |       |                                       |       +--yes: f203 > -0.21304064989089966
        |       |                                       |       |       +--yes: f69 > -0.26202088594436646
        |       |                                       |       |       |       +--yes: f150 > -0.09083691239356995
        |       |                                       |       |       |       |       +--yes: f77 > 0.21881063282489777
        |       |                                       |       |       |       |       |       +--yes: none [5]
        |       |                                       |       |       |       |       |       +--no:  f22 > 0.3584330081939697
        |       |                                       |       |       |       |       |               +--yes: none [5]
        |       |                                       |       |       |       |       |               +--no:  f48 > 0.37033510208129883
        |       |                                       |       |       |       |       |                       +--yes: none [5]
        |       |                                       |       |       |       |       |                       +--no:  noHateSpeech [174]
        |       |                                       |       |       |       |       +--no:  none [12]
        |       |                                       |       |       |       +--no:  none [6]
        |       |                                       |       |       +--no:  none [5]
        |       |                                       |       +--no:  none [6]
        |       |                                       +--no:  none [7]
        |       +--no:  f173 > 0.05849942937493324
        |               +--yes: f216 > -0.22850656509399414
        |               |       +--yes: noHateSpeech [53]
        |               |       +--no:  none [10]
        |               +--no:  none [251]
        +--no:  f214 > 0.4979536831378937
                +--yes: f205 > -0.255442351102829
                |       +--yes: f52 > 0.15163028240203857
                |       |       +--yes: f138 > -0.0951944962143898
                |       |       |       +--yes: Hatespeech [11]
                |       |       |       +--no:  noHateSpeech [6]
                |       |       +--no:  f9 > 0.17227399349212646
                |       |               +--yes: none [38]
                |       |               +--no:  f281 > 0.14158035814762115
                |       |                       +--yes: none [15]
                |       |                       +--no:  f82 > -0.17217811942100525
                |       |                               +--yes: f58 > 0.29413941502571106
                |       |                               |       +--yes: none [7]
                |       |                               |       +--no:  f61 > 0.34322118759155273
                |       |                               |               +--yes: none [5]
                |       |                               |               +--no:  noHateSpeech [105]
                |       |                               +--no:  none [8]
                |       +--no:  none [28]
                +--no:  f154 > -0.3296746611595154
                        +--yes: f205 > -0.4266137480735779
                        |       +--yes: f269 > -0.4936843812465668
                        |       |       +--yes: none [1642]
                        |       |       +--no:  none [5]
                        |       +--no:  none [7]
                        +--no:  none [15]

T(96.0) Model
*************

f23 > 0.08717851340770721
+--yes: f118 > 0.11383900046348572
|       +--yes: f29 > -0.3464526832103729
|       |       +--yes: f103 > -0.10972148925065994
|       |       |       +--yes: f249 > -0.08584591001272202
|       |       |       |       +--yes: none [238]
|       |       |       |       +--no:  f111 > -0.16362664103507996
|       |       |       |               +--yes: f208 > 0.09661374986171722
|       |       |       |               |       +--yes: none [41]
|       |       |       |               |       +--no:  f204 > -0.144244983792305
|       |       |       |               |               +--yes: noHateSpeech [30]
|       |       |       |               |               +--no:  none [6]
|       |       |       |               +--no:  none [14]
|       |       |       +--no:  none [243]
|       |       +--no:  f69 > -0.137922003865242
|       |               +--yes: none [20]
|       |               +--no:  noHateSpeech [6]
|       +--no:  f260 > 0.07969687879085541
|               +--yes: f291 > -0.24463100731372833
|               |       +--yes: f53 > -0.28135499358177185
|               |       |       +--yes: f285 > 0.2892985939979553
|               |       |       |       +--yes: none [6]
|               |       |       |       +--no:  f72 > -0.39747950434684753
|               |       |       |               +--yes: f7 > 0.11092115193605423
|               |       |       |               |       +--yes: none [89]
|               |       |       |               |       +--no:  f153 > -0.1847943365573883
|               |       |       |               |               +--yes: f49 > 0.2880856692790985
|               |       |       |               |               |       +--yes: none [5]
|               |       |       |               |               |       +--no:  f26 > -0.4348383843898773
|               |       |       |               |               |               +--yes: f203 > 0.24190042912960052
|               |       |       |               |               |               |       +--yes: f225 > 0.19769300520420074
|               |       |       |               |               |               |       |       +--yes: Hatespeech [5]
|               |       |       |               |               |               |       |       +--no:  none [19]
|               |       |       |               |               |               |       +--no:  f184 > 0.2176276594400406
|               |       |       |               |               |               |               +--yes: none [5]
|               |       |       |               |               |               |               +--no:  f18 > 0.28749600052833557
|               |       |       |               |               |               |                       +--yes: none [11]
|               |       |       |               |               |               |                       +--no:  f246 > 0.34102073311805725
|               |       |       |               |               |               |                               +--yes: none [8]
|               |       |       |               |               |               |                               +--no:  f198 > -0.22512555122375488
|               |       |       |               |               |               |                                       +--yes: f117 > -0.282640665769577
|               |       |       |               |               |               |                                       |       +--yes: f227 > -0.22659732401371002
|               |       |       |               |               |               |                                       |       |       +--yes: noHateSpeech [238]
|               |       |       |               |               |               |                                       |       |       +--no:  none [7]
|               |       |       |               |               |               |                                       |       +--no:  none [5]
|               |       |       |               |               |               |                                       +--no:  none [20]
|               |       |       |               |               |               +--no:  none [14]
|               |       |       |               |               +--no:  f153 > -0.19899366796016693
|               |       |       |               |                       +--yes: none [11]
|               |       |       |               |                       +--no:  f56 > -0.04195483401417732
|               |       |       |               |                               +--yes: none [36]
|               |       |       |               |                               +--no:  none [11]
|               |       |       |               +--no:  none [5]
|               |       |       +--no:  none [19]
|               |       +--no:  Hatespeech [5]
|               +--no:  f6 > -0.23620299994945526
|                       +--yes: f257 > 0.2940434217453003
|                       |       +--yes: none [62]
|                       |       +--no:  none [368]
|                       +--no:  none [13]
+--no:  f8 > 0.01672549918293953
        +--yes: f230 > -0.17901751399040222
        |       +--yes: f31 > 0.21898040175437927
        |       |       +--yes: none [96]
        |       |       +--no:  f129 > 0.393354594707489
        |       |               +--yes: none [6]
        |       |               +--no:  f144 > -0.12988123297691345
        |       |                       +--yes: none [1544]
        |       |                       +--no:  f140 > 0.0751740038394928
        |       |                               +--yes: none [31]
        |       |                               +--no:  f60 > -0.29667073488235474
        |       |                                       +--yes: f3 > -0.27944236993789673
        |       |                                       |       +--yes: f203 > -0.21304064989089966
        |       |                                       |       |       +--yes: f69 > -0.26202088594436646
        |       |                                       |       |       |       +--yes: f150 > -0.09083691239356995
        |       |                                       |       |       |       |       +--yes: f77 > 0.21881063282489777
        |       |                                       |       |       |       |       |       +--yes: none [5]
        |       |                                       |       |       |       |       |       +--no:  f22 > 0.3584330081939697
        |       |                                       |       |       |       |       |               +--yes: none [5]
        |       |                                       |       |       |       |       |               +--no:  f48 > 0.37033510208129883
        |       |                                       |       |       |       |       |                       +--yes: none [5]
        |       |                                       |       |       |       |       |                       +--no:  noHateSpeech [174]
        |       |                                       |       |       |       |       +--no:  none [12]
        |       |                                       |       |       |       +--no:  none [6]
        |       |                                       |       |       +--no:  none [5]
        |       |                                       |       +--no:  none [6]
        |       |                                       +--no:  none [7]
        |       +--no:  f173 > 0.05849942937493324
        |               +--yes: f216 > -0.22850656509399414
        |               |       +--yes: noHateSpeech [53]
        |               |       +--no:  none [10]
        |               +--no:  none [251]
        +--no:  f214 > 0.4979536831378937
                +--yes: f205 > -0.255442351102829
                |       +--yes: f52 > 0.15163028240203857
                |       |       +--yes: f138 > -0.0951944962143898
                |       |       |       +--yes: Hatespeech [11]
                |       |       |       +--no:  noHateSpeech [6]
                |       |       +--no:  f9 > 0.17227399349212646
                |       |               +--yes: none [38]
                |       |               +--no:  f281 > 0.14158035814762115
                |       |                       +--yes: none [15]
                |       |                       +--no:  f82 > -0.17217811942100525
                |       |                               +--yes: f58 > 0.29413941502571106
                |       |                               |       +--yes: none [7]
                |       |                               |       +--no:  f61 > 0.34322118759155273
                |       |                               |               +--yes: none [5]
                |       |                               |               +--no:  noHateSpeech [105]
                |       |                               +--no:  none [8]
                |       +--no:  none [28]
                +--no:  f154 > -0.3296746611595154
                        +--yes: f205 > -0.4266137480735779
                        |       +--yes: f269 > -0.4936843812465668
                        |       |       +--yes: none [1642]
                        |       |       +--no:  none [5]
                        |       +--no:  none [7]
                        +--no:  none [15]

T(98.0) Model
*************

f23 > 0.08717851340770721
+--yes: f118 > 0.11383900046348572
|       +--yes: f29 > -0.3464526832103729
|       |       +--yes: f103 > -0.10972148925065994
|       |       |       +--yes: f249 > -0.08584591001272202
|       |       |       |       +--yes: none [238]
|       |       |       |       +--no:  f111 > -0.16362664103507996
|       |       |       |               +--yes: f208 > 0.09661374986171722
|       |       |       |               |       +--yes: none [41]
|       |       |       |               |       +--no:  f204 > -0.144244983792305
|       |       |       |               |               +--yes: none [30]
|       |       |       |               |               +--no:  none [6]
|       |       |       |               +--no:  none [14]
|       |       |       +--no:  none [243]
|       |       +--no:  f69 > -0.137922003865242
|       |               +--yes: none [20]
|       |               +--no:  noHateSpeech [6]
|       +--no:  f260 > 0.07969687879085541
|               +--yes: f291 > -0.24463100731372833
|               |       +--yes: f53 > -0.28135499358177185
|               |       |       +--yes: f285 > 0.2892985939979553
|               |       |       |       +--yes: none [6]
|               |       |       |       +--no:  f72 > -0.39747950434684753
|               |       |       |               +--yes: f7 > 0.11092115193605423
|               |       |       |               |       +--yes: none [89]
|               |       |       |               |       +--no:  f153 > -0.1847943365573883
|               |       |       |               |               +--yes: f49 > 0.2880856692790985
|               |       |       |               |               |       +--yes: none [5]
|               |       |       |               |               |       +--no:  f26 > -0.4348383843898773
|               |       |       |               |               |               +--yes: f203 > 0.24190042912960052
|               |       |       |               |               |               |       +--yes: f225 > 0.19769300520420074
|               |       |       |               |               |               |       |       +--yes: Hatespeech [5]
|               |       |       |               |               |               |       |       +--no:  none [19]
|               |       |       |               |               |               |       +--no:  f184 > 0.2176276594400406
|               |       |       |               |               |               |               +--yes: none [5]
|               |       |       |               |               |               |               +--no:  f18 > 0.28749600052833557
|               |       |       |               |               |               |                       +--yes: none [11]
|               |       |       |               |               |               |                       +--no:  f246 > 0.34102073311805725
|               |       |       |               |               |               |                               +--yes: none [8]
|               |       |       |               |               |               |                               +--no:  f198 > -0.22512555122375488
|               |       |       |               |               |               |                                       +--yes: f117 > -0.282640665769577
|               |       |       |               |               |               |                                       |       +--yes: f227 > -0.22659732401371002
|               |       |       |               |               |               |                                       |       |       +--yes: noHateSpeech [238]
|               |       |       |               |               |               |                                       |       |       +--no:  none [7]
|               |       |       |               |               |               |                                       |       +--no:  none [5]
|               |       |       |               |               |               |                                       +--no:  none [20]
|               |       |       |               |               |               +--no:  none [14]
|               |       |       |               |               +--no:  f153 > -0.19899366796016693
|               |       |       |               |                       +--yes: none [11]
|               |       |       |               |                       +--no:  f56 > -0.04195483401417732
|               |       |       |               |                               +--yes: none [36]
|               |       |       |               |                               +--no:  none [11]
|               |       |       |               +--no:  none [5]
|               |       |       +--no:  none [19]
|               |       +--no:  Hatespeech [5]
|               +--no:  f6 > -0.23620299994945526
|                       +--yes: f257 > 0.2940434217453003
|                       |       +--yes: none [62]
|                       |       +--no:  none [368]
|                       +--no:  none [13]
+--no:  f8 > 0.01672549918293953
        +--yes: f230 > -0.17901751399040222
        |       +--yes: f31 > 0.21898040175437927
        |       |       +--yes: none [96]
        |       |       +--no:  f129 > 0.393354594707489
        |       |               +--yes: none [6]
        |       |               +--no:  f144 > -0.12988123297691345
        |       |                       +--yes: none [1544]
        |       |                       +--no:  f140 > 0.0751740038394928
        |       |                               +--yes: none [31]
        |       |                               +--no:  f60 > -0.29667073488235474
        |       |                                       +--yes: f3 > -0.27944236993789673
        |       |                                       |       +--yes: f203 > -0.21304064989089966
        |       |                                       |       |       +--yes: f69 > -0.26202088594436646
        |       |                                       |       |       |       +--yes: f150 > -0.09083691239356995
        |       |                                       |       |       |       |       +--yes: f77 > 0.21881063282489777
        |       |                                       |       |       |       |       |       +--yes: none [5]
        |       |                                       |       |       |       |       |       +--no:  f22 > 0.3584330081939697
        |       |                                       |       |       |       |       |               +--yes: none [5]
        |       |                                       |       |       |       |       |               +--no:  f48 > 0.37033510208129883
        |       |                                       |       |       |       |       |                       +--yes: none [5]
        |       |                                       |       |       |       |       |                       +--no:  noHateSpeech [174]
        |       |                                       |       |       |       |       +--no:  none [12]
        |       |                                       |       |       |       +--no:  none [6]
        |       |                                       |       |       +--no:  none [5]
        |       |                                       |       +--no:  none [6]
        |       |                                       +--no:  none [7]
        |       +--no:  f173 > 0.05849942937493324
        |               +--yes: f216 > -0.22850656509399414
        |               |       +--yes: noHateSpeech [53]
        |               |       +--no:  none [10]
        |               +--no:  none [251]
        +--no:  f214 > 0.4979536831378937
                +--yes: f205 > -0.255442351102829
                |       +--yes: f52 > 0.15163028240203857
                |       |       +--yes: f138 > -0.0951944962143898
                |       |       |       +--yes: Hatespeech [11]
                |       |       |       +--no:  noHateSpeech [6]
                |       |       +--no:  f9 > 0.17227399349212646
                |       |               +--yes: none [38]
                |       |               +--no:  f281 > 0.14158035814762115
                |       |                       +--yes: none [15]
                |       |                       +--no:  f82 > -0.17217811942100525
                |       |                               +--yes: f58 > 0.29413941502571106
                |       |                               |       +--yes: none [7]
                |       |                               |       +--no:  f61 > 0.34322118759155273
                |       |                               |               +--yes: none [5]
                |       |                               |               +--no:  noHateSpeech [105]
                |       |                               +--no:  none [8]
                |       +--no:  none [28]
                +--no:  f154 > -0.3296746611595154
                        +--yes: f205 > -0.4266137480735779
                        |       +--yes: f269 > -0.4936843812465668
                        |       |       +--yes: none [1642]
                        |       |       +--no:  none [5]
                        |       +--no:  none [7]
                        +--no:  none [15]

T(100.0) Model
**************

f23 > 0.08717851340770721
+--yes: f118 > 0.11383900046348572
|       +--yes: f29 > -0.3464526832103729
|       |       +--yes: f103 > -0.10972148925065994
|       |       |       +--yes: f249 > -0.08584591001272202
|       |       |       |       +--yes: none [238]
|       |       |       |       +--no:  f111 > -0.16362664103507996
|       |       |       |               +--yes: f208 > 0.09661374986171722
|       |       |       |               |       +--yes: none [41]
|       |       |       |               |       +--no:  f204 > -0.144244983792305
|       |       |       |               |               +--yes: none [30]
|       |       |       |               |               +--no:  none [6]
|       |       |       |               +--no:  none [14]
|       |       |       +--no:  none [243]
|       |       +--no:  f69 > -0.137922003865242
|       |               +--yes: none [20]
|       |               +--no:  noHateSpeech [6]
|       +--no:  f260 > 0.07969687879085541
|               +--yes: f291 > -0.24463100731372833
|               |       +--yes: f53 > -0.28135499358177185
|               |       |       +--yes: f285 > 0.2892985939979553
|               |       |       |       +--yes: none [6]
|               |       |       |       +--no:  f72 > -0.39747950434684753
|               |       |       |               +--yes: f7 > 0.11092115193605423
|               |       |       |               |       +--yes: none [89]
|               |       |       |               |       +--no:  f153 > -0.1847943365573883
|               |       |       |               |               +--yes: f49 > 0.2880856692790985
|               |       |       |               |               |       +--yes: none [5]
|               |       |       |               |               |       +--no:  f26 > -0.4348383843898773
|               |       |       |               |               |               +--yes: f203 > 0.24190042912960052
|               |       |       |               |               |               |       +--yes: f225 > 0.19769300520420074
|               |       |       |               |               |               |       |       +--yes: Hatespeech [5]
|               |       |       |               |               |               |       |       +--no:  none [19]
|               |       |       |               |               |               |       +--no:  f184 > 0.2176276594400406
|               |       |       |               |               |               |               +--yes: none [5]
|               |       |       |               |               |               |               +--no:  f18 > 0.28749600052833557
|               |       |       |               |               |               |                       +--yes: none [11]
|               |       |       |               |               |               |                       +--no:  f246 > 0.34102073311805725
|               |       |       |               |               |               |                               +--yes: none [8]
|               |       |       |               |               |               |                               +--no:  f198 > -0.22512555122375488
|               |       |       |               |               |               |                                       +--yes: f117 > -0.282640665769577
|               |       |       |               |               |               |                                       |       +--yes: f227 > -0.22659732401371002
|               |       |       |               |               |               |                                       |       |       +--yes: noHateSpeech [238]
|               |       |       |               |               |               |                                       |       |       +--no:  none [7]
|               |       |       |               |               |               |                                       |       +--no:  none [5]
|               |       |       |               |               |               |                                       +--no:  none [20]
|               |       |       |               |               |               +--no:  none [14]
|               |       |       |               |               +--no:  f153 > -0.19899366796016693
|               |       |       |               |                       +--yes: none [11]
|               |       |       |               |                       +--no:  f56 > -0.04195483401417732
|               |       |       |               |                               +--yes: none [36]
|               |       |       |               |                               +--no:  none [11]
|               |       |       |               +--no:  none [5]
|               |       |       +--no:  none [19]
|               |       +--no:  Hatespeech [5]
|               +--no:  f6 > -0.23620299994945526
|                       +--yes: f257 > 0.2940434217453003
|                       |       +--yes: none [62]
|                       |       +--no:  none [368]
|                       +--no:  none [13]
+--no:  f8 > 0.01672549918293953
        +--yes: f230 > -0.17901751399040222
        |       +--yes: f31 > 0.21898040175437927
        |       |       +--yes: none [96]
        |       |       +--no:  f129 > 0.393354594707489
        |       |               +--yes: none [6]
        |       |               +--no:  f144 > -0.12988123297691345
        |       |                       +--yes: none [1544]
        |       |                       +--no:  f140 > 0.0751740038394928
        |       |                               +--yes: none [31]
        |       |                               +--no:  f60 > -0.29667073488235474
        |       |                                       +--yes: f3 > -0.27944236993789673
        |       |                                       |       +--yes: f203 > -0.21304064989089966
        |       |                                       |       |       +--yes: f69 > -0.26202088594436646
        |       |                                       |       |       |       +--yes: f150 > -0.09083691239356995
        |       |                                       |       |       |       |       +--yes: f77 > 0.21881063282489777
        |       |                                       |       |       |       |       |       +--yes: none [5]
        |       |                                       |       |       |       |       |       +--no:  f22 > 0.3584330081939697
        |       |                                       |       |       |       |       |               +--yes: none [5]
        |       |                                       |       |       |       |       |               +--no:  f48 > 0.37033510208129883
        |       |                                       |       |       |       |       |                       +--yes: none [5]
        |       |                                       |       |       |       |       |                       +--no:  noHateSpeech [174]
        |       |                                       |       |       |       |       +--no:  none [12]
        |       |                                       |       |       |       +--no:  none [6]
        |       |                                       |       |       +--no:  none [5]
        |       |                                       |       +--no:  none [6]
        |       |                                       +--no:  none [7]
        |       +--no:  f173 > 0.05849942937493324
        |               +--yes: f216 > -0.22850656509399414
        |               |       +--yes: none [53]
        |               |       +--no:  none [10]
        |               +--no:  none [251]
        +--no:  f214 > 0.4979536831378937
                +--yes: f205 > -0.255442351102829
                |       +--yes: f52 > 0.15163028240203857
                |       |       +--yes: f138 > -0.0951944962143898
                |       |       |       +--yes: Hatespeech [11]
                |       |       |       +--no:  noHateSpeech [6]
                |       |       +--no:  f9 > 0.17227399349212646
                |       |               +--yes: none [38]
                |       |               +--no:  f281 > 0.14158035814762115
                |       |                       +--yes: none [15]
                |       |                       +--no:  f82 > -0.17217811942100525
                |       |                               +--yes: f58 > 0.29413941502571106
                |       |                               |       +--yes: none [7]
                |       |                               |       +--no:  f61 > 0.34322118759155273
                |       |                               |               +--yes: none [5]
                |       |                               |               +--no:  none [105]
                |       |                               +--no:  none [8]
                |       +--no:  none [28]
                +--no:  f154 > -0.3296746611595154
                        +--yes: f205 > -0.4266137480735779
                        |       +--yes: f269 > -0.4936843812465668
                        |       |       +--yes: none [1642]
                        |       |       +--no:  none [5]
                        |       +--no:  none [7]
                        +--no:  none [15]

